experiment_id,design_id,condition_id,timestamp,span_m,root_chord_m,tip_chord_m,taper_ratio,sweep_deg,twist_deg,airfoil_id,wing_area_m2,aspect_ratio,mean_aerodynamic_chord_m,velocity_mps,aoa_deg,air_density,CL,CD,LD,solver_name,solver_status,iterations,residual_final,runtime_sec,config_hash,seed,experiment_tag
baseline_phase1_20260608T162505Z_d3c044325798,wing_000000,v15_a-5,2026-06-08T16:25:05.723646+00:00,1.5608662508171884,0.26020556006031886,0.10215867231353062,0.39260756876159364,8.093175585326684,-2.084715243667255,NACA4412,0.28280105040780945,8.61490241789013,0.19267093346653016,15.0,-5.0,1.225,-0.17454201814051873,0.00852428306547153,-20.475859001857742,analytic,converged,1,0.0,1.950003206729889e-05,d3c044325798,42,phase1
baseline_phase1_20260608T162505Z_d3c044325798,wing_000000,v15_a0,2026-06-08T16:25:05.723664+00:00,1.5608662508171884,0.26020556006031886,0.10215867231353062,0.39260756876159364,8.093175585326684,-2.084715243667255,NACA4412,0.28280105040780945,8.61490241789013,0.19267093346653016,15.0,0.0,1.225,0.2527632105681905,0.009977209008106315,25.334059892182736,analytic,converged,1,0.0,6.299989763647318e-06,d3c044325798,42,phase1
baseline_phase1_20260608T162505Z_d3c044325798,wing_000000,v15_a5,2026-06-08T16:25:05.723670+00:00,1.5608662508171884,0.26020556006031886,0.10215867231353062,0.39260756876159364,8.093175585326684,-2.084715243667255,NACA4412,0.28280105040780945,8.61490241789013,0.19267093346653016,15.0,5.0,1.225,0.6800684392768997,0.027304166858102878,24.9071302124379,analytic,converged,1,0.0,3.1999661587178707e-06,d3c044325798,42,phase1
baseline_phase1_20260608T162505Z_d3c044325798,wing_000000,v15_a10,2026-06-08T16:25:05.723674+00:00,1.5608662508171884,0.26020556006031886,0.10215867231353062,0.39260756876159364,8.093175585326684,-2.084715243667255,NACA4412,0.28280105040780945,8.61490241789013,0.19267093346653016,15.0,10.0,1.225,1.107373667985609,0.06050515661546122,18.302137039715316,analytic,converged,1,0.0,2.200016751885414e-06,d3c044325798,42,phase1
baseline_phase1_20260608T162505Z_d3c044325798,wing_000000,v15_a15,2026-06-08T16:25:05.723677+00:00,1.5608662508171884,0.26020556006031886,0.10215867231353062,0.39260756876159364,8.093175585326684,-2.084715243667255,NACA4412,0.28280105040780945,8.61490241789013,0.19267093346653016,15.0,15.0,1.225,1.4,0.09239947339086367,15.151601504023613,analytic,stall_limited,1,0.0,2.3999600671231747e-06,d3c044325798,42,phase1
baseline_phase1_20260608T162505Z_d3c044325798,wing_000000,v20_a-5,2026-06-08T16:25:05.723682+00:00,1.5608662508171884,0.26020556006031886,0.10215867231353062,0.39260756876159364,8.093175585326684,-2.084715243667255,NACA4412,0.28280105040780945,8.61490241789013,0.19267093346653016,20.0,-5.0,1.225,-0.17454201814051873,0.00852428306547153,-20.475859001857742,analytic,converged,1,0.0,1.800013706088066e-06,d3c044325798,42,phase1
baseline_phase1_20260608T162505Z_d3c044325798,wing_000000,v20_a0,2026-06-08T16:25:05.723685+00:00,1.5608662508171884,0.26020556006031886,0.10215867231353062,0.39260756876159364,8.093175585326684,-2.084715243667255,NACA4412,0.28280105040780945,8.61490241789013,0.19267093346653016,20.0,0.0,1.225,0.2527632105681905,0.009977209008106315,25.334059892182736,analytic,converged,1,0.0,1.7999554984271526e-06,d3c044325798,42,phase1
baseline_phase1_20260608T162505Z_d3c044325798,wing_000000,v20_a5,2026-06-08T16:25:05.723688+00:00,1.5608662508171884,0.26020556006031886,0.10215867231353062,0.39260756876159364,8.093175585326684,-2.084715243667255,NACA4412,0.28280105040780945,8.61490241789013,0.19267093346653016,20.0,5.0,1.225,0.6800684392768997,0.027304166858102878,24.9071302124379,analytic,converged,1,0.0,2.100015990436077e-06,d3c044325798,42,phase1
baseline_phase1_20260608T162505Z_d3c044325798,wing_000000,v20_a10,2026-06-08T16:25:05.723692+00:00,1.5608662508171884,0.26020556006031886,0.10215867231353062,0.39260756876159364,8.093175585326684,-2.084715243667255,NACA4412,0.28280105040780945,8.61490241789013,0.19267093346653016,20.0,10.0,1.225,1.107373667985609,0.06050515661546122,18.302137039715316,analytic,converged,1,0.0,1.8999562598764896e-06,d3c044325798,42,phase1
baseline_phase1_20260608T162505Z_d3c044325798,wing_000000,v20_a15,2026-06-08T16:25:05.723696+00:00,1.5608662508171884,0.26020556006031886,0.10215867231353062,0.39260756876159364,8.093175585326684,-2.084715243667255,NACA4412,0.28280105040780945,8.61490241789013,0.19267093346653016,20.0,15.0,1.225,1.4,0.09239947339086367,15.151601504023613,analytic,stall_limited,1,0.0,1.9000144675374031e-06,d3c044325798,42,phase1
baseline_phase1_20260608T162505Z_d3c044325798,wing_000000,v25_a-5,2026-06-08T16:25:05.723701+00:00,1.5608662508171884,0.26020556006031886,0.10215867231353062,0.39260756876159364,8.093175585326684,-2.084715243667255,NACA4412,0.28280105040780945,8.61490241789013,0.19267093346653016,25.0,-5.0,1.225,-0.17454201814051873,0.00852428306547153,-20.475859001857742,analytic,converged,1,0.0,1.800013706088066e-06,d3c044325798,42,phase1
baseline_phase1_20260608T162505Z_d3c044325798,wing_000000,v25_a0,2026-06-08T16:25:05.723705+00:00,1.5608662508171884,0.26020556006031886,0.10215867231353062,0.39260756876159364,8.093175585326684,-2.084715243667255,NACA4412,0.28280105040780945,8.61490241789013,0.19267093346653016,25.0,0.0,1.225,0.2527632105681905,0.009977209008106315,25.334059892182736,analytic,converged,1,0.0,5.300040356814861e-06,d3c044325798,42,phase1
baseline_phase1_20260608T162505Z_d3c044325798,wing_000000,v25_a5,2026-06-08T16:25:05.723708+00:00,1.5608662508171884,0.26020556006031886,0.10215867231353062,0.39260756876159364,8.093175585326684,-2.084715243667255,NACA4412,0.28280105040780945,8.61490241789013,0.19267093346653016,25.0,5.0,1.225,0.6800684392768997,0.027304166858102878,24.9071302124379,analytic,converged,1,0.0,1.9000144675374031e-06,d3c044325798,42,phase1
baseline_phase1_20260608T162505Z_d3c044325798,wing_000000,v25_a10,2026-06-08T16:25:05.723711+00:00,1.5608662508171884,0.26020556006031886,0.10215867231353062,0.39260756876159364,8.093175585326684,-2.084715243667255,NACA4412,0.28280105040780945,8.61490241789013,0.19267093346653016,25.0,10.0,1.225,1.107373667985609,0.06050515661546122,18.302137039715316,analytic,converged,1,0.0,1.9000144675374031e-06,d3c044325798,42,phase1
baseline_phase1_20260608T162505Z_d3c044325798,wing_000000,v25_a15,2026-06-08T16:25:05.723715+00:00,1.5608662508171884,0.26020556006031886,0.10215867231353062,0.39260756876159364,8.093175585326684,-2.084715243667255,NACA4412,0.28280105040780945,8.61490241789013,0.19267093346653016,25.0,15.0,1.225,1.4,0.09239947339086367,15.151601504023613,analytic,stall_limited,1,0.0,1.9999570213258266e-06,d3c044325798,42,phase1
baseline_phase1_20260608T162505Z_d3c044325798,wing_000001,v15_a-5,2026-06-08T16:25:05.723718+00:00,1.1268936560148732,0.2527421128163001,0.1837782567768943,0.727137455365301,13.587007855852379,2.43696639544655,NACA2412,0.24595601760791927,5.163074781894174,0.22007606547904054,15.0,-5.0,1.225,-0.13160191359478812,0.00845616646392753,-15.562833839208109,analytic,converged,1,0.0,1.9000144675374031e-06,d3c044325798,42,phase1
baseline_phase1_20260608T162505Z_d3c044325798,wing_000001,v15_a0,2026-06-08T16:25:05.723721+00:00,1.1268936560148732,0.2527421128163001,0.1837782567768943,0.727137455365301,13.587007855852379,2.43696639544655,NACA2412,0.24595601760791927,5.163074781894174,0.22007606547904054,15.0,0.0,1.225,0.23775164351622208,0.01129986769249372,21.040214804829603,analytic,converged,1,0.0,1.9999570213258266e-06,d3c044325798,42,phase1
baseline_phase1_20260608T162505Z_d3c044325798,wing_000001,v15_a5,2026-06-08T16:25:05.723724+00:00,1.1268936560148732,0.2527421128163001,0.1837782567768943,0.727137455365301,13.587007855852379,2.43696639544655,NACA2412,0.24595601760791927,5.163074781894174,0.22007606547904054,15.0,5.0,1.225,0.6071052006272323,0.03393318430508904,17.89119450649915,analytic,converged,1,0.0,2.00001522898674e-06,d3c044325798,42,phase1
baseline_phase1_20260608T162505Z_d3c044325798,wing_000001,v15_a10,2026-06-08T16:25:05.723727+00:00,1.1268936560148732,0.2527421128163001,0.1837782567768943,0.727137455365301,13.587007855852379,2.43696639544655,NACA2412,0.24595601760791927,5.163074781894174,0.22007606547904054,15.0,10.0,1.225,0.9764587577382424,0.07635611630171348,12.788219268249112,analytic,converged,1,0.0,1.7999554984271526e-06,d3c044325798,42,phase1
baseline_phase1_20260608T162505Z_d3c044325798,wing_000001,v15_a15,2026-06-08T16:25:05.723730+00:00,1.1268936560148732,0.2527421128163001,0.1837782567768943,0.727137455365301,13.587007855852379,2.43696639544655,NACA2412,0.24595601760791927,5.163074781894174,0.22007606547904054,15.0,15.0,1.225,1.3458123148492527,0.13856866368236706,9.712241419417744,analytic,converged,1,0.0,1.700012944638729e-06,d3c044325798,42,phase1
baseline_phase1_20260608T162505Z_d3c044325798,wing_000001,v20_a-5,2026-06-08T16:25:05.723733+00:00,1.1268936560148732,0.2527421128163001,0.1837782567768943,0.727137455365301,13.587007855852379,2.43696639544655,NACA2412,0.24595601760791927,5.163074781894174,0.22007606547904054,20.0,-5.0,1.225,-0.13160191359478812,0.00845616646392753,-15.562833839208109,analytic,converged,1,0.0,1.9000144675374031e-06,d3c044325798,42,phase1
baseline_phase1_20260608T162505Z_d3c044325798,wing_000001,v20_a0,2026-06-08T16:25:05.723736+00:00,1.1268936560148732,0.2527421128163001,0.1837782567768943,0.727137455365301,13.587007855852379,2.43696639544655,NACA2412,0.24595601760791927,5.163074781894174,0.22007606547904054,20.0,0.0,1.225,0.23775164351622208,0.01129986769249372,21.040214804829603,analytic,converged,1,0.0,1.700012944638729e-06,d3c044325798,42,phase1
baseline_phase1_20260608T162505Z_d3c044325798,wing_000001,v20_a5,2026-06-08T16:25:05.723738+00:00,1.1268936560148732,0.2527421128163001,0.1837782567768943,0.727137455365301,13.587007855852379,2.43696639544655,NACA2412,0.24595601760791927,5.163074781894174,0.22007606547904054,20.0,5.0,1.225,0.6071052006272323,0.03393318430508904,17.89119450649915,analytic,converged,1,0.0,1.600012183189392e-06,d3c044325798,42,phase1
baseline_phase1_20260608T162505Z_d3c044325798,wing_000001,v20_a10,2026-06-08T16:25:05.723741+00:00,1.1268936560148732,0.2527421128163001,0.1837782567768943,0.727137455365301,13.587007855852379,2.43696639544655,NACA2412,0.24595601760791927,5.163074781894174,0.22007606547904054,20.0,10.0,1.225,0.9764587577382424,0.07635611630171348,12.788219268249112,analytic,converged,1,0.0,1.6999547369778156e-06,d3c044325798,42,phase1
baseline_phase1_20260608T162505Z_d3c044325798,wing_000001,v20_a15,2026-06-08T16:25:05.723744+00:00,1.1268936560148732,0.2527421128163001,0.1837782567768943,0.727137455365301,13.587007855852379,2.43696639544655,NACA2412,0.24595601760791927,5.163074781894174,0.22007606547904054,20.0,15.0,1.225,1.3458123148492527,0.13856866368236706,9.712241419417744,analytic,converged,1,0.0,1.9000144675374031e-06,d3c044325798,42,phase1
baseline_phase1_20260608T162505Z_d3c044325798,wing_000001,v25_a-5,2026-06-08T16:25:05.723746+00:00,1.1268936560148732,0.2527421128163001,0.1837782567768943,0.727137455365301,13.587007855852379,2.43696639544655,NACA2412,0.24595601760791927,5.163074781894174,0.22007606547904054,25.0,-5.0,1.225,-0.13160191359478812,0.00845616646392753,-15.562833839208109,analytic,converged,1,0.0,1.600012183189392e-06,d3c044325798,42,phase1
baseline_phase1_20260608T162505Z_d3c044325798,wing_000001,v25_a0,2026-06-08T16:25:05.723749+00:00,1.1268936560148732,0.2527421128163001,0.1837782567768943,0.727137455365301,13.587007855852379,2.43696639544655,NACA2412,0.24595601760791927,5.163074781894174,0.22007606547904054,25.0,0.0,1.225,0.23775164351622208,0.01129986769249372,21.040214804829603,analytic,converged,1,0.0,1.9000144675374031e-06,d3c044325798,42,phase1
baseline_phase1_20260608T162505Z_d3c044325798,wing_000001,v25_a5,2026-06-08T16:25:05.723752+00:00,1.1268936560148732,0.2527421128163001,0.1837782567768943,0.727137455365301,13.587007855852379,2.43696639544655,NACA2412,0.24595601760791927,5.163074781894174,0.22007606547904054,25.0,5.0,1.225,0.6071052006272323,0.03393318430508904,17.89119450649915,analytic,converged,1,0.0,1.700012944638729e-06,d3c044325798,42,phase1
baseline_phase1_20260608T162505Z_d3c044325798,wing_000001,v25_a10,2026-06-08T16:25:05.723755+00:00,1.1268936560148732,0.2527421128163001,0.1837782567768943,0.727137455365301,13.587007855852379,2.43696639544655,NACA2412,0.24595601760791927,5.163074781894174,0.22007606547904054,25.0,10.0,1.225,0.9764587577382424,0.07635611630171348,12.788219268249112,analytic,converged,1,0.0,1.700012944638729e-06,d3c044325798,42,phase1
baseline_phase1_20260608T162505Z_d3c044325798,wing_000001,v25_a15,2026-06-08T16:25:05.723758+00:00,1.1268936560148732,0.2527421128163001,0.1837782567768943,0.727137455365301,13.587007855852379,2.43696639544655,NACA2412,0.24595601760791927,5.163074781894174,0.22007606547904054,25.0,15.0,1.225,1.3458123148492527,0.13856866368236706,9.712241419417744,analytic,converged,1,0.0,2.00001522898674e-06,d3c044325798,42,phase1
baseline_phase1_20260608T162505Z_d3c044325798,wing_000002,v15_a-5,2026-06-08T16:25:05.723761+00:00,1.5669234819547329,0.4352559088174647,0.08055350986688863,0.1850716055429146,24.413359802252373,0.864762056696307,NACA0012,0.4041169451749667,6.075590810076321,0.298557253758743,15.0,-5.0,1.225,-0.33719660541466273,0.014208241724404406,-23.732465420790668,analytic,converged,1,0.0,2.1999585442245007e-06,d3c044325798,42,phase1
baseline_phase1_20260608T162505Z_d3c044325798,wing_000002,v15_a0,2026-06-08T16:25:05.723764+00:00,1.5669234819547329,0.4352559088174647,0.08055350986688863,0.1850716055429146,24.413359802252373,0.864762056696307,NACA0012,0.4041169451749667,6.075590810076321,0.298557253758743,15.0,0.0,1.225,0.03191978488345139,0.007262800427017976,4.394969296513809,analytic,converged,1,0.0,1.600012183189392e-06,d3c044325798,42,phase1
baseline_phase1_20260608T162505Z_d3c044325798,wing_000002,v15_a5,2026-06-08T16:25:05.723766+00:00,1.5669234819547329,0.4352559088174647,0.08055350986688863,0.1850716055429146,24.413359802252373,0.864762056696307,NACA0012,0.4041169451749667,6.075590810076321,0.298557253758743,15.0,5.0,1.225,0.4010361751815655,0.01711310678094476,23.434445908332346,analytic,converged,1,0.0,1.8999562598764896e-06,d3c044325798,42,phase1
baseline_phase1_20260608T162505Z_d3c044325798,wing_000002,v15_a10,2026-06-08T16:25:05.723769+00:00,1.5669234819547329,0.4352559088174647,0.08055350986688863,0.1850716055429146,24.413359802252373,0.864762056696307,NACA0012,0.4041169451749667,6.075590810076321,0.298557253758743,15.0,10.0,1.225,0.7701525654796795,0.04375916078618475,17.59980199900966,analytic,converged,1,0.0,1.9000144675374031e-06,d3c044325798,42,phase1
baseline_phase1_20260608T162505Z_d3c044325798,wing_000002,v15_a15,2026-06-08T16:25:05.723771+00:00,1.5669234819547329,0.4352559088174647,0.08055350986688863,0.1850716055429146,24.413359802252373,0.864762056696307,NACA0012,0.4041169451749667,6.075590810076321,0.298557253758743,15.0,15.0,1.225,1.1392689557777937,0.08720096244273798,13.064866761372208,analytic,converged,1,0.0,1.9000144675374031e-06,d3c044325798,42,phase1
baseline_phase1_20260608T162505Z_d3c044325798,wing_000002,v20_a-5,2026-06-08T16:25:05.723774+00:00,1.5669234819547329,0.4352559088174647,0.08055350986688863,0.1850716055429146,24.413359802252373,0.864762056696307,NACA0012,0.4041169451749667,6.075590810076321,0.298557253758743,20.0,-5.0,1.225,-0.33719660541466273,0.014208241724404406,-23.732465420790668,analytic,converged,1,0.0,1.9000144675374031e-06,d3c044325798,42,phase1
baseline_phase1_20260608T162505Z_d3c044325798,wing_000002,v20_a0,2026-06-08T16:25:05.723777+00:00,1.5669234819547329,0.4352559088174647,0.08055350986688863,0.1850716055429146,24.413359802252373,0.864762056696307,NACA0012,0.4041169451749667,6.075590810076321,0.298557253758743,20.0,0.0,1.225,0.03191978488345139,0.007262800427017976,4.394969296513809,analytic,converged,1,0.0,1.800013706088066e-06,d3c044325798,42,phase1
baseline_phase1_20260608T162505Z_d3c044325798,wing_000002,v20_a5,2026-06-08T16:25:05.723779+00:00,1.5669234819547329,0.4352559088174647,0.08055350986688863,0.1850716055429146,24.413359802252373,0.864762056696307,NACA0012,0.4041169451749667,6.075590810076321,0.298557253758743,20.0,5.0,1.225,0.4010361751815655,0.01711310678094476,23.434445908332346,analytic,converged,1,0.0,1.6999547369778156e-06,d3c044325798,42,phase1
baseline_phase1_20260608T162505Z_d3c044325798,wing_000002,v20_a10,2026-06-08T16:25:05.723782+00:00,1.5669234819547329,0.4352559088174647,0.08055350986688863,0.1850716055429146,24.413359802252373,0.864762056696307,NACA0012,0.4041169451749667,6.075590810076321,0.298557253758743,20.0,10.0,1.225,0.7701525654796795,0.04375916078618475,17.59980199900966,analytic,converged,1,0.0,1.800013706088066e-06,d3c044325798,42,phase1
baseline_phase1_20260608T162505Z_d3c044325798,wing_000002,v20_a15,2026-06-08T16:25:05.723784+00:00,1.5669234819547329,0.4352559088174647,0.08055350986688863,0.1850716055429146,24.413359802252373,0.864762056696307,NACA0012,0.4041169451749667,6.075590810076321,0.298557253758743,20.0,15.0,1.225,1.1392689557777937,0.08720096244273798,13.064866761372208,analytic,converged,1,0.0,1.9999570213258266e-06,d3c044325798,42,phase1
baseline_phase1_20260608T162505Z_d3c044325798,wing_000002,v25_a-5,2026-06-08T16:25:05.723786+00:00,1.5669234819547329,0.4352559088174647,0.08055350986688863,0.1850716055429146,24.413359802252373,0.864762056696307,NACA0012,0.4041169451749667,6.075590810076321,0.298557253758743,25.0,-5.0,1.225,-0.33719660541466273,0.014208241724404406,-23.732465420790668,analytic,converged,1,0.0,1.9000144675374031e-06,d3c044325798,42,phase1
baseline_phase1_20260608T162505Z_d3c044325798,wing_000002,v25_a0,2026-06-08T16:25:05.723789+00:00,1.5669234819547329,0.4352559088174647,0.08055350986688863,0.1850716055429146,24.413359802252373,0.864762056696307,NACA0012,0.4041169451749667,6.075590810076321,0.298557253758743,25.0,0.0,1.225,0.03191978488345139,0.007262800427017976,4.394969296513809,analytic,converged,1,0.0,1.6999547369778156e-06,d3c044325798,42,phase1
baseline_phase1_20260608T162505Z_d3c044325798,wing_000002,v25_a5,2026-06-08T16:25:05.723792+00:00,1.5669234819547329,0.4352559088174647,0.08055350986688863,0.1850716055429146,24.413359802252373,0.864762056696307,NACA0012,0.4041169451749667,6.075590810076321,0.298557253758743,25.0,5.0,1.225,0.4010361751815655,0.01711310678094476,23.434445908332346,analytic,converged,1,0.0,1.800013706088066e-06,d3c044325798,42,phase1
baseline_phase1_20260608T162505Z_d3c044325798,wing_000002,v25_a10,2026-06-08T16:25:05.723795+00:00,1.5669234819547329,0.4352559088174647,0.08055350986688863,0.1850716055429146,24.413359802252373,0.864762056696307,NACA0012,0.4041169451749667,6.075590810076321,0.298557253758743,25.0,10.0,1.225,0.7701525654796795,0.04375916078618475,17.59980199900966,analytic,converged,1,0.0,2.700020559132099e-06,d3c044325798,42,phase1
baseline_phase1_20260608T162505Z_d3c044325798,wing_000002,v25_a15,2026-06-08T16:25:05.723797+00:00,1.5669234819547329,0.4352559088174647,0.08055350986688863,0.1850716055429146,24.413359802252373,0.864762056696307,NACA0012,0.4041169451749667,6.075590810076321,0.298557253758743,25.0,15.0,1.225,1.1392689557777937,0.08720096244273798,13.064866761372208,analytic,converged,1,0.0,1.9000144675374031e-06,d3c044325798,42,phase1
baseline_phase1_20260608T162505Z_d3c044325798,wing_000003,v15_a-5,2026-06-08T16:25:05.723800+00:00,1.833015813871246,0.2798217722744671,0.21987056783305364,0.7857521809181829,17.10198548778282,3.4966110289696335,NACA2412,0.45797198074370726,7.3365775968342,0.25104495666220383,15.0,-5.0,1.225,-0.10041405861806581,0.007714667481058131,-13.01599308908816,analytic,converged,1,0.0,1.9000144675374031e-06,d3c044325798,42,phase1
baseline_phase1_20260608T162505Z_d3c044325798,wing_000003,v15_a0,2026-06-08T16:25:05.723802+00:00,1.833015813871246,0.2798217722744671,0.21987056783305364,0.7857521809181829,17.10198548778282,3.4966110289696335,NACA2412,0.45797198074370726,7.3365775968342,0.25104495666220383,15.0,0.0,1.225,0.3006984324093933,0.01181530083381918,25.449917580490034,analytic,converged,1,0.0,1.600012183189392e-06,d3c044325798,42,phase1
baseline_phase1_20260608T162505Z_d3c044325798,wing_000003,v15_a5,2026-06-08T16:25:05.723805+00:00,1.833015813871246,0.2798217722744671,0.21987056783305364,0.7857521809181829,17.10198548778282,3.4966110289696335,NACA2412,0.45797198074370726,7.3365775968342,0.25104495666220383,15.0,5.0,1.225,0.7018109234368525,0.032340732864383895,21.700526279963825,analytic,converged,1,0.0,1.600012183189392e-06,d3c044325798,42,phase1
baseline_phase1_20260608T162505Z_d3c044325798,wing_000003,v15_a10,2026-06-08T16:25:05.723807+00:00,1.833015813871246,0.2798217722744671,0.21987056783305364,0.7857521809181829,17.10198548778282,3.4966110289696335,NACA2412,0.45797198074370726,7.3365775968342,0.25104495666220383,15.0,10.0,1.225,1.1029234144643116,0.06929096357275227,15.917276331513179,analytic,converged,1,0.0,1.7999554984271526e-06,d3c044325798,42,phase1
baseline_phase1_20260608T162505Z_d3c044325798,wing_000003,v15_a15,2026-06-08T16:25:05.723810+00:00,1.833015813871246,0.2798217722744671,0.21987056783305364,0.7857521809181829,17.10198548778282,3.4966110289696335,NACA2412,0.45797198074370726,7.3365775968342,0.25104495666220383,15.0,15.0,1.225,1.4,0.10724462429929706,13.054267373746363,analytic,stall_limited,1,0.0,1.700012944638729e-06,d3c044325798,42,phase1
baseline_phase1_20260608T162505Z_d3c044325798,wing_000003,v20_a-5,2026-06-08T16:25:05.723813+00:00,1.833015813871246,0.2798217722744671,0.21987056783305364,0.7857521809181829,17.10198548778282,3.4966110289696335,NACA2412,0.45797198074370726,7.3365775968342,0.25104495666220383,20.0,-5.0,1.225,-0.10041405861806581,0.007714667481058131,-13.01599308908816,analytic,converged,1,0.0,1.800013706088066e-06,d3c044325798,42,phase1
baseline_phase1_20260608T162505Z_d3c044325798,wing_000003,v20_a0,2026-06-08T16:25:05.723816+00:00,1.833015813871246,0.2798217722744671,0.21987056783305364,0.7857521809181829,17.10198548778282,3.4966110289696335,NACA2412,0.45797198074370726,7.3365775968342,0.25104495666220383,20.0,0.0,1.225,0.3006984324093933,0.01181530083381918,25.449917580490034,analytic,converged,1,0.0,1.800013706088066e-06,d3c044325798,42,phase1
baseline_phase1_20260608T162505Z_d3c044325798,wing_000003,v20_a5,2026-06-08T16:25:05.723818+00:00,1.833015813871246,0.2798217722744671,0.21987056783305364,0.7857521809181829,17.10198548778282,3.4966110289696335,NACA2412,0.45797198074370726,7.3365775968342,0.25104495666220383,20.0,5.0,1.225,0.7018109234368525,0.032340732864383895,21.700526279963825,analytic,converged,1,0.0,1.800013706088066e-06,d3c044325798,42,phase1
baseline_phase1_20260608T162505Z_d3c044325798,wing_000003,v20_a10,2026-06-08T16:25:05.723821+00:00,1.833015813871246,0.2798217722744671,0.21987056783305364,0.7857521809181829,17.10198548778282,3.4966110289696335,NACA2412,0.45797198074370726,7.3365775968342,0.25104495666220383,20.0,10.0,1.225,1.1029234144643116,0.06929096357275227,15.917276331513179,analytic,converged,1,0.0,1.700012944638729e-06,d3c044325798,42,phase1
baseline_phase1_20260608T162505Z_d3c044325798,wing_000003,v20_a15,2026-06-08T16:25:05.723824+00:00,1.833015813871246,0.2798217722744671,0.21987056783305364,0.7857521809181829,17.10198548778282,3.4966110289696335,NACA2412,0.45797198074370726,7.3365775968342,0.25104495666220383,20.0,15.0,1.225,1.4,0.10724462429929706,13.054267373746363,analytic,stall_limited,1,0.0,1.800013706088066e-06,d3c044325798,42,phase1
baseline_phase1_20260608T162505Z_d3c044325798,wing_000003,v25_a-5,2026-06-08T16:25:05.723826+00:00,1.833015813871246,0.2798217722744671,0.21987056783305364,0.7857521809181829,17.10198548778282,3.4966110289696335,NACA2412,0.45797198074370726,7.3365775968342,0.25104495666220383,25.0,-5.0,1.225,-0.10041405861806581,0.007714667481058131,-13.01599308908816,analytic,converged,1,0.0,1.7999554984271526e-06,d3c044325798,42,phase1
baseline_phase1_20260608T162505Z_d3c044325798,wing_000003,v25_a0,2026-06-08T16:25:05.723829+00:00,1.833015813871246,0.2798217722744671,0.21987056783305364,0.7857521809181829,17.10198548778282,3.4966110289696335,NACA2412,0.45797198074370726,7.3365775968342,0.25104495666220383,25.0,0.0,1.225,0.3006984324093933,0.01181530083381918,25.449917580490034,analytic,converged,1,0.0,1.700012944638729e-06,d3c044325798,42,phase1
baseline_phase1_20260608T162505Z_d3c044325798,wing_000003,v25_a5,2026-06-08T16:25:05.723832+00:00,1.833015813871246,0.2798217722744671,0.21987056783305364,0.7857521809181829,17.10198548778282,3.4966110289696335,NACA2412,0.45797198074370726,7.3365775968342,0.25104495666220383,25.0,5.0,1.225,0.7018109234368525,0.032340732864383895,21.700526279963825,analytic,converged,1,0.0,1.9000144675374031e-06,d3c044325798,42,phase1
baseline_phase1_20260608T162505Z_d3c044325798,wing_000003,v25_a10,2026-06-08T16:25:05.723835+00:00,1.833015813871246,0.2798217722744671,0.21987056783305364,0.7857521809181829,17.10198548778282,3.4966110289696335,NACA2412,0.45797198074370726,7.3365775968342,0.25104495666220383,25.0,10.0,1.225,1.1029234144643116,0.06929096357275227,15.917276331513179,analytic,converged,1,0.0,1.700012944638729e-06,d3c044325798,42,phase1
baseline_phase1_20260608T162505Z_d3c044325798,wing_000003,v25_a15,2026-06-08T16:25:05.723837+00:00,1.833015813871246,0.2798217722744671,0.21987056783305364,0.7857521809181829,17.10198548778282,3.4966110289696335,NACA2412,0.45797198074370726,7.3365775968342,0.25104495666220383,25.0,15.0,1.225,1.4,0.10724462429929706,13.054267373746363,analytic,stall_limited,1,0.0,1.700012944638729e-06,d3c044325798,42,phase1
baseline_phase1_20260608T162505Z_d3c044325798,wing_000004,v15_a-5,2026-06-08T16:25:05.723840+00:00,1.7703846356297834,0.1855826789840085,0.09008505845425238,0.4854173834941511,21.085823115594728,-0.7572847713215056,NACA4412,0.24401896344976115,12.844336824335727,0.14334762936180012,15.0,-5.0,1.225,-0.120470840420734,0.007623139331790009,-15.80331083787838,analytic,converged,1,0.0,1.6999547369778156e-06,d3c044325798,42,phase1
baseline_phase1_20260608T162505Z_d3c044325798,wing_000004,v15_a0,2026-06-08T16:25:05.723842+00:00,1.7703846356297834,0.1855826789840085,0.09008505845425238,0.4854173834941511,21.085823115594728,-0.7572847713215056,NACA4412,0.24401896344976115,12.844336824335727,0.14334762936180012,15.0,0.0,1.225,0.31644754274284115,0.010119597419570121,31.270764005974044,analytic,converged,1,0.0,1.600012183189392e-06,d3c044325798,42,phase1
baseline_phase1_20260608T162505Z_d3c044325798,wing_000004,v15_a5,2026-06-08T16:25:05.723844+00:00,1.7703846356297834,0.1855826789840085,0.09008505845425238,0.4854173834941511,21.085823115594728,-0.7572847713215056,NACA4412,0.24401896344976115,12.844336824335727,0.14334762936180012,15.0,5.0,1.225,0.7533659259064164,0.023747464684301937,31.72405711184919,analytic,converged,1,0.0,1.6999547369778156e-06,d3c044325798,42,phase1
baseline_phase1_20260608T162505Z_d3c044325798,wing_000004,v15_a10,2026-06-08T16:25:05.723847+00:00,1.7703846356297834,0.1855826789840085,0.09008505845425238,0.4854173834941511,21.085823115594728,-0.7572847713215056,NACA4412,0.24401896344976115,12.844336824335727,0.14334762936180012,15.0,10.0,1.225,1.1902843090699915,0.04850674112598545,24.538533849934243,analytic,converged,1,0.0,1.700012944638729e-06,d3c044325798,42,phase1
baseline_phase1_20260608T162505Z_d3c044325798,wing_000004,v15_a15,2026-06-08T16:25:05.723849+00:00,1.7703846356297834,0.1855826789840085,0.09008505845425238,0.4854173834941511,21.085823115594728,-0.7572847713215056,NACA4412,0.24401896344976115,12.844336824335727,0.14334762936180012,15.0,15.0,1.225,1.4,0.06434465132425214,21.757830234326345,analytic,stall_limited,1,0.0,1.600012183189392e-06,d3c044325798,42,phase1
baseline_phase1_20260608T162505Z_d3c044325798,wing_000004,v20_a-5,2026-06-08T16:25:05.723853+00:00,1.7703846356297834,0.1855826789840085,0.09008505845425238,0.4854173834941511,21.085823115594728,-0.7572847713215056,NACA4412,0.24401896344976115,12.844336824335727,0.14334762936180012,20.0,-5.0,1.225,-0.120470840420734,0.007623139331790009,-15.80331083787838,analytic,converged,1,0.0,1.800013706088066e-06,d3c044325798,42,phase1
baseline_phase1_20260608T162505Z_d3c044325798,wing_000004,v20_a0,2026-06-08T16:25:05.723855+00:00,1.7703846356297834,0.1855826789840085,0.09008505845425238,0.4854173834941511,21.085823115594728,-0.7572847713215056,NACA4412,0.24401896344976115,12.844336824335727,0.14334762936180012,20.0,0.0,1.225,0.31644754274284115,0.010119597419570121,31.270764005974044,analytic,converged,1,0.0,1.600012183189392e-06,d3c044325798,42,phase1
baseline_phase1_20260608T162505Z_d3c044325798,wing_000004,v20_a5,2026-06-08T16:25:05.723858+00:00,1.7703846356297834,0.1855826789840085,0.09008505845425238,0.4854173834941511,21.085823115594728,-0.7572847713215056,NACA4412,0.24401896344976115,12.844336824335727,0.14334762936180012,20.0,5.0,1.225,0.7533659259064164,0.023747464684301937,31.72405711184919,analytic,converged,1,0.0,1.700012944638729e-06,d3c044325798,42,phase1
baseline_phase1_20260608T162505Z_d3c044325798,wing_000004,v20_a10,2026-06-08T16:25:05.723860+00:00,1.7703846356297834,0.1855826789840085,0.09008505845425238,0.4854173834941511,21.085823115594728,-0.7572847713215056,NACA4412,0.24401896344976115,12.844336824335727,0.14334762936180012,20.0,10.0,1.225,1.1902843090699915,0.04850674112598545,24.538533849934243,analytic,converged,1,0.0,2.400018274784088e-06,d3c044325798,42,phase1
baseline_phase1_20260608T162505Z_d3c044325798,wing_000004,v20_a15,2026-06-08T16:25:05.723863+00:00,1.7703846356297834,0.1855826789840085,0.09008505845425238,0.4854173834941511,21.085823115594728,-0.7572847713215056,NACA4412,0.24401896344976115,12.844336824335727,0.14334762936180012,20.0,15.0,1.225,1.4,0.06434465132425214,21.757830234326345,analytic,stall_limited,1,0.0,2.100015990436077e-06,d3c044325798,42,phase1
baseline_phase1_20260608T162505Z_d3c044325798,wing_000004,v25_a-5,2026-06-08T16:25:05.723866+00:00,1.7703846356297834,0.1855826789840085,0.09008505845425238,0.4854173834941511,21.085823115594728,-0.7572847713215056,NACA4412,0.24401896344976115,12.844336824335727,0.14334762936180012,25.0,-5.0,1.225,-0.120470840420734,0.007623139331790009,-15.80331083787838,analytic,converged,1,0.0,3.0999653972685337e-06,d3c044325798,42,phase1
baseline_phase1_20260608T162505Z_d3c044325798,wing_000004,v25_a0,2026-06-08T16:25:05.723869+00:00,1.7703846356297834,0.1855826789840085,0.09008505845425238,0.4854173834941511,21.085823115594728,-0.7572847713215056,NACA4412,0.24401896344976115,12.844336824335727,0.14334762936180012,25.0,0.0,1.225,0.31644754274284115,0.010119597419570121,31.270764005974044,analytic,converged,1,0.0,2.900022082030773e-06,d3c044325798,42,phase1
baseline_phase1_20260608T162505Z_d3c044325798,wing_000004,v25_a5,2026-06-08T16:25:05.723871+00:00,1.7703846356297834,0.1855826789840085,0.09008505845425238,0.4854173834941511,21.085823115594728,-0.7572847713215056,NACA4412,0.24401896344976115,12.844336824335727,0.14334762936180012,25.0,5.0,1.225,0.7533659259064164,0.023747464684301937,31.72405711184919,analytic,converged,1,0.0,2.400018274784088e-06,d3c044325798,42,phase1
baseline_phase1_20260608T162505Z_d3c044325798,wing_000004,v25_a10,2026-06-08T16:25:05.723874+00:00,1.7703846356297834,0.1855826789840085,0.09008505845425238,0.4854173834941511,21.085823115594728,-0.7572847713215056,NACA4412,0.24401896344976115,12.844336824335727,0.14334762936180012,25.0,10.0,1.225,1.1902843090699915,0.04850674112598545,24.538533849934243,analytic,converged,1,0.0,2.300017513334751e-06,d3c044325798,42,phase1
baseline_phase1_20260608T162505Z_d3c044325798,wing_000004,v25_a15,2026-06-08T16:25:05.723876+00:00,1.7703846356297834,0.1855826789840085,0.09008505845425238,0.4854173834941511,21.085823115594728,-0.7572847713215056,NACA4412,0.24401896344976115,12.844336824335727,0.14334762936180012,25.0,15.0,1.225,1.4,0.06434465132425214,21.757830234326345,analytic,stall_limited,1,0.0,2.300017513334751e-06,d3c044325798,42,phase1
baseline_phase1_20260608T162505Z_d3c044325798,wing_000005,v15_a-5,2026-06-08T16:25:05.723879+00:00,1.6722026128360614,0.4048397079038404,0.13905247526735176,0.3434753868076108,13.463195282407979,-1.4258619648603839,NACA4412,0.4547489648999886,6.149022415016872,0.2935934128802554,15.0,-5.0,1.225,-0.13313672701504284,0.008279495603306417,-16.080294427824164,analytic,converged,1,0.0,2.100015990436077e-06,d3c044325798,42,phase1
baseline_phase1_20260608T162505Z_d3c044325798,wing_000005,v15_a0,2026-06-08T16:25:05.723882+00:00,1.6722026128360614,0.4048397079038404,0.13905247526735176,0.3434753868076108,13.463195282407979,-1.4258619648603839,NACA4412,0.4547489648999886,6.149022415016872,0.2935934128802554,15.0,0.0,1.225,0.25548583974522826,0.0111751982660933,22.861861925116674,analytic,converged,1,0.0,4.500034265220165e-06,d3c044325798,42,phase1
baseline_phase1_20260608T162505Z_d3c044325798,wing_000005,v15_a5,2026-06-08T16:25:05.723885+00:00,1.6722026128360614,0.4048397079038404,0.13905247526735176,0.3434753868076108,13.463195282407979,-1.4258619648603839,NACA4412,0.4547489648999886,6.149022415016872,0.2935934128802554,15.0,5.0,1.225,0.6441084065054993,0.03246638212649988,19.839241834702662,analytic,converged,1,0.0,2.800021320581436e-06,d3c044325798,42,phase1
baseline_phase1_20260608T162505Z_d3c044325798,wing_000005,v15_a10,2026-06-08T16:25:05.723887+00:00,1.6722026128360614,0.4048397079038404,0.13905247526735176,0.3434753868076108,13.463195282407979,-1.4258619648603839,NACA4412,0.4547489648999886,6.149022415016872,0.2935934128802554,15.0,10.0,1.225,1.0327309732657703,0.07215304718452617,14.313061105023548,analytic,converged,1,0.0,2.9999646358191967e-06,d3c044325798,42,phase1
baseline_phase1_20260608T162505Z_d3c044325798,wing_000005,v15_a15,2026-06-08T16:25:05.723890+00:00,1.6722026128360614,0.4048397079038404,0.13905247526735176,0.3434753868076108,13.463195282407979,-1.4258619648603839,NACA4412,0.4547489648999886,6.149022415016872,0.2935934128802554,15.0,15.0,1.225,1.4,0.12656615282543301,11.06140914254506,analytic,stall_limited,1,0.0,2.600019797682762e-06,d3c044325798,42,phase1
baseline_phase1_20260608T162505Z_d3c044325798,wing_000005,v20_a-5,2026-06-08T16:25:05.723892+00:00,1.6722026128360614,0.4048397079038404,0.13905247526735176,0.3434753868076108,13.463195282407979,-1.4258619648603839,NACA4412,0.4547489648999886,6.149022415016872,0.2935934128802554,20.0,-5.0,1.225,-0.13313672701504284,0.008279495603306417,-16.080294427824164,analytic,converged,1,0.0,2.6999623514711857e-06,d3c044325798,42,phase1
baseline_phase1_20260608T162505Z_d3c044325798,wing_000005,v20_a0,2026-06-08T16:25:05.723895+00:00,1.6722026128360614,0.4048397079038404,0.13905247526735176,0.3434753868076108,13.463195282407979,-1.4258619648603839,NACA4412,0.4547489648999886,6.149022415016872,0.2935934128802554,20.0,0.0,1.225,0.25548583974522826,0.0111751982660933,22.861861925116674,analytic,converged,1,0.0,2.400018274784088e-06,d3c044325798,42,phase1
baseline_phase1_20260608T162505Z_d3c044325798,wing_000005,v20_a5,2026-06-08T16:25:05.723898+00:00,1.6722026128360614,0.4048397079038404,0.13905247526735176,0.3434753868076108,13.463195282407979,-1.4258619648603839,NACA4412,0.4547489648999886,6.149022415016872,0.2935934128802554,20.0,5.0,1.225,0.6441084065054993,0.03246638212649988,19.839241834702662,analytic,converged,1,0.0,2.400018274784088e-06,d3c044325798,42,phase1
baseline_phase1_20260608T162505Z_d3c044325798,wing_000005,v20_a10,2026-06-08T16:25:05.723900+00:00,1.6722026128360614,0.4048397079038404,0.13905247526735176,0.3434753868076108,13.463195282407979,-1.4258619648603839,NACA4412,0.4547489648999886,6.149022415016872,0.2935934128802554,20.0,10.0,1.225,1.0327309732657703,0.07215304718452617,14.313061105023548,analytic,converged,1,0.0,2.8999638743698597e-06,d3c044325798,42,phase1
baseline_phase1_20260608T162505Z_d3c044325798,wing_000005,v20_a15,2026-06-08T16:25:05.723903+00:00,1.6722026128360614,0.4048397079038404,0.13905247526735176,0.3434753868076108,13.463195282407979,-1.4258619648603839,NACA4412,0.4547489648999886,6.149022415016872,0.2935934128802554,20.0,15.0,1.225,1.4,0.12656615282543301,11.06140914254506,analytic,stall_limited,1,0.0,2.500019036233425e-06,d3c044325798,42,phase1
baseline_phase1_20260608T162505Z_d3c044325798,wing_000005,v25_a-5,2026-06-08T16:25:05.723905+00:00,1.6722026128360614,0.4048397079038404,0.13905247526735176,0.3434753868076108,13.463195282407979,-1.4258619648603839,NACA4412,0.4547489648999886,6.149022415016872,0.2935934128802554,25.0,-5.0,1.225,-0.13313672701504284,0.008279495603306417,-16.080294427824164,analytic,converged,1,0.0,2.1999585442245007e-06,d3c044325798,42,phase1
baseline_phase1_20260608T162505Z_d3c044325798,wing_000005,v25_a0,2026-06-08T16:25:05.723908+00:00,1.6722026128360614,0.4048397079038404,0.13905247526735176,0.3434753868076108,13.463195282407979,-1.4258619648603839,NACA4412,0.4547489648999886,6.149022415016872,0.2935934128802554,25.0,0.0,1.225,0.25548583974522826,0.0111751982660933,22.861861925116674,analytic,converged,1,0.0,1.700012944638729e-06,d3c044325798,42,phase1
baseline_phase1_20260608T162505Z_d3c044325798,wing_000005,v25_a5,2026-06-08T16:25:05.723911+00:00,1.6722026128360614,0.4048397079038404,0.13905247526735176,0.3434753868076108,13.463195282407979,-1.4258619648603839,NACA4412,0.4547489648999886,6.149022415016872,0.2935934128802554,25.0,5.0,1.225,0.6441084065054993,0.03246638212649988,19.839241834702662,analytic,converged,1,0.0,2.1999585442245007e-06,d3c044325798,42,phase1
baseline_phase1_20260608T162505Z_d3c044325798,wing_000005,v25_a10,2026-06-08T16:25:05.723914+00:00,1.6722026128360614,0.4048397079038404,0.13905247526735176,0.3434753868076108,13.463195282407979,-1.4258619648603839,NACA4412,0.4547489648999886,6.149022415016872,0.2935934128802554,25.0,10.0,1.225,1.0327309732657703,0.07215304718452617,14.313061105023548,analytic,converged,1,0.0,1.9000144675374031e-06,d3c044325798,42,phase1
baseline_phase1_20260608T162505Z_d3c044325798,wing_000005,v25_a15,2026-06-08T16:25:05.723916+00:00,1.6722026128360614,0.4048397079038404,0.13905247526735176,0.3434753868076108,13.463195282407979,-1.4258619648603839,NACA4412,0.4547489648999886,6.149022415016872,0.2935934128802554,25.0,15.0,1.225,1.4,0.12656615282543301,11.06140914254506,analytic,stall_limited,1,0.0,1.6999547369778156e-06,d3c044325798,42,phase1
baseline_phase1_20260608T162505Z_d3c044325798,wing_000006,v15_a-5,2026-06-08T16:25:05.723919+00:00,1.935882971867922,0.4932500847575798,0.29433460715861176,0.5967248993039097,9.716364137013915,-3.4504526992590945,NACA2412,0.7623358969921993,4.9159994899289465,0.40216549144000324,15.0,-5.0,1.225,-0.34702990355578195,0.016373882461637308,-21.19411229247829,analytic,converged,1,0.0,2.100015990436077e-06,d3c044325798,42,phase1
baseline_phase1_20260608T162505Z_d3c044325798,wing_000006,v15_a0,2026-06-08T16:25:05.723921+00:00,1.935882971867922,0.4932500847575798,0.29433460715861176,0.5967248993039097,9.716364137013915,-3.4504526992590945,NACA2412,0.7623358969921993,4.9159994899289465,0.40216549144000324,15.0,0.0,1.225,0.020179916544146942,0.007231021165028923,2.7907422870980114,analytic,converged,1,0.0,2.5999615900218487e-06,d3c044325798,42,phase1
baseline_phase1_20260608T162505Z_d3c044325798,wing_000006,v15_a5,2026-06-08T16:25:05.723924+00:00,1.935882971867922,0.4932500847575798,0.29433460715861176,0.5967248993039097,9.716364137013915,-3.4504526992590945,NACA2412,0.7623358969921993,4.9159994899289465,0.40216549144000324,15.0,5.0,1.225,0.3873897366440758,0.018631825680508543,20.791829168374992,analytic,converged,1,0.0,2.400018274784088e-06,d3c044325798,42,phase1
baseline_phase1_20260608T162505Z_d3c044325798,wing_000006,v15_a10,2026-06-08T16:25:05.723927+00:00,1.935882971867922,0.4932500847575798,0.29433460715861176,0.5967248993039097,9.716364137013915,-3.4504526992590945,NACA2412,0.7623358969921993,4.9159994899289465,0.40216549144000324,15.0,10.0,1.225,0.7545995567440046,0.05057629600807616,14.920024127973075,analytic,converged,1,0.0,1.700012944638729e-06,d3c044325798,42,phase1
baseline_phase1_20260608T162505Z_d3c044325798,wing_000006,v15_a15,2026-06-08T16:25:05.723929+00:00,1.935882971867922,0.4932500847575798,0.29433460715861176,0.5967248993039097,9.716364137013915,-3.4504526992590945,NACA2412,0.7623358969921993,4.9159994899289465,0.40216549144000324,15.0,15.0,1.225,1.1218093768439334,0.10306443214773178,10.884544293961085,analytic,converged,1,0.0,1.800013706088066e-06,d3c044325798,42,phase1
baseline_phase1_20260608T162505Z_d3c044325798,wing_000006,v20_a-5,2026-06-08T16:25:05.723932+00:00,1.935882971867922,0.4932500847575798,0.29433460715861176,0.5967248993039097,9.716364137013915,-3.4504526992590945,NACA2412,0.7623358969921993,4.9159994899289465,0.40216549144000324,20.0,-5.0,1.225,-0.34702990355578195,0.016373882461637308,-21.19411229247829,analytic,converged,1,0.0,2.0999577827751637e-06,d3c044325798,42,phase1
baseline_phase1_20260608T162505Z_d3c044325798,wing_000006,v20_a0,2026-06-08T16:25:05.723934+00:00,1.935882971867922,0.4932500847575798,0.29433460715861176,0.5967248993039097,9.716364137013915,-3.4504526992590945,NACA2412,0.7623358969921993,4.9159994899289465,0.40216549144000324,20.0,0.0,1.225,0.020179916544146942,0.007231021165028923,2.7907422870980114,analytic,converged,1,0.0,1.800013706088066e-06,d3c044325798,42,phase1
baseline_phase1_20260608T162505Z_d3c044325798,wing_000006,v20_a5,2026-06-08T16:25:05.723937+00:00,1.935882971867922,0.4932500847575798,0.29433460715861176,0.5967248993039097,9.716364137013915,-3.4504526992590945,NACA2412,0.7623358969921993,4.9159994899289465,0.40216549144000324,20.0,5.0,1.225,0.3873897366440758,0.018631825680508543,20.791829168374992,analytic,converged,1,0.0,1.7999554984271526e-06,d3c044325798,42,phase1
baseline_phase1_20260608T162505Z_d3c044325798,wing_000006,v20_a10,2026-06-08T16:25:05.723940+00:00,1.935882971867922,0.4932500847575798,0.29433460715861176,0.5967248993039097,9.716364137013915,-3.4504526992590945,NACA2412,0.7623358969921993,4.9159994899289465,0.40216549144000324,20.0,10.0,1.225,0.7545995567440046,0.05057629600807616,14.920024127973075,analytic,converged,1,0.0,1.700012944638729e-06,d3c044325798,42,phase1
baseline_phase1_20260608T162505Z_d3c044325798,wing_000006,v20_a15,2026-06-08T16:25:05.723942+00:00,1.935882971867922,0.4932500847575798,0.29433460715861176,0.5967248993039097,9.716364137013915,-3.4504526992590945,NACA2412,0.7623358969921993,4.9159994899289465,0.40216549144000324,20.0,15.0,1.225,1.1218093768439334,0.10306443214773178,10.884544293961085,analytic,converged,1,0.0,1.700012944638729e-06,d3c044325798,42,phase1
baseline_phase1_20260608T162505Z_d3c044325798,wing_000006,v25_a-5,2026-06-08T16:25:05.723945+00:00,1.935882971867922,0.4932500847575798,0.29433460715861176,0.5967248993039097,9.716364137013915,-3.4504526992590945,NACA2412,0.7623358969921993,4.9159994899289465,0.40216549144000324,25.0,-5.0,1.225,-0.34702990355578195,0.016373882461637308,-21.19411229247829,analytic,converged,1,0.0,2.300017513334751e-06,d3c044325798,42,phase1
baseline_phase1_20260608T162505Z_d3c044325798,wing_000006,v25_a0,2026-06-08T16:25:05.723948+00:00,1.935882971867922,0.4932500847575798,0.29433460715861176,0.5967248993039097,9.716364137013915,-3.4504526992590945,NACA2412,0.7623358969921993,4.9159994899289465,0.40216549144000324,25.0,0.0,1.225,0.020179916544146942,0.007231021165028923,2.7907422870980114,analytic,converged,1,0.0,1.600012183189392e-06,d3c044325798,42,phase1
baseline_phase1_20260608T162505Z_d3c044325798,wing_000006,v25_a5,2026-06-08T16:25:05.723950+00:00,1.935882971867922,0.4932500847575798,0.29433460715861176,0.5967248993039097,9.716364137013915,-3.4504526992590945,NACA2412,0.7623358969921993,4.9159994899289465,0.40216549144000324,25.0,5.0,1.225,0.3873897366440758,0.018631825680508543,20.791829168374992,analytic,converged,1,0.0,1.800013706088066e-06,d3c044325798,42,phase1
baseline_phase1_20260608T162505Z_d3c044325798,wing_000006,v25_a10,2026-06-08T16:25:05.723953+00:00,1.935882971867922,0.4932500847575798,0.29433460715861176,0.5967248993039097,9.716364137013915,-3.4504526992590945,NACA2412,0.7623358969921993,4.9159994899289465,0.40216549144000324,25.0,10.0,1.225,0.7545995567440046,0.05057629600807616,14.920024127973075,analytic,converged,1,0.0,1.500011421740055e-06,d3c044325798,42,phase1
baseline_phase1_20260608T162505Z_d3c044325798,wing_000006,v25_a15,2026-06-08T16:25:05.723956+00:00,1.935882971867922,0.4932500847575798,0.29433460715861176,0.5967248993039097,9.716364137013915,-3.4504526992590945,NACA2412,0.7623358969921993,4.9159994899289465,0.40216549144000324,25.0,15.0,1.225,1.1218093768439334,0.10306443214773178,10.884544293961085,analytic,converged,1,0.0,1.5999539755284786e-06,d3c044325798,42,phase1
baseline_phase1_20260608T162505Z_d3c044325798,wing_000007,v15_a-5,2026-06-08T16:25:05.723958+00:00,1.0064496337379663,0.17239317113137081,0.15752404917911889,0.913748776389054,14.397580062720788,-3.6981839975116038,NACA0012,0.16602253277267015,6.101225227290545,0.16507030018636984,15.0,-5.0,1.225,-0.5296524067727693,0.024418528922954583,-21.69059440246913,analytic,converged,1,0.0,1.800013706088066e-06,d3c044325798,42,phase1
baseline_phase1_20260608T162505Z_d3c044325798,wing_000007,v15_a0,2026-06-08T16:25:05.723961+00:00,1.0064496337379663,0.17239317113137081,0.15752404917911889,0.913748776389054,14.397580062720788,-3.6981839975116038,NACA0012,0.16602253277267015,6.101225227290545,0.16507030018636984,15.0,0.0,1.225,-0.14299355705299233,0.008455009703047658,-16.91228775307608,analytic,converged,1,0.0,2.1999585442245007e-06,d3c044325798,42,phase1
baseline_phase1_20260608T162505Z_d3c044325798,wing_000007,v15_a5,2026-06-08T16:25:05.723963+00:00,1.0064496337379663,0.17239317113137081,0.15752404917911889,0.913748776389054,14.397580062720788,-3.6981839975116038,NACA0012,0.16602253277267015,6.101225227290545,0.16507030018636984,15.0,5.0,1.225,0.24366529266678463,0.010844194018124363,22.46965447681372,analytic,converged,1,0.0,1.600012183189392e-06,d3c044325798,42,phase1
baseline_phase1_20260608T162505Z_d3c044325798,wing_000007,v15_a10,2026-06-08T16:25:05.723966+00:00,1.0064496337379663,0.17239317113137081,0.15752404917911889,0.913748776389054,14.397580062720788,-3.6981839975116038,NACA0012,0.16602253277267015,6.101225227290545,0.16507030018636984,15.0,10.0,1.225,0.6303241423865616,0.0315860818681847,19.955755988255703,analytic,converged,1,0.0,2.0999577827751637e-06,d3c044325798,42,phase1
baseline_phase1_20260608T162505Z_d3c044325798,wing_000007,v15_a15,2026-06-08T16:25:05.723968+00:00,1.0064496337379663,0.17239317113137081,0.15752404917911889,0.913748776389054,14.397580062720788,-3.6981839975116038,NACA0012,0.16602253277267015,6.101225227290545,0.16507030018636984,15.0,15.0,1.225,1.0169829921063387,0.07068067325322867,14.388416879714473,analytic,converged,1,0.0,2.700020559132099e-06,d3c044325798,42,phase1
baseline_phase1_20260608T162505Z_d3c044325798,wing_000007,v20_a-5,2026-06-08T16:25:05.723971+00:00,1.0064496337379663,0.17239317113137081,0.15752404917911889,0.913748776389054,14.397580062720788,-3.6981839975116038,NACA0012,0.16602253277267015,6.101225227290545,0.16507030018636984,20.0,-5.0,1.225,-0.5296524067727693,0.024418528922954583,-21.69059440246913,analytic,converged,1,0.0,3.00002284348011e-06,d3c044325798,42,phase1
baseline_phase1_20260608T162505Z_d3c044325798,wing_000007,v20_a0,2026-06-08T16:25:05.723974+00:00,1.0064496337379663,0.17239317113137081,0.15752404917911889,0.913748776389054,14.397580062720788,-3.6981839975116038,NACA0012,0.16602253277267015,6.101225227290545,0.16507030018636984,20.0,0.0,1.225,-0.14299355705299233,0.008455009703047658,-16.91228775307608,analytic,converged,1,0.0,1.700012944638729e-06,d3c044325798,42,phase1
baseline_phase1_20260608T162505Z_d3c044325798,wing_000007,v20_a5,2026-06-08T16:25:05.723976+00:00,1.0064496337379663,0.17239317113137081,0.15752404917911889,0.913748776389054,14.397580062720788,-3.6981839975116038,NACA0012,0.16602253277267015,6.101225227290545,0.16507030018636984,20.0,5.0,1.225,0.24366529266678463,0.010844194018124363,22.46965447681372,analytic,converged,1,0.0,2.00001522898674e-06,d3c044325798,42,phase1
baseline_phase1_20260608T162505Z_d3c044325798,wing_000007,v20_a10,2026-06-08T16:25:05.723979+00:00,1.0064496337379663,0.17239317113137081,0.15752404917911889,0.913748776389054,14.397580062720788,-3.6981839975116038,NACA0012,0.16602253277267015,6.101225227290545,0.16507030018636984,20.0,10.0,1.225,0.6303241423865616,0.0315860818681847,19.955755988255703,analytic,converged,1,0.0,2.2999593056738377e-06,d3c044325798,42,phase1
baseline_phase1_20260608T162505Z_d3c044325798,wing_000007,v20_a15,2026-06-08T16:25:05.723981+00:00,1.0064496337379663,0.17239317113137081,0.15752404917911889,0.913748776389054,14.397580062720788,-3.6981839975116038,NACA0012,0.16602253277267015,6.101225227290545,0.16507030018636984,20.0,15.0,1.225,1.0169829921063387,0.07068067325322867,14.388416879714473,analytic,converged,1,0.0,2.300017513334751e-06,d3c044325798,42,phase1
baseline_phase1_20260608T162505Z_d3c044325798,wing_000007,v25_a-5,2026-06-08T16:25:05.723984+00:00,1.0064496337379663,0.17239317113137081,0.15752404917911889,0.913748776389054,14.397580062720788,-3.6981839975116038,NACA0012,0.16602253277267015,6.101225227290545,0.16507030018636984,25.0,-5.0,1.225,-0.5296524067727693,0.024418528922954583,-21.69059440246913,analytic,converged,1,0.0,1.9000144675374031e-06,d3c044325798,42,phase1
baseline_phase1_20260608T162505Z_d3c044325798,wing_000007,v25_a0,2026-06-08T16:25:05.723986+00:00,1.0064496337379663,0.17239317113137081,0.15752404917911889,0.913748776389054,14.397580062720788,-3.6981839975116038,NACA0012,0.16602253277267015,6.101225227290545,0.16507030018636984,25.0,0.0,1.225,-0.14299355705299233,0.008455009703047658,-16.91228775307608,analytic,converged,1,0.0,2.500019036233425e-06,d3c044325798,42,phase1
baseline_phase1_20260608T162505Z_d3c044325798,wing_000007,v25_a5,2026-06-08T16:25:05.723989+00:00,1.0064496337379663,0.17239317113137081,0.15752404917911889,0.913748776389054,14.397580062720788,-3.6981839975116038,NACA0012,0.16602253277267015,6.101225227290545,0.16507030018636984,25.0,5.0,1.225,0.24366529266678463,0.010844194018124363,22.46965447681372,analytic,converged,1,0.0,2.200016751885414e-06,d3c044325798,42,phase1
baseline_phase1_20260608T162505Z_d3c044325798,wing_000007,v25_a10,2026-06-08T16:25:05.723991+00:00,1.0064496337379663,0.17239317113137081,0.15752404917911889,0.913748776389054,14.397580062720788,-3.6981839975116038,NACA0012,0.16602253277267015,6.101225227290545,0.16507030018636984,25.0,10.0,1.225,0.6303241423865616,0.0315860818681847,19.955755988255703,analytic,converged,1,0.0,2.00001522898674e-06,d3c044325798,42,phase1
baseline_phase1_20260608T162505Z_d3c044325798,wing_000007,v25_a15,2026-06-08T16:25:05.723994+00:00,1.0064496337379663,0.17239317113137081,0.15752404917911889,0.913748776389054,14.397580062720788,-3.6981839975116038,NACA0012,0.16602253277267015,6.101225227290545,0.16507030018636984,25.0,15.0,1.225,1.0169829921063387,0.07068067325322867,14.388416879714473,analytic,converged,1,0.0,2.500019036233425e-06,d3c044325798,42,phase1
baseline_phase1_20260608T162505Z_d3c044325798,wing_000008,v15_a-5,2026-06-08T16:25:05.723997+00:00,1.4183325683539594,0.4215390799962746,0.12882912545553205,0.3056160901064513,6.888865427534442,2.2782898128507414,NACA2412,0.39030257518941025,5.154122474024915,0.3011301017372707,15.0,-5.0,1.225,-0.13940923896651577,0.00861208090472436,-16.187636938018027,analytic,converged,1,0.0,2.100015990436077e-06,d3c044325798,42,phase1
baseline_phase1_20260608T162505Z_d3c044325798,wing_000008,v15_a0,2026-06-08T16:25:05.723999+00:00,1.4183325683539594,0.4215390799962746,0.12882912545553205,0.3056160901064513,6.888865427534442,2.2782898128507414,NACA2412,0.39030257518941025,5.154122474024915,0.3011301017372707,15.0,0.0,1.225,0.23517457319565563,0.011218437300551408,20.96322035726815,analytic,converged,1,0.0,1.9000144675374031e-06,d3c044325798,42,phase1
baseline_phase1_20260608T162505Z_d3c044325798,wing_000008,v15_a5,2026-06-08T16:25:05.724001+00:00,1.4183325683539594,0.4215390799962746,0.12882912545553205,0.3056160901064513,6.888865427534442,2.2782898128507414,NACA2412,0.39030257518941025,5.154122474024915,0.3011301017372707,15.0,5.0,1.225,0.609758385357827,0.03421419498570389,17.821795474440048,analytic,converged,1,0.0,2.3999600671231747e-06,d3c044325798,42,phase1
baseline_phase1_20260608T162505Z_d3c044325798,wing_000008,v15_a10,2026-06-08T16:25:05.724005+00:00,1.4183325683539594,0.4215390799962746,0.12882912545553205,0.3056160901064513,6.888865427534442,2.2782898128507414,NACA2412,0.39030257518941025,5.154122474024915,0.3011301017372707,15.0,10.0,1.225,0.9843421975199983,0.07759935396018178,12.684927738252687,analytic,converged,1,0.0,2.300017513334751e-06,d3c044325798,42,phase1
baseline_phase1_20260608T162505Z_d3c044325798,wing_000008,v15_a15,2026-06-08T16:25:05.724008+00:00,1.4183325683539594,0.4215390799962746,0.12882912545553205,0.3056160901064513,6.888865427534442,2.2782898128507414,NACA2412,0.39030257518941025,5.154122474024915,0.3011301017372707,15.0,15.0,1.225,1.3589260096821698,0.14137391422398515,9.612282556802956,analytic,converged,1,0.0,2.300017513334751e-06,d3c044325798,42,phase1
baseline_phase1_20260608T162505Z_d3c044325798,wing_000008,v20_a-5,2026-06-08T16:25:05.724010+00:00,1.4183325683539594,0.4215390799962746,0.12882912545553205,0.3056160901064513,6.888865427534442,2.2782898128507414,NACA2412,0.39030257518941025,5.154122474024915,0.3011301017372707,20.0,-5.0,1.225,-0.13940923896651577,0.00861208090472436,-16.187636938018027,analytic,converged,1,0.0,2.400018274784088e-06,d3c044325798,42,phase1
baseline_phase1_20260608T162505Z_d3c044325798,wing_000008,v20_a0,2026-06-08T16:25:05.724013+00:00,1.4183325683539594,0.4215390799962746,0.12882912545553205,0.3056160901064513,6.888865427534442,2.2782898128507414,NACA2412,0.39030257518941025,5.154122474024915,0.3011301017372707,20.0,0.0,1.225,0.23517457319565563,0.011218437300551408,20.96322035726815,analytic,converged,1,0.0,2.400018274784088e-06,d3c044325798,42,phase1
baseline_phase1_20260608T162505Z_d3c044325798,wing_000008,v20_a5,2026-06-08T16:25:05.724015+00:00,1.4183325683539594,0.4215390799962746,0.12882912545553205,0.3056160901064513,6.888865427534442,2.2782898128507414,NACA2412,0.39030257518941025,5.154122474024915,0.3011301017372707,20.0,5.0,1.225,0.609758385357827,0.03421419498570389,17.821795474440048,analytic,converged,1,0.0,1.800013706088066e-06,d3c044325798,42,phase1
baseline_phase1_20260608T162505Z_d3c044325798,wing_000008,v20_a10,2026-06-08T16:25:05.724018+00:00,1.4183325683539594,0.4215390799962746,0.12882912545553205,0.3056160901064513,6.888865427534442,2.2782898128507414,NACA2412,0.39030257518941025,5.154122474024915,0.3011301017372707,20.0,10.0,1.225,0.9843421975199983,0.07759935396018178,12.684927738252687,analytic,converged,1,0.0,1.600012183189392e-06,d3c044325798,42,phase1
baseline_phase1_20260608T162505Z_d3c044325798,wing_000008,v20_a15,2026-06-08T16:25:05.724021+00:00,1.4183325683539594,0.4215390799962746,0.12882912545553205,0.3056160901064513,6.888865427534442,2.2782898128507414,NACA2412,0.39030257518941025,5.154122474024915,0.3011301017372707,20.0,15.0,1.225,1.3589260096821698,0.14137391422398515,9.612282556802956,analytic,converged,1,0.0,1.700012944638729e-06,d3c044325798,42,phase1
baseline_phase1_20260608T162505Z_d3c044325798,wing_000008,v25_a-5,2026-06-08T16:25:05.724023+00:00,1.4183325683539594,0.4215390799962746,0.12882912545553205,0.3056160901064513,6.888865427534442,2.2782898128507414,NACA2412,0.39030257518941025,5.154122474024915,0.3011301017372707,25.0,-5.0,1.225,-0.13940923896651577,0.00861208090472436,-16.187636938018027,analytic,converged,1,0.0,1.600012183189392e-06,d3c044325798,42,phase1
baseline_phase1_20260608T162505Z_d3c044325798,wing_000008,v25_a0,2026-06-08T16:25:05.724026+00:00,1.4183325683539594,0.4215390799962746,0.12882912545553205,0.3056160901064513,6.888865427534442,2.2782898128507414,NACA2412,0.39030257518941025,5.154122474024915,0.3011301017372707,25.0,0.0,1.225,0.23517457319565563,0.011218437300551408,20.96322035726815,analytic,converged,1,0.0,1.600012183189392e-06,d3c044325798,42,phase1
baseline_phase1_20260608T162505Z_d3c044325798,wing_000008,v25_a5,2026-06-08T16:25:05.724028+00:00,1.4183325683539594,0.4215390799962746,0.12882912545553205,0.3056160901064513,6.888865427534442,2.2782898128507414,NACA2412,0.39030257518941025,5.154122474024915,0.3011301017372707,25.0,5.0,1.225,0.609758385357827,0.03421419498570389,17.821795474440048,analytic,converged,1,0.0,1.6999547369778156e-06,d3c044325798,42,phase1
baseline_phase1_20260608T162505Z_d3c044325798,wing_000008,v25_a10,2026-06-08T16:25:05.724031+00:00,1.4183325683539594,0.4215390799962746,0.12882912545553205,0.3056160901064513,6.888865427534442,2.2782898128507414,NACA2412,0.39030257518941025,5.154122474024915,0.3011301017372707,25.0,10.0,1.225,0.9843421975199983,0.07759935396018178,12.684927738252687,analytic,converged,1,0.0,1.9000144675374031e-06,d3c044325798,42,phase1
baseline_phase1_20260608T162505Z_d3c044325798,wing_000008,v25_a15,2026-06-08T16:25:05.724033+00:00,1.4183325683539594,0.4215390799962746,0.12882912545553205,0.3056160901064513,6.888865427534442,2.2782898128507414,NACA2412,0.39030257518941025,5.154122474024915,0.3011301017372707,25.0,15.0,1.225,1.3589260096821698,0.14137391422398515,9.612282556802956,analytic,converged,1,0.0,1.700012944638729e-06,d3c044325798,42,phase1
baseline_phase1_20260608T162505Z_d3c044325798,wing_000009,v15_a-5,2026-06-08T16:25:05.724036+00:00,1.1635972033260171,0.22083546816173932,0.12041867469508682,0.5452868404584924,16.451857901494073,-4.65225467196316,NACA2412,0.19854118312581,6.819534518086169,0.17555181379476675,15.0,-5.0,1.225,-0.42088857436359434,0.016927712850789287,-24.86387724517489,analytic,converged,1,0.0,1.800013706088066e-06,d3c044325798,42,phase1
baseline_phase1_20260608T162505Z_d3c044325798,wing_000009,v15_a0,2026-06-08T16:25:05.724038+00:00,1.1635972033260171,0.22083546816173932,0.12041867469508682,0.5452868404584924,16.451857901494073,-4.65225467196316,NACA2412,0.19854118312581,6.819534518086169,0.17555181379476675,15.0,0.0,1.225,-0.025771683785135634,0.007236472208134676,-3.561360155044211,analytic,converged,1,0.0,2.00001522898674e-06,d3c044325798,42,phase1
baseline_phase1_20260608T162505Z_d3c044325798,wing_000009,v15_a5,2026-06-08T16:25:05.724041+00:00,1.1635972033260171,0.22083546816173932,0.12041867469508682,0.5452868404584924,16.451857901494073,-4.65225467196316,NACA2412,0.19854118312581,6.819534518086169,0.17555181379476675,15.0,5.0,1.225,0.36934520679332306,0.014691027721350402,25.14086922976501,analytic,converged,1,0.0,1.6999547369778156e-06,d3c044325798,42,phase1
baseline_phase1_20260608T162505Z_d3c044325798,wing_000009,v15_a10,2026-06-08T16:25:05.724043+00:00,1.1635972033260171,0.22083546816173932,0.12041867469508682,0.5452868404584924,16.451857901494073,-4.65225467196316,NACA2412,0.19854118312581,6.819534518086169,0.17555181379476675,15.0,10.0,1.225,0.7644620973717818,0.039291379390436476,19.456229565660195,analytic,converged,1,0.0,1.600012183189392e-06,d3c044325798,42,phase1
baseline_phase1_20260608T162505Z_d3c044325798,wing_000009,v15_a15,2026-06-08T16:25:05.724046+00:00,1.1635972033260171,0.22083546816173932,0.12041867469508682,0.5452868404584924,16.451857901494073,-4.65225467196316,NACA2412,0.19854118312581,6.819534518086169,0.17555181379476675,15.0,15.0,1.225,1.1595789879502405,0.08103752721539288,14.30916055555532,analytic,converged,1,0.0,1.600012183189392e-06,d3c044325798,42,phase1
baseline_phase1_20260608T162505Z_d3c044325798,wing_000009,v20_a-5,2026-06-08T16:25:05.724049+00:00,1.1635972033260171,0.22083546816173932,0.12041867469508682,0.5452868404584924,16.451857901494073,-4.65225467196316,NACA2412,0.19854118312581,6.819534518086169,0.17555181379476675,20.0,-5.0,1.225,-0.42088857436359434,0.016927712850789287,-24.86387724517489,analytic,converged,1,0.0,1.600012183189392e-06,d3c044325798,42,phase1
baseline_phase1_20260608T162505Z_d3c044325798,wing_000009,v20_a0,2026-06-08T16:25:05.724051+00:00,1.1635972033260171,0.22083546816173932,0.12041867469508682,0.5452868404584924,16.451857901494073,-4.65225467196316,NACA2412,0.19854118312581,6.819534518086169,0.17555181379476675,20.0,0.0,1.225,-0.025771683785135634,0.007236472208134676,-3.561360155044211,analytic,converged,1,0.0,2.900022082030773e-06,d3c044325798,42,phase1
baseline_phase1_20260608T162505Z_d3c044325798,wing_000009,v20_a5,2026-06-08T16:25:05.724054+00:00,1.1635972033260171,0.22083546816173932,0.12041867469508682,0.5452868404584924,16.451857901494073,-4.65225467196316,NACA2412,0.19854118312581,6.819534518086169,0.17555181379476675,20.0,5.0,1.225,0.36934520679332306,0.014691027721350402,25.14086922976501,analytic,converged,1,0.0,1.700012944638729e-06,d3c044325798,42,phase1
baseline_phase1_20260608T162505Z_d3c044325798,wing_000009,v20_a10,2026-06-08T16:25:05.724057+00:00,1.1635972033260171,0.22083546816173932,0.12041867469508682,0.5452868404584924,16.451857901494073,-4.65225467196316,NACA2412,0.19854118312581,6.819534518086169,0.17555181379476675,20.0,10.0,1.225,0.7644620973717818,0.039291379390436476,19.456229565660195,analytic,converged,1,0.0,1.700012944638729e-06,d3c044325798,42,phase1
baseline_phase1_20260608T162505Z_d3c044325798,wing_000009,v20_a15,2026-06-08T16:25:05.724059+00:00,1.1635972033260171,0.22083546816173932,0.12041867469508682,0.5452868404584924,16.451857901494073,-4.65225467196316,NACA2412,0.19854118312581,6.819534518086169,0.17555181379476675,20.0,15.0,1.225,1.1595789879502405,0.08103752721539288,14.30916055555532,analytic,converged,1,0.0,1.5999539755284786e-06,d3c044325798,42,phase1
baseline_phase1_20260608T162505Z_d3c044325798,wing_000009,v25_a-5,2026-06-08T16:25:05.724061+00:00,1.1635972033260171,0.22083546816173932,0.12041867469508682,0.5452868404584924,16.451857901494073,-4.65225467196316,NACA2412,0.19854118312581,6.819534518086169,0.17555181379476675,25.0,-5.0,1.225,-0.42088857436359434,0.016927712850789287,-24.86387724517489,analytic,converged,1,0.0,1.700012944638729e-06,d3c044325798,42,phase1
baseline_phase1_20260608T162505Z_d3c044325798,wing_000009,v25_a0,2026-06-08T16:25:05.724064+00:00,1.1635972033260171,0.22083546816173932,0.12041867469508682,0.5452868404584924,16.451857901494073,-4.65225467196316,NACA2412,0.19854118312581,6.819534518086169,0.17555181379476675,25.0,0.0,1.225,-0.025771683785135634,0.007236472208134676,-3.561360155044211,analytic,converged,1,0.0,1.600012183189392e-06,d3c044325798,42,phase1
baseline_phase1_20260608T162505Z_d3c044325798,wing_000009,v25_a5,2026-06-08T16:25:05.724067+00:00,1.1635972033260171,0.22083546816173932,0.12041867469508682,0.5452868404584924,16.451857901494073,-4.65225467196316,NACA2412,0.19854118312581,6.819534518086169,0.17555181379476675,25.0,5.0,1.225,0.36934520679332306,0.014691027721350402,25.14086922976501,analytic,converged,1,0.0,2.200016751885414e-06,d3c044325798,42,phase1
baseline_phase1_20260608T162505Z_d3c044325798,wing_000009,v25_a10,2026-06-08T16:25:05.724070+00:00,1.1635972033260171,0.22083546816173932,0.12041867469508682,0.5452868404584924,16.451857901494073,-4.65225467196316,NACA2412,0.19854118312581,6.819534518086169,0.17555181379476675,25.0,10.0,1.225,0.7644620973717818,0.039291379390436476,19.456229565660195,analytic,converged,1,0.0,2.00001522898674e-06,d3c044325798,42,phase1
baseline_phase1_20260608T162505Z_d3c044325798,wing_000009,v25_a15,2026-06-08T16:25:05.724072+00:00,1.1635972033260171,0.22083546816173932,0.12041867469508682,0.5452868404584924,16.451857901494073,-4.65225467196316,NACA2412,0.19854118312581,6.819534518086169,0.17555181379476675,25.0,15.0,1.225,1.1595789879502405,0.08103752721539288,14.30916055555532,analytic,converged,1,0.0,1.700012944638729e-06,d3c044325798,42,phase1
baseline_phase1_20260608T162505Z_d3c044325798,wing_000010,v15_a-5,2026-06-08T16:25:05.724075+00:00,1.1914224835366243,0.20520539077376898,0.1902111304844057,0.9269304756915773,17.643717982405757,1.661281780797208,NACA2412,0.23555406689441344,6.026164408839775,0.19780302476999448,15.0,-5.0,1.225,-0.16522719392008411,0.008896497718439658,-18.572161669599463,analytic,converged,1,0.0,1.700012944638729e-06,d3c044325798,42,phase1
baseline_phase1_20260608T162505Z_d3c044325798,wing_000010,v15_a0,2026-06-08T16:25:05.724077+00:00,1.1914224835366243,0.20520539077376898,0.1902111304844057,0.9269304756915773,17.643717982405757,1.661281780797208,NACA2412,0.23555406689441344,6.026164408839775,0.19780302476999448,15.0,0.0,1.225,0.2155930980933562,0.010088417265249923,21.370358939848554,analytic,converged,1,0.0,3.1999661587178707e-06,d3c044325798,42,phase1
baseline_phase1_20260608T162505Z_d3c044325798,wing_000010,v15_a5,2026-06-08T16:25:05.724079+00:00,1.1914224835366243,0.20520539077376898,0.1902111304844057,0.9269304756915773,17.643717982405757,1.661281780797208,NACA2412,0.23555406689441344,6.026164408839775,0.19780302476999448,15.0,5.0,1.225,0.5964133901067964,0.02930471887462583,20.352128019327793,analytic,converged,1,0.0,1.700012944638729e-06,d3c044325798,42,phase1
baseline_phase1_20260608T162505Z_d3c044325798,wing_000010,v15_a10,2026-06-08T16:25:05.724082+00:00,1.1914224835366243,0.20520539077376898,0.1902111304844057,0.9269304756915773,17.643717982405757,1.661281780797208,NACA2412,0.23555406689441344,6.026164408839775,0.19780302476999448,15.0,10.0,1.225,0.9772336821202368,0.06654540254656739,14.685217080719957,analytic,converged,1,0.0,1.6999547369778156e-06,d3c044325798,42,phase1
baseline_phase1_20260608T162505Z_d3c044325798,wing_000010,v15_a15,2026-06-08T16:25:05.724085+00:00,1.1914224835366243,0.20520539077376898,0.1902111304844057,0.9269304756915773,17.643717982405757,1.661281780797208,NACA2412,0.23555406689441344,6.026164408839775,0.19780302476999448,15.0,15.0,1.225,1.358053974133677,0.1218104682810746,11.14891021517134,analytic,converged,1,0.0,1.600012183189392e-06,d3c044325798,42,phase1
baseline_phase1_20260608T162505Z_d3c044325798,wing_000010,v20_a-5,2026-06-08T16:25:05.724088+00:00,1.1914224835366243,0.20520539077376898,0.1902111304844057,0.9269304756915773,17.643717982405757,1.661281780797208,NACA2412,0.23555406689441344,6.026164408839775,0.19780302476999448,20.0,-5.0,1.225,-0.16522719392008411,0.008896497718439658,-18.572161669599463,analytic,converged,1,0.0,1.7999554984271526e-06,d3c044325798,42,phase1
baseline_phase1_20260608T162505Z_d3c044325798,wing_000010,v20_a0,2026-06-08T16:25:05.724091+00:00,1.1914224835366243,0.20520539077376898,0.1902111304844057,0.9269304756915773,17.643717982405757,1.661281780797208,NACA2412,0.23555406689441344,6.026164408839775,0.19780302476999448,20.0,0.0,1.225,0.2155930980933562,0.010088417265249923,21.370358939848554,analytic,converged,1,0.0,1.500011421740055e-06,d3c044325798,42,phase1
baseline_phase1_20260608T162505Z_d3c044325798,wing_000010,v20_a5,2026-06-08T16:25:05.724094+00:00,1.1914224835366243,0.20520539077376898,0.1902111304844057,0.9269304756915773,17.643717982405757,1.661281780797208,NACA2412,0.23555406689441344,6.026164408839775,0.19780302476999448,20.0,5.0,1.225,0.5964133901067964,0.02930471887462583,20.352128019327793,analytic,converged,1,0.0,1.500011421740055e-06,d3c044325798,42,phase1
baseline_phase1_20260608T162505Z_d3c044325798,wing_000010,v20_a10,2026-06-08T16:25:05.724096+00:00,1.1914224835366243,0.20520539077376898,0.1902111304844057,0.9269304756915773,17.643717982405757,1.661281780797208,NACA2412,0.23555406689441344,6.026164408839775,0.19780302476999448,20.0,10.0,1.225,0.9772336821202368,0.06654540254656739,14.685217080719957,analytic,converged,1,0.0,1.4999532140791416e-06,d3c044325798,42,phase1
baseline_phase1_20260608T162505Z_d3c044325798,wing_000010,v20_a15,2026-06-08T16:25:05.724099+00:00,1.1914224835366243,0.20520539077376898,0.1902111304844057,0.9269304756915773,17.643717982405757,1.661281780797208,NACA2412,0.23555406689441344,6.026164408839775,0.19780302476999448,20.0,15.0,1.225,1.358053974133677,0.1218104682810746,11.14891021517134,analytic,converged,1,0.0,1.600012183189392e-06,d3c044325798,42,phase1
baseline_phase1_20260608T162505Z_d3c044325798,wing_000010,v25_a-5,2026-06-08T16:25:05.724103+00:00,1.1914224835366243,0.20520539077376898,0.1902111304844057,0.9269304756915773,17.643717982405757,1.661281780797208,NACA2412,0.23555406689441344,6.026164408839775,0.19780302476999448,25.0,-5.0,1.225,-0.16522719392008411,0.008896497718439658,-18.572161669599463,analytic,converged,1,0.0,1.400010660290718e-06,d3c044325798,42,phase1
baseline_phase1_20260608T162505Z_d3c044325798,wing_000010,v25_a0,2026-06-08T16:25:05.724105+00:00,1.1914224835366243,0.20520539077376898,0.1902111304844057,0.9269304756915773,17.643717982405757,1.661281780797208,NACA2412,0.23555406689441344,6.026164408839775,0.19780302476999448,25.0,0.0,1.225,0.2155930980933562,0.010088417265249923,21.370358939848554,analytic,converged,1,0.0,1.500011421740055e-06,d3c044325798,42,phase1
baseline_phase1_20260608T162505Z_d3c044325798,wing_000010,v25_a5,2026-06-08T16:25:05.724108+00:00,1.1914224835366243,0.20520539077376898,0.1902111304844057,0.9269304756915773,17.643717982405757,1.661281780797208,NACA2412,0.23555406689441344,6.026164408839775,0.19780302476999448,25.0,5.0,1.225,0.5964133901067964,0.02930471887462583,20.352128019327793,analytic,converged,1,0.0,1.500011421740055e-06,d3c044325798,42,phase1
baseline_phase1_20260608T162505Z_d3c044325798,wing_000010,v25_a10,2026-06-08T16:25:05.724110+00:00,1.1914224835366243,0.20520539077376898,0.1902111304844057,0.9269304756915773,17.643717982405757,1.661281780797208,NACA2412,0.23555406689441344,6.026164408839775,0.19780302476999448,25.0,10.0,1.225,0.9772336821202368,0.06654540254656739,14.685217080719957,analytic,converged,1,0.0,1.500011421740055e-06,d3c044325798,42,phase1
baseline_phase1_20260608T162505Z_d3c044325798,wing_000010,v25_a15,2026-06-08T16:25:05.724113+00:00,1.1914224835366243,0.20520539077376898,0.1902111304844057,0.9269304756915773,17.643717982405757,1.661281780797208,NACA2412,0.23555406689441344,6.026164408839775,0.19780302476999448,25.0,15.0,1.225,1.358053974133677,0.1218104682810746,11.14891021517134,analytic,converged,1,0.0,1.600012183189392e-06,d3c044325798,42,phase1
baseline_phase1_20260608T162505Z_d3c044325798,wing_000011,v15_a-5,2026-06-08T16:25:05.724115+00:00,1.8870780125178648,0.48065524277950245,0.18571902136388552,0.38638717491131774,28.225638492304807,1.5501478963223096,NACA0012,0.6287501109863796,5.663718165777814,0.35494351818071795,15.0,-5.0,1.225,-0.2988364586776661,0.013104684943279233,-22.803788108688952,analytic,converged,1,0.0,1.600012183189392e-06,d3c044325798,42,phase1
baseline_phase1_20260608T162505Z_d3c044325798,wing_000011,v15_a0,2026-06-08T16:25:05.724118+00:00,1.8870780125178648,0.48065524277950245,0.18571902136388552,0.38638717491131774,28.225638492304807,1.5501478963223096,NACA0012,0.6287501109863796,5.663718165777814,0.35494351818071795,15.0,0.0,1.225,0.05482234506352761,0.007398721467268814,7.409705218132085,analytic,converged,1,0.0,1.4999532140791416e-06,d3c044325798,42,phase1
baseline_phase1_20260608T162505Z_d3c044325798,wing_000011,v15_a5,2026-06-08T16:25:05.724120+00:00,1.8870780125178648,0.48065524277950245,0.18571902136388552,0.38638717491131774,28.225638492304807,1.5501478963223096,NACA0012,0.6287501109863796,5.663718165777814,0.35494351818071795,15.0,5.0,1.225,0.40848114880472136,0.018232491592961544,22.40402233134231,analytic,converged,1,0.0,1.600012183189392e-06,d3c044325798,42,phase1
baseline_phase1_20260608T162505Z_d3c044325798,wing_000011,v15_a10,2026-06-08T16:25:05.724122+00:00,1.8870780125178648,0.48065524277950245,0.18571902136388552,0.38638717491131774,28.225638492304807,1.5501478963223096,NACA0012,0.6287501109863796,5.663718165777814,0.35494351818071795,15.0,10.0,1.225,0.762139952545915,0.04560599532035741,16.7113982973575,analytic,converged,1,0.0,1.500011421740055e-06,d3c044325798,42,phase1
baseline_phase1_20260608T162505Z_d3c044325798,wing_000011,v15_a15,2026-06-08T16:25:05.724125+00:00,1.8870780125178648,0.48065524277950245,0.18571902136388552,0.38638717491131774,28.225638492304807,1.5501478963223096,NACA0012,0.6287501109863796,5.663718165777814,0.35494351818071795,15.0,15.0,1.225,1.1157987562871088,0.08951923264945644,12.464346747211353,analytic,converged,1,0.0,1.4999532140791416e-06,d3c044325798,42,phase1
baseline_phase1_20260608T162505Z_d3c044325798,wing_000011,v20_a-5,2026-06-08T16:25:05.724127+00:00,1.8870780125178648,0.48065524277950245,0.18571902136388552,0.38638717491131774,28.225638492304807,1.5501478963223096,NACA0012,0.6287501109863796,5.663718165777814,0.35494351818071795,20.0,-5.0,1.225,-0.2988364586776661,0.013104684943279233,-22.803788108688952,analytic,converged,1,0.0,1.500011421740055e-06,d3c044325798,42,phase1
baseline_phase1_20260608T162505Z_d3c044325798,wing_000011,v20_a0,2026-06-08T16:25:05.724130+00:00,1.8870780125178648,0.48065524277950245,0.18571902136388552,0.38638717491131774,28.225638492304807,1.5501478963223096,NACA0012,0.6287501109863796,5.663718165777814,0.35494351818071795,20.0,0.0,1.225,0.05482234506352761,0.007398721467268814,7.409705218132085,analytic,converged,1,0.0,1.500011421740055e-06,d3c044325798,42,phase1
baseline_phase1_20260608T162505Z_d3c044325798,wing_000011,v20_a5,2026-06-08T16:25:05.724132+00:00,1.8870780125178648,0.48065524277950245,0.18571902136388552,0.38638717491131774,28.225638492304807,1.5501478963223096,NACA0012,0.6287501109863796,5.663718165777814,0.35494351818071795,20.0,5.0,1.225,0.40848114880472136,0.018232491592961544,22.40402233134231,analytic,converged,1,0.0,1.500011421740055e-06,d3c044325798,42,phase1
baseline_phase1_20260608T162505Z_d3c044325798,wing_000011,v20_a10,2026-06-08T16:25:05.724135+00:00,1.8870780125178648,0.48065524277950245,0.18571902136388552,0.38638717491131774,28.225638492304807,1.5501478963223096,NACA0012,0.6287501109863796,5.663718165777814,0.35494351818071795,20.0,10.0,1.225,0.762139952545915,0.04560599532035741,16.7113982973575,analytic,converged,1,0.0,2.800021320581436e-06,d3c044325798,42,phase1
baseline_phase1_20260608T162505Z_d3c044325798,wing_000011,v20_a15,2026-06-08T16:25:05.724138+00:00,1.8870780125178648,0.48065524277950245,0.18571902136388552,0.38638717491131774,28.225638492304807,1.5501478963223096,NACA0012,0.6287501109863796,5.663718165777814,0.35494351818071795,20.0,15.0,1.225,1.1157987562871088,0.08951923264945644,12.464346747211353,analytic,converged,1,0.0,2.00001522898674e-06,d3c044325798,42,phase1
baseline_phase1_20260608T162505Z_d3c044325798,wing_000011,v25_a-5,2026-06-08T16:25:05.724140+00:00,1.8870780125178648,0.48065524277950245,0.18571902136388552,0.38638717491131774,28.225638492304807,1.5501478963223096,NACA0012,0.6287501109863796,5.663718165777814,0.35494351818071795,25.0,-5.0,1.225,-0.2988364586776661,0.013104684943279233,-22.803788108688952,analytic,converged,1,0.0,2.00001522898674e-06,d3c044325798,42,phase1
baseline_phase1_20260608T162505Z_d3c044325798,wing_000011,v25_a0,2026-06-08T16:25:05.724143+00:00,1.8870780125178648,0.48065524277950245,0.18571902136388552,0.38638717491131774,28.225638492304807,1.5501478963223096,NACA0012,0.6287501109863796,5.663718165777814,0.35494351818071795,25.0,0.0,1.225,0.05482234506352761,0.007398721467268814,7.409705218132085,analytic,converged,1,0.0,2.500019036233425e-06,d3c044325798,42,phase1
baseline_phase1_20260608T162505Z_d3c044325798,wing_000011,v25_a5,2026-06-08T16:25:05.724194+00:00,1.8870780125178648,0.48065524277950245,0.18571902136388552,0.38638717491131774,28.225638492304807,1.5501478963223096,NACA0012,0.6287501109863796,5.663718165777814,0.35494351818071795,25.0,5.0,1.225,0.40848114880472136,0.018232491592961544,22.40402233134231,analytic,converged,1,0.0,1.800013706088066e-06,d3c044325798,42,phase1
baseline_phase1_20260608T162505Z_d3c044325798,wing_000011,v25_a10,2026-06-08T16:25:05.724197+00:00,1.8870780125178648,0.48065524277950245,0.18571902136388552,0.38638717491131774,28.225638492304807,1.5501478963223096,NACA0012,0.6287501109863796,5.663718165777814,0.35494351818071795,25.0,10.0,1.225,0.762139952545915,0.04560599532035741,16.7113982973575,analytic,converged,1,0.0,1.700012944638729e-06,d3c044325798,42,phase1
baseline_phase1_20260608T162505Z_d3c044325798,wing_000011,v25_a15,2026-06-08T16:25:05.724199+00:00,1.8870780125178648,0.48065524277950245,0.18571902136388552,0.38638717491131774,28.225638492304807,1.5501478963223096,NACA0012,0.6287501109863796,5.663718165777814,0.35494351818071795,25.0,15.0,1.225,1.1157987562871088,0.08951923264945644,12.464346747211353,analytic,converged,1,0.0,1.500011421740055e-06,d3c044325798,42,phase1
baseline_phase1_20260608T162505Z_d3c044325798,wing_000012,v15_a-5,2026-06-08T16:25:05.724202+00:00,1.137954873225132,0.440623909554987,0.1681449547606263,0.38160651547585367,24.574845822878704,3.253764426415785,NACA2412,0.3463757479078406,3.7385449221501736,0.32471091542533664,15.0,-5.0,1.225,-0.08709151143012658,0.007959766697283844,-10.941465339661942,analytic,converged,1,0.0,2.5999615900218487e-06,d3c044325798,42,phase1
baseline_phase1_20260608T162505Z_d3c044325798,wing_000012,v15_a0,2026-06-08T16:25:05.724205+00:00,1.137954873225132,0.440623909554987,0.1681449547606263,0.38160651547585367,24.574845822878704,3.253764426415785,NACA2412,0.3463757479078406,3.7385449221501736,0.32471091542533664,15.0,0.0,1.225,0.23003900813582667,0.012500679805161364,18.402119862381134,analytic,converged,1,0.0,2.400018274784088e-06,d3c044325798,42,phase1
baseline_phase1_20260608T162505Z_d3c044325798,wing_000012,v15_a5,2026-06-08T16:25:05.724207+00:00,1.137954873225132,0.440623909554987,0.1681449547606263,0.38160651547585367,24.574845822878704,3.253764426415785,NACA2412,0.3463757479078406,3.7385449221501736,0.32471091542533664,15.0,5.0,1.225,0.54716952770178,0.03718971955242791,14.712924278184245,analytic,converged,1,0.0,1.800013706088066e-06,d3c044325798,42,phase1
baseline_phase1_20260608T162505Z_d3c044325798,wing_000012,v15_a10,2026-06-08T16:25:05.724210+00:00,1.137954873225132,0.440623909554987,0.1681449547606263,0.38160651547585367,24.574845822878704,3.253764426415785,NACA2412,0.3463757479078406,3.7385449221501736,0.32471091542533664,15.0,10.0,1.225,0.8643000472677331,0.08202688593908347,10.53678970465364,analytic,converged,1,0.0,1.700012944638729e-06,d3c044325798,42,phase1
baseline_phase1_20260608T162505Z_d3c044325798,wing_000012,v15_a15,2026-06-08T16:25:05.724213+00:00,1.137954873225132,0.440623909554987,0.1681449547606263,0.38160651547585367,24.574845822878704,3.253764426415785,NACA2412,0.3463757479078406,3.7385449221501736,0.32471091542533664,15.0,15.0,1.225,1.1814305668336864,0.14701217896512808,8.036276825159682,analytic,converged,1,0.0,2.4999608285725117e-06,d3c044325798,42,phase1
baseline_phase1_20260608T162505Z_d3c044325798,wing_000012,v20_a-5,2026-06-08T16:25:05.724215+00:00,1.137954873225132,0.440623909554987,0.1681449547606263,0.38160651547585367,24.574845822878704,3.253764426415785,NACA2412,0.3463757479078406,3.7385449221501736,0.32471091542533664,20.0,-5.0,1.225,-0.08709151143012658,0.007959766697283844,-10.941465339661942,analytic,converged,1,0.0,1.700012944638729e-06,d3c044325798,42,phase1
baseline_phase1_20260608T162505Z_d3c044325798,wing_000012,v20_a0,2026-06-08T16:25:05.724218+00:00,1.137954873225132,0.440623909554987,0.1681449547606263,0.38160651547585367,24.574845822878704,3.253764426415785,NACA2412,0.3463757479078406,3.7385449221501736,0.32471091542533664,20.0,0.0,1.225,0.23003900813582667,0.012500679805161364,18.402119862381134,analytic,converged,1,0.0,1.500011421740055e-06,d3c044325798,42,phase1
baseline_phase1_20260608T162505Z_d3c044325798,wing_000012,v20_a5,2026-06-08T16:25:05.724220+00:00,1.137954873225132,0.440623909554987,0.1681449547606263,0.38160651547585367,24.574845822878704,3.253764426415785,NACA2412,0.3463757479078406,3.7385449221501736,0.32471091542533664,20.0,5.0,1.225,0.54716952770178,0.03718971955242791,14.712924278184245,analytic,converged,1,0.0,1.600012183189392e-06,d3c044325798,42,phase1
baseline_phase1_20260608T162505Z_d3c044325798,wing_000012,v20_a10,2026-06-08T16:25:05.724223+00:00,1.137954873225132,0.440623909554987,0.1681449547606263,0.38160651547585367,24.574845822878704,3.253764426415785,NACA2412,0.3463757479078406,3.7385449221501736,0.32471091542533664,20.0,10.0,1.225,0.8643000472677331,0.08202688593908347,10.53678970465364,analytic,converged,1,0.0,2.300017513334751e-06,d3c044325798,42,phase1
baseline_phase1_20260608T162505Z_d3c044325798,wing_000012,v20_a15,2026-06-08T16:25:05.724225+00:00,1.137954873225132,0.440623909554987,0.1681449547606263,0.38160651547585367,24.574845822878704,3.253764426415785,NACA2412,0.3463757479078406,3.7385449221501736,0.32471091542533664,20.0,15.0,1.225,1.1814305668336864,0.14701217896512808,8.036276825159682,analytic,converged,1,0.0,1.7999554984271526e-06,d3c044325798,42,phase1
baseline_phase1_20260608T162505Z_d3c044325798,wing_000012,v25_a-5,2026-06-08T16:25:05.724228+00:00,1.137954873225132,0.440623909554987,0.1681449547606263,0.38160651547585367,24.574845822878704,3.253764426415785,NACA2412,0.3463757479078406,3.7385449221501736,0.32471091542533664,25.0,-5.0,1.225,-0.08709151143012658,0.007959766697283844,-10.941465339661942,analytic,converged,1,0.0,1.600012183189392e-06,d3c044325798,42,phase1
baseline_phase1_20260608T162505Z_d3c044325798,wing_000012,v25_a0,2026-06-08T16:25:05.724230+00:00,1.137954873225132,0.440623909554987,0.1681449547606263,0.38160651547585367,24.574845822878704,3.253764426415785,NACA2412,0.3463757479078406,3.7385449221501736,0.32471091542533664,25.0,0.0,1.225,0.23003900813582667,0.012500679805161364,18.402119862381134,analytic,converged,1,0.0,1.500011421740055e-06,d3c044325798,42,phase1
baseline_phase1_20260608T162505Z_d3c044325798,wing_000012,v25_a5,2026-06-08T16:25:05.724232+00:00,1.137954873225132,0.440623909554987,0.1681449547606263,0.38160651547585367,24.574845822878704,3.253764426415785,NACA2412,0.3463757479078406,3.7385449221501736,0.32471091542533664,25.0,5.0,1.225,0.54716952770178,0.03718971955242791,14.712924278184245,analytic,converged,1,0.0,1.600012183189392e-06,d3c044325798,42,phase1
baseline_phase1_20260608T162505Z_d3c044325798,wing_000012,v25_a10,2026-06-08T16:25:05.724235+00:00,1.137954873225132,0.440623909554987,0.1681449547606263,0.38160651547585367,24.574845822878704,3.253764426415785,NACA2412,0.3463757479078406,3.7385449221501736,0.32471091542533664,25.0,10.0,1.225,0.8643000472677331,0.08202688593908347,10.53678970465364,analytic,converged,1,0.0,1.400010660290718e-06,d3c044325798,42,phase1
baseline_phase1_20260608T162505Z_d3c044325798,wing_000012,v25_a15,2026-06-08T16:25:05.724237+00:00,1.137954873225132,0.440623909554987,0.1681449547606263,0.38160651547585367,24.574845822878704,3.253764426415785,NACA2412,0.3463757479078406,3.7385449221501736,0.32471091542533664,25.0,15.0,1.225,1.1814305668336864,0.14701217896512808,8.036276825159682,analytic,converged,1,0.0,1.4999532140791416e-06,d3c044325798,42,phase1
baseline_phase1_20260608T162505Z_d3c044325798,wing_000013,v15_a-5,2026-06-08T16:25:05.724239+00:00,1.996894240339187,0.37605486819131484,0.2982770717608158,0.793174339679256,6.102894000548515,-2.356185863773714,NACA2412,0.67328478348358,5.922585367915221,0.3386611252201363,15.0,-5.0,1.225,-0.3265751053022212,0.013943510271769386,-23.421297717506533,analytic,converged,1,0.0,1.800013706088066e-06,d3c044325798,42,phase1
baseline_phase1_20260608T162505Z_d3c044325798,wing_000013,v15_a0,2026-06-08T16:25:05.724242+00:00,1.996894240339187,0.37605486819131484,0.2982770717608158,0.793174339679256,6.102894000548515,-2.356185863773714,NACA2412,0.67328478348358,5.922585367915221,0.3386611252201363,15.0,0.0,1.225,0.06424327837927524,0.007460960792519802,8.610590534624462,analytic,converged,1,0.0,1.500011421740055e-06,d3c044325798,42,phase1
baseline_phase1_20260608T162505Z_d3c044325798,wing_000013,v15_a5,2026-06-08T16:25:05.724244+00:00,1.996894240339187,0.37605486819131484,0.2982770717608158,0.793174339679256,6.102894000548515,-2.356185863773714,NACA2412,0.67328478348358,5.922585367915221,0.3386611252201363,15.0,5.0,1.225,0.4550616620607717,0.020293639201038535,22.423856931362202,analytic,converged,1,0.0,1.6999547369778156e-06,d3c044325798,42,phase1
baseline_phase1_20260608T162505Z_d3c044325798,wing_000013,v15_a10,2026-06-08T16:25:05.724246+00:00,1.996894240339187,0.37605486819131484,0.2982770717608158,0.793174339679256,6.102894000548515,-2.356185863773714,NACA2412,0.67328478348358,5.922585367915221,0.3386611252201363,15.0,10.0,1.225,0.8458800457422683,0.05244154549732558,16.129960277112858,analytic,converged,1,0.0,1.500011421740055e-06,d3c044325798,42,phase1
baseline_phase1_20260608T162505Z_d3c044325798,wing_000013,v15_a15,2026-06-08T16:25:05.724249+00:00,1.996894240339187,0.37605486819131484,0.2982770717608158,0.793174339679256,6.102894000548515,-2.356185863773714,NACA2412,0.67328478348358,5.922585367915221,0.3386611252201363,15.0,15.0,1.225,1.2366984294237648,0.10390467968138097,11.902239949307818,analytic,converged,1,0.0,1.500011421740055e-06,d3c044325798,42,phase1
baseline_phase1_20260608T162505Z_d3c044325798,wing_000013,v20_a-5,2026-06-08T16:25:05.724251+00:00,1.996894240339187,0.37605486819131484,0.2982770717608158,0.793174339679256,6.102894000548515,-2.356185863773714,NACA2412,0.67328478348358,5.922585367915221,0.3386611252201363,20.0,-5.0,1.225,-0.3265751053022212,0.013943510271769386,-23.421297717506533,analytic,converged,1,0.0,2.00001522898674e-06,d3c044325798,42,phase1
baseline_phase1_20260608T162505Z_d3c044325798,wing_000013,v20_a0,2026-06-08T16:25:05.724254+00:00,1.996894240339187,0.37605486819131484,0.2982770717608158,0.793174339679256,6.102894000548515,-2.356185863773714,NACA2412,0.67328478348358,5.922585367915221,0.3386611252201363,20.0,0.0,1.225,0.06424327837927524,0.007460960792519802,8.610590534624462,analytic,converged,1,0.0,1.5999539755284786e-06,d3c044325798,42,phase1
baseline_phase1_20260608T162505Z_d3c044325798,wing_000013,v20_a5,2026-06-08T16:25:05.724256+00:00,1.996894240339187,0.37605486819131484,0.2982770717608158,0.793174339679256,6.102894000548515,-2.356185863773714,NACA2412,0.67328478348358,5.922585367915221,0.3386611252201363,20.0,5.0,1.225,0.4550616620607717,0.020293639201038535,22.423856931362202,analytic,converged,1,0.0,2.800021320581436e-06,d3c044325798,42,phase1
baseline_phase1_20260608T162505Z_d3c044325798,wing_000013,v20_a10,2026-06-08T16:25:05.724259+00:00,1.996894240339187,0.37605486819131484,0.2982770717608158,0.793174339679256,6.102894000548515,-2.356185863773714,NACA2412,0.67328478348358,5.922585367915221,0.3386611252201363,20.0,10.0,1.225,0.8458800457422683,0.05244154549732558,16.129960277112858,analytic,converged,1,0.0,2.0999577827751637e-06,d3c044325798,42,phase1
baseline_phase1_20260608T162505Z_d3c044325798,wing_000013,v20_a15,2026-06-08T16:25:05.724263+00:00,1.996894240339187,0.37605486819131484,0.2982770717608158,0.793174339679256,6.102894000548515,-2.356185863773714,NACA2412,0.67328478348358,5.922585367915221,0.3386611252201363,20.0,15.0,1.225,1.2366984294237648,0.10390467968138097,11.902239949307818,analytic,converged,1,0.0,2.00001522898674e-06,d3c044325798,42,phase1
baseline_phase1_20260608T162505Z_d3c044325798,wing_000013,v25_a-5,2026-06-08T16:25:05.724265+00:00,1.996894240339187,0.37605486819131484,0.2982770717608158,0.793174339679256,6.102894000548515,-2.356185863773714,NACA2412,0.67328478348358,5.922585367915221,0.3386611252201363,25.0,-5.0,1.225,-0.3265751053022212,0.013943510271769386,-23.421297717506533,analytic,converged,1,0.0,3.5999692045152187e-06,d3c044325798,42,phase1
baseline_phase1_20260608T162505Z_d3c044325798,wing_000013,v25_a0,2026-06-08T16:25:05.724268+00:00,1.996894240339187,0.37605486819131484,0.2982770717608158,0.793174339679256,6.102894000548515,-2.356185863773714,NACA2412,0.67328478348358,5.922585367915221,0.3386611252201363,25.0,0.0,1.225,0.06424327837927524,0.007460960792519802,8.610590534624462,analytic,converged,1,0.0,1.700012944638729e-06,d3c044325798,42,phase1
baseline_phase1_20260608T162505Z_d3c044325798,wing_000013,v25_a5,2026-06-08T16:25:05.724270+00:00,1.996894240339187,0.37605486819131484,0.2982770717608158,0.793174339679256,6.102894000548515,-2.356185863773714,NACA2412,0.67328478348358,5.922585367915221,0.3386611252201363,25.0,5.0,1.225,0.4550616620607717,0.020293639201038535,22.423856931362202,analytic,converged,1,0.0,1.3999524526298046e-06,d3c044325798,42,phase1
baseline_phase1_20260608T162505Z_d3c044325798,wing_000013,v25_a10,2026-06-08T16:25:05.724273+00:00,1.996894240339187,0.37605486819131484,0.2982770717608158,0.793174339679256,6.102894000548515,-2.356185863773714,NACA2412,0.67328478348358,5.922585367915221,0.3386611252201363,25.0,10.0,1.225,0.8458800457422683,0.05244154549732558,16.129960277112858,analytic,converged,1,0.0,1.400010660290718e-06,d3c044325798,42,phase1
baseline_phase1_20260608T162505Z_d3c044325798,wing_000013,v25_a15,2026-06-08T16:25:05.724276+00:00,1.996894240339187,0.37605486819131484,0.2982770717608158,0.793174339679256,6.102894000548515,-2.356185863773714,NACA2412,0.67328478348358,5.922585367915221,0.3386611252201363,25.0,15.0,1.225,1.2366984294237648,0.10390467968138097,11.902239949307818,analytic,converged,1,0.0,1.600012183189392e-06,d3c044325798,42,phase1
baseline_phase1_20260608T162505Z_d3c044325798,wing_000014,v15_a-5,2026-06-08T16:25:05.724278+00:00,1.8090637493276343,0.3646408361303236,0.2705966726806744,0.7420909724547757,6.521204818077958,-2.9807266216927624,NACA4412,0.5745925747015851,5.695708216958846,0.31993922629101956,15.0,-5.0,1.225,-0.19237464879276203,0.009633207512265804,-19.969947553586337,analytic,converged,1,0.0,1.500011421740055e-06,d3c044325798,42,phase1
baseline_phase1_20260608T162505Z_d3c044325798,wing_000014,v15_a0,2026-06-08T16:25:05.724281+00:00,1.8090637493276343,0.3646408361303236,0.2705966726806744,0.7420909724547757,6.521204818077958,-2.9807266216927624,NACA4412,0.5745925747015851,5.695708216958846,0.31993922629101956,15.0,0.0,1.225,0.19386347147447944,0.009671015327333696,20.04582403323806,analytic,converged,1,0.0,1.600012183189392e-06,d3c044325798,42,phase1
baseline_phase1_20260608T162505Z_d3c044325798,wing_000014,v15_a5,2026-06-08T16:25:05.724284+00:00,1.8090637493276343,0.3646408361303236,0.2705966726806744,0.7420909724547757,6.521204818077958,-2.9807266216927624,NACA4412,0.5745925747015851,5.695708216958846,0.31993922629101956,15.0,5.0,1.225,0.5801015917417209,0.029325423027070488,19.78152510216904,analytic,converged,1,0.0,1.500011421740055e-06,d3c044325798,42,phase1
baseline_phase1_20260608T162505Z_d3c044325798,wing_000014,v15_a10,2026-06-08T16:25:05.724286+00:00,1.8090637493276343,0.3646408361303236,0.2705966726806744,0.7420909724547757,6.521204818077958,-2.9807266216927624,NACA4412,0.5745925747015851,5.695708216958846,0.31993922629101956,15.0,10.0,1.225,0.9663397120089623,0.06859643061147616,14.087317713106984,analytic,converged,1,0.0,1.500011421740055e-06,d3c044325798,42,phase1
baseline_phase1_20260608T162505Z_d3c044325798,wing_000014,v15_a15,2026-06-08T16:25:05.724289+00:00,1.8090637493276343,0.3646408361303236,0.2705966726806744,0.7420909724547757,6.521204818077958,-2.9807266216927624,NACA4412,0.5745925747015851,5.695708216958846,0.31993922629101956,15.0,15.0,1.225,1.3525778322762037,0.1274840380805507,10.609781841249633,analytic,converged,1,0.0,1.600012183189392e-06,d3c044325798,42,phase1
baseline_phase1_20260608T162505Z_d3c044325798,wing_000014,v20_a-5,2026-06-08T16:25:05.724291+00:00,1.8090637493276343,0.3646408361303236,0.2705966726806744,0.7420909724547757,6.521204818077958,-2.9807266216927624,NACA4412,0.5745925747015851,5.695708216958846,0.31993922629101956,20.0,-5.0,1.225,-0.19237464879276203,0.009633207512265804,-19.969947553586337,analytic,converged,1,0.0,1.8999562598764896e-06,d3c044325798,42,phase1
baseline_phase1_20260608T162505Z_d3c044325798,wing_000014,v20_a0,2026-06-08T16:25:05.724294+00:00,1.8090637493276343,0.3646408361303236,0.2705966726806744,0.7420909724547757,6.521204818077958,-2.9807266216927624,NACA4412,0.5745925747015851,5.695708216958846,0.31993922629101956,20.0,0.0,1.225,0.19386347147447944,0.009671015327333696,20.04582403323806,analytic,converged,1,0.0,1.500011421740055e-06,d3c044325798,42,phase1
baseline_phase1_20260608T162505Z_d3c044325798,wing_000014,v20_a5,2026-06-08T16:25:05.724296+00:00,1.8090637493276343,0.3646408361303236,0.2705966726806744,0.7420909724547757,6.521204818077958,-2.9807266216927624,NACA4412,0.5745925747015851,5.695708216958846,0.31993922629101956,20.0,5.0,1.225,0.5801015917417209,0.029325423027070488,19.78152510216904,analytic,converged,1,0.0,1.500011421740055e-06,d3c044325798,42,phase1
baseline_phase1_20260608T162505Z_d3c044325798,wing_000014,v20_a10,2026-06-08T16:25:05.724299+00:00,1.8090637493276343,0.3646408361303236,0.2705966726806744,0.7420909724547757,6.521204818077958,-2.9807266216927624,NACA4412,0.5745925747015851,5.695708216958846,0.31993922629101956,20.0,10.0,1.225,0.9663397120089623,0.06859643061147616,14.087317713106984,analytic,converged,1,0.0,1.5999539755284786e-06,d3c044325798,42,phase1
baseline_phase1_20260608T162505Z_d3c044325798,wing_000014,v20_a15,2026-06-08T16:25:05.724301+00:00,1.8090637493276343,0.3646408361303236,0.2705966726806744,0.7420909724547757,6.521204818077958,-2.9807266216927624,NACA4412,0.5745925747015851,5.695708216958846,0.31993922629101956,20.0,15.0,1.225,1.3525778322762037,0.1274840380805507,10.609781841249633,analytic,converged,1,0.0,1.500011421740055e-06,d3c044325798,42,phase1
baseline_phase1_20260608T162505Z_d3c044325798,wing_000014,v25_a-5,2026-06-08T16:25:05.724303+00:00,1.8090637493276343,0.3646408361303236,0.2705966726806744,0.7420909724547757,6.521204818077958,-2.9807266216927624,NACA4412,0.5745925747015851,5.695708216958846,0.31993922629101956,25.0,-5.0,1.225,-0.19237464879276203,0.009633207512265804,-19.969947553586337,analytic,converged,1,0.0,2.5999615900218487e-06,d3c044325798,42,phase1
baseline_phase1_20260608T162505Z_d3c044325798,wing_000014,v25_a0,2026-06-08T16:25:05.724306+00:00,1.8090637493276343,0.3646408361303236,0.2705966726806744,0.7420909724547757,6.521204818077958,-2.9807266216927624,NACA4412,0.5745925747015851,5.695708216958846,0.31993922629101956,25.0,0.0,1.225,0.19386347147447944,0.009671015327333696,20.04582403323806,analytic,converged,1,0.0,1.700012944638729e-06,d3c044325798,42,phase1
baseline_phase1_20260608T162505Z_d3c044325798,wing_000014,v25_a5,2026-06-08T16:25:05.724308+00:00,1.8090637493276343,0.3646408361303236,0.2705966726806744,0.7420909724547757,6.521204818077958,-2.9807266216927624,NACA4412,0.5745925747015851,5.695708216958846,0.31993922629101956,25.0,5.0,1.225,0.5801015917417209,0.029325423027070488,19.78152510216904,analytic,converged,1,0.0,1.600012183189392e-06,d3c044325798,42,phase1
baseline_phase1_20260608T162505Z_d3c044325798,wing_000014,v25_a10,2026-06-08T16:25:05.724311+00:00,1.8090637493276343,0.3646408361303236,0.2705966726806744,0.7420909724547757,6.521204818077958,-2.9807266216927624,NACA4412,0.5745925747015851,5.695708216958846,0.31993922629101956,25.0,10.0,1.225,0.9663397120089623,0.06859643061147616,14.087317713106984,analytic,converged,1,0.0,1.500011421740055e-06,d3c044325798,42,phase1
baseline_phase1_20260608T162505Z_d3c044325798,wing_000014,v25_a15,2026-06-08T16:25:05.724313+00:00,1.8090637493276343,0.3646408361303236,0.2705966726806744,0.7420909724547757,6.521204818077958,-2.9807266216927624,NACA4412,0.5745925747015851,5.695708216958846,0.31993922629101956,25.0,15.0,1.225,1.3525778322762037,0.1274840380805507,10.609781841249633,analytic,converged,1,0.0,1.700012944638729e-06,d3c044325798,42,phase1
baseline_phase1_20260608T162505Z_d3c044325798,wing_000015,v15_a-5,2026-06-08T16:25:05.724316+00:00,1.220556008364392,0.4558345854203574,0.29133748585633223,0.6391298404610288,29.878183016075027,4.0730592331053845,NACA2412,0.45598268043941564,3.2671349888087584,0.37962197140316817,15.0,-5.0,1.225,-0.05639600223587854,0.00756455307099687,-7.455298641780376,analytic,converged,1,0.0,1.4999532140791416e-06,d3c044325798,42,phase1
baseline_phase1_20260608T162505Z_d3c044325798,wing_000015,v15_a0,2026-06-08T16:25:05.724318+00:00,1.220556008364392,0.4558345854203574,0.29133748585633223,0.6391298404610288,29.878183016075027,4.0730592331053845,NACA2412,0.45598268043941564,3.2671349888087584,0.37962197140316817,15.0,0.0,1.225,0.23627517481729154,0.01359882612486242,17.374674302608746,analytic,converged,1,0.0,1.500011421740055e-06,d3c044325798,42,phase1
baseline_phase1_20260608T162505Z_d3c044325798,wing_000015,v15_a5,2026-06-08T16:25:05.724320+00:00,1.220556008364392,0.4558345854203574,0.29133748585633223,0.6391298404610288,29.878183016075027,4.0730592331053845,NACA2412,0.45598268043941564,3.2671349888087584,0.37962197140316817,15.0,5.0,1.225,0.5289463518704616,0.0392691445528609,13.469770169259414,analytic,converged,1,0.0,1.500011421740055e-06,d3c044325798,42,phase1
baseline_phase1_20260608T162505Z_d3c044325798,wing_000015,v15_a10,2026-06-08T16:25:05.724323+00:00,1.220556008364392,0.4558345854203574,0.29133748585633223,0.6391298404610288,29.878183016075027,4.0730592331053845,NACA2412,0.45598268043941564,3.2671349888087584,0.37962197140316817,15.0,10.0,1.225,0.8216175289236317,0.08457550835499233,9.71460349342533,analytic,converged,1,0.0,1.600012183189392e-06,d3c044325798,42,phase1
baseline_phase1_20260608T162505Z_d3c044325798,wing_000015,v15_a15,2026-06-08T16:25:05.724325+00:00,1.220556008364392,0.4558345854203574,0.29133748585633223,0.6391298404610288,29.878183016075027,4.0730592331053845,NACA2412,0.45598268043941564,3.2671349888087584,0.37962197140316817,15.0,15.0,1.225,1.1142887059768019,0.14951791753125673,7.45254297528495,analytic,converged,1,0.0,1.800013706088066e-06,d3c044325798,42,phase1
baseline_phase1_20260608T162505Z_d3c044325798,wing_000015,v20_a-5,2026-06-08T16:25:05.724328+00:00,1.220556008364392,0.4558345854203574,0.29133748585633223,0.6391298404610288,29.878183016075027,4.0730592331053845,NACA2412,0.45598268043941564,3.2671349888087584,0.37962197140316817,20.0,-5.0,1.225,-0.05639600223587854,0.00756455307099687,-7.455298641780376,analytic,converged,1,0.0,1.4999532140791416e-06,d3c044325798,42,phase1
baseline_phase1_20260608T162505Z_d3c044325798,wing_000015,v20_a0,2026-06-08T16:25:05.724330+00:00,1.220556008364392,0.4558345854203574,0.29133748585633223,0.6391298404610288,29.878183016075027,4.0730592331053845,NACA2412,0.45598268043941564,3.2671349888087584,0.37962197140316817,20.0,0.0,1.225,0.23627517481729154,0.01359882612486242,17.374674302608746,analytic,converged,1,0.0,1.500011421740055e-06,d3c044325798,42,phase1
baseline_phase1_20260608T162505Z_d3c044325798,wing_000015,v20_a5,2026-06-08T16:25:05.724332+00:00,1.220556008364392,0.4558345854203574,0.29133748585633223,0.6391298404610288,29.878183016075027,4.0730592331053845,NACA2412,0.45598268043941564,3.2671349888087584,0.37962197140316817,20.0,5.0,1.225,0.5289463518704616,0.0392691445528609,13.469770169259414,analytic,converged,1,0.0,1.600012183189392e-06,d3c044325798,42,phase1
baseline_phase1_20260608T162505Z_d3c044325798,wing_000015,v20_a10,2026-06-08T16:25:05.724335+00:00,1.220556008364392,0.4558345854203574,0.29133748585633223,0.6391298404610288,29.878183016075027,4.0730592331053845,NACA2412,0.45598268043941564,3.2671349888087584,0.37962197140316817,20.0,10.0,1.225,0.8216175289236317,0.08457550835499233,9.71460349342533,analytic,converged,1,0.0,1.5999539755284786e-06,d3c044325798,42,phase1
baseline_phase1_20260608T162505Z_d3c044325798,wing_000015,v20_a15,2026-06-08T16:25:05.724337+00:00,1.220556008364392,0.4558345854203574,0.29133748585633223,0.6391298404610288,29.878183016075027,4.0730592331053845,NACA2412,0.45598268043941564,3.2671349888087584,0.37962197140316817,20.0,15.0,1.225,1.1142887059768019,0.14951791753125673,7.45254297528495,analytic,converged,1,0.0,1.700012944638729e-06,d3c044325798,42,phase1
baseline_phase1_20260608T162505Z_d3c044325798,wing_000015,v25_a-5,2026-06-08T16:25:05.724340+00:00,1.220556008364392,0.4558345854203574,0.29133748585633223,0.6391298404610288,29.878183016075027,4.0730592331053845,NACA2412,0.45598268043941564,3.2671349888087584,0.37962197140316817,25.0,-5.0,1.225,-0.05639600223587854,0.00756455307099687,-7.455298641780376,analytic,converged,1,0.0,1.700012944638729e-06,d3c044325798,42,phase1
baseline_phase1_20260608T162505Z_d3c044325798,wing_000015,v25_a0,2026-06-08T16:25:05.724342+00:00,1.220556008364392,0.4558345854203574,0.29133748585633223,0.6391298404610288,29.878183016075027,4.0730592331053845,NACA2412,0.45598268043941564,3.2671349888087584,0.37962197140316817,25.0,0.0,1.225,0.23627517481729154,0.01359882612486242,17.374674302608746,analytic,converged,1,0.0,2.600019797682762e-06,d3c044325798,42,phase1
baseline_phase1_20260608T162505Z_d3c044325798,wing_000015,v25_a5,2026-06-08T16:25:05.724344+00:00,1.220556008364392,0.4558345854203574,0.29133748585633223,0.6391298404610288,29.878183016075027,4.0730592331053845,NACA2412,0.45598268043941564,3.2671349888087584,0.37962197140316817,25.0,5.0,1.225,0.5289463518704616,0.0392691445528609,13.469770169259414,analytic,converged,1,0.0,1.600012183189392e-06,d3c044325798,42,phase1
baseline_phase1_20260608T162505Z_d3c044325798,wing_000015,v25_a10,2026-06-08T16:25:05.724347+00:00,1.220556008364392,0.4558345854203574,0.29133748585633223,0.6391298404610288,29.878183016075027,4.0730592331053845,NACA2412,0.45598268043941564,3.2671349888087584,0.37962197140316817,25.0,10.0,1.225,0.8216175289236317,0.08457550835499233,9.71460349342533,analytic,converged,1,0.0,1.500011421740055e-06,d3c044325798,42,phase1
baseline_phase1_20260608T162505Z_d3c044325798,wing_000015,v25_a15,2026-06-08T16:25:05.724349+00:00,1.220556008364392,0.4558345854203574,0.29133748585633223,0.6391298404610288,29.878183016075027,4.0730592331053845,NACA2412,0.45598268043941564,3.2671349888087584,0.37962197140316817,25.0,15.0,1.225,1.1142887059768019,0.14951791753125673,7.45254297528495,analytic,converged,1,0.0,1.600012183189392e-06,d3c044325798,42,phase1
baseline_phase1_20260608T162505Z_d3c044325798,wing_000016,v15_a-5,2026-06-08T16:25:05.724352+00:00,1.4056874625331248,0.2837809052818467,0.2472958378773133,0.8714322679029549,4.510236740071429,-4.54105894153483,NACA2412,0.37326395975087784,5.293726304681544,0.26595612669082647,15.0,-5.0,1.225,-0.39927104998877966,0.01847730591724415,-21.608726498171766,analytic,converged,1,0.0,1.800013706088066e-06,d3c044325798,42,phase1
baseline_phase1_20260608T162505Z_d3c044325798,wing_000016,v15_a0,2026-06-08T16:25:05.724354+00:00,1.4056874625331248,0.2837809052818467,0.2472958378773133,0.8714322679029549,4.510236740071429,-4.54105894153483,NACA2412,0.37326395975087784,5.293726304681544,0.26595612669082647,15.0,0.0,1.225,-0.020494067331434013,0.007229711599702157,-2.8347005338744506,analytic,converged,1,0.0,1.600012183189392e-06,d3c044325798,42,phase1
baseline_phase1_20260608T162505Z_d3c044325798,wing_000016,v15_a5,2026-06-08T16:25:05.724357+00:00,1.4056874625331248,0.2837809052818467,0.2472958378773133,0.8714322679029549,4.510236740071429,-4.54105894153483,NACA2412,0.37326395975087784,5.293726304681544,0.26595612669082647,15.0,5.0,1.225,0.3582829153259116,0.01628075412435643,22.00653069196046,analytic,converged,1,0.0,1.500011421740055e-06,d3c044325798,42,phase1
baseline_phase1_20260608T162505Z_d3c044325798,wing_000016,v15_a10,2026-06-08T16:25:05.724360+00:00,1.4056874625331248,0.2837809052818467,0.2472958378773133,0.8714322679029549,4.510236740071429,-4.54105894153483,NACA2412,0.37326395975087784,5.293726304681544,0.26595612669082647,15.0,10.0,1.225,0.7370598979832573,0.045630433491206976,16.152813847917738,analytic,converged,1,0.0,1.4999532140791416e-06,d3c044325798,42,phase1
baseline_phase1_20260608T162505Z_d3c044325798,wing_000016,v15_a15,2026-06-08T16:25:05.724362+00:00,1.4056874625331248,0.2837809052818467,0.2472958378773133,0.8714322679029549,4.510236740071429,-4.54105894153483,NACA2412,0.37326395975087784,5.293726304681544,0.26595612669082647,15.0,15.0,1.225,1.115836880640603,0.09527874970025378,11.711288027508939,analytic,converged,1,0.0,1.500011421740055e-06,d3c044325798,42,phase1
baseline_phase1_20260608T162505Z_d3c044325798,wing_000016,v20_a-5,2026-06-08T16:25:05.724365+00:00,1.4056874625331248,0.2837809052818467,0.2472958378773133,0.8714322679029549,4.510236740071429,-4.54105894153483,NACA2412,0.37326395975087784,5.293726304681544,0.26595612669082647,20.0,-5.0,1.225,-0.39927104998877966,0.01847730591724415,-21.608726498171766,analytic,converged,1,0.0,1.600012183189392e-06,d3c044325798,42,phase1
baseline_phase1_20260608T162505Z_d3c044325798,wing_000016,v20_a0,2026-06-08T16:25:05.724368+00:00,1.4056874625331248,0.2837809052818467,0.2472958378773133,0.8714322679029549,4.510236740071429,-4.54105894153483,NACA2412,0.37326395975087784,5.293726304681544,0.26595612669082647,20.0,0.0,1.225,-0.020494067331434013,0.007229711599702157,-2.8347005338744506,analytic,converged,1,0.0,1.700012944638729e-06,d3c044325798,42,phase1
baseline_phase1_20260608T162505Z_d3c044325798,wing_000016,v20_a5,2026-06-08T16:25:05.724371+00:00,1.4056874625331248,0.2837809052818467,0.2472958378773133,0.8714322679029549,4.510236740071429,-4.54105894153483,NACA2412,0.37326395975087784,5.293726304681544,0.26595612669082647,20.0,5.0,1.225,0.3582829153259116,0.01628075412435643,22.00653069196046,analytic,converged,1,0.0,1.600012183189392e-06,d3c044325798,42,phase1
baseline_phase1_20260608T162505Z_d3c044325798,wing_000016,v20_a10,2026-06-08T16:25:05.724373+00:00,1.4056874625331248,0.2837809052818467,0.2472958378773133,0.8714322679029549,4.510236740071429,-4.54105894153483,NACA2412,0.37326395975087784,5.293726304681544,0.26595612669082647,20.0,10.0,1.225,0.7370598979832573,0.045630433491206976,16.152813847917738,analytic,converged,1,0.0,1.6999547369778156e-06,d3c044325798,42,phase1
baseline_phase1_20260608T162505Z_d3c044325798,wing_000016,v20_a15,2026-06-08T16:25:05.724376+00:00,1.4056874625331248,0.2837809052818467,0.2472958378773133,0.8714322679029549,4.510236740071429,-4.54105894153483,NACA2412,0.37326395975087784,5.293726304681544,0.26595612669082647,20.0,15.0,1.225,1.115836880640603,0.09527874970025378,11.711288027508939,analytic,converged,1,0.0,1.600012183189392e-06,d3c044325798,42,phase1
baseline_phase1_20260608T162505Z_d3c044325798,wing_000016,v25_a-5,2026-06-08T16:25:05.724378+00:00,1.4056874625331248,0.2837809052818467,0.2472958378773133,0.8714322679029549,4.510236740071429,-4.54105894153483,NACA2412,0.37326395975087784,5.293726304681544,0.26595612669082647,25.0,-5.0,1.225,-0.39927104998877966,0.01847730591724415,-21.608726498171766,analytic,converged,1,0.0,1.500011421740055e-06,d3c044325798,42,phase1
baseline_phase1_20260608T162505Z_d3c044325798,wing_000016,v25_a0,2026-06-08T16:25:05.724381+00:00,1.4056874625331248,0.2837809052818467,0.2472958378773133,0.8714322679029549,4.510236740071429,-4.54105894153483,NACA2412,0.37326395975087784,5.293726304681544,0.26595612669082647,25.0,0.0,1.225,-0.020494067331434013,0.007229711599702157,-2.8347005338744506,analytic,converged,1,0.0,2.600019797682762e-06,d3c044325798,42,phase1
baseline_phase1_20260608T162505Z_d3c044325798,wing_000016,v25_a5,2026-06-08T16:25:05.724383+00:00,1.4056874625331248,0.2837809052818467,0.2472958378773133,0.8714322679029549,4.510236740071429,-4.54105894153483,NACA2412,0.37326395975087784,5.293726304681544,0.26595612669082647,25.0,5.0,1.225,0.3582829153259116,0.01628075412435643,22.00653069196046,analytic,converged,1,0.0,1.600012183189392e-06,d3c044325798,42,phase1
baseline_phase1_20260608T162505Z_d3c044325798,wing_000016,v25_a10,2026-06-08T16:25:05.724386+00:00,1.4056874625331248,0.2837809052818467,0.2472958378773133,0.8714322679029549,4.510236740071429,-4.54105894153483,NACA2412,0.37326395975087784,5.293726304681544,0.26595612669082647,25.0,10.0,1.225,0.7370598979832573,0.045630433491206976,16.152813847917738,analytic,converged,1,0.0,1.6999547369778156e-06,d3c044325798,42,phase1
baseline_phase1_20260608T162505Z_d3c044325798,wing_000016,v25_a15,2026-06-08T16:25:05.724389+00:00,1.4056874625331248,0.2837809052818467,0.2472958378773133,0.8714322679029549,4.510236740071429,-4.54105894153483,NACA2412,0.37326395975087784,5.293726304681544,0.26595612669082647,25.0,15.0,1.225,1.115836880640603,0.09527874970025378,11.711288027508939,analytic,converged,1,0.0,1.700012944638729e-06,d3c044325798,42,phase1
baseline_phase1_20260608T162505Z_d3c044325798,wing_000017,v15_a-5,2026-06-08T16:25:05.724392+00:00,1.0341181445657304,0.16170731417248224,0.09624625880669355,0.5951880364795014,4.086623215328262,1.1162191573458404,NACA2412,0.13337723513666297,8.017862537218768,0.13174546931889994,15.0,-5.0,1.225,-0.20662105504212913,0.009193984348226126,-22.473505198210862,analytic,converged,1,0.0,1.600012183189392e-06,d3c044325798,42,phase1
baseline_phase1_20260608T162505Z_d3c044325798,wing_000017,v15_a0,2026-06-08T16:25:05.724394+00:00,1.0341181445657304,0.16170731417248224,0.09624625880669355,0.5951880364795014,4.086623215328262,1.1162191573458404,NACA2412,0.13337723513666297,8.017862537218768,0.13174546931889994,15.0,0.0,1.225,0.21645496269710668,0.009388304181418968,23.05581056113493,analytic,converged,1,0.0,1.500011421740055e-06,d3c044325798,42,phase1
baseline_phase1_20260608T162505Z_d3c044325798,wing_000017,v15_a5,2026-06-08T16:25:05.724397+00:00,1.0341181445657304,0.16170731417248224,0.09624625880669355,0.5951880364795014,4.086623215328262,1.1162191573458404,NACA2412,0.13337723513666297,8.017862537218768,0.13174546931889994,15.0,5.0,1.225,0.6395309804363425,0.026302744658284485,24.31422989292152,analytic,converged,1,0.0,1.600012183189392e-06,d3c044325798,42,phase1
baseline_phase1_20260608T162505Z_d3c044325798,wing_000017,v15_a10,2026-06-08T16:25:05.724400+00:00,1.0341181445657304,0.16170731417248224,0.09624625880669355,0.5951880364795014,4.086623215328262,1.1162191573458404,NACA2412,0.13337723513666297,8.017862537218768,0.13174546931889994,15.0,10.0,1.225,1.0626069981755781,0.05993730577882267,17.728641358968513,analytic,converged,1,0.0,1.5999539755284786e-06,d3c044325798,42,phase1
baseline_phase1_20260608T162505Z_d3c044325798,wing_000017,v15_a15,2026-06-08T16:25:05.724402+00:00,1.0341181445657304,0.16170731417248224,0.09624625880669355,0.5951880364795014,4.086623215328262,1.1162191573458404,NACA2412,0.13337723513666297,8.017862537218768,0.13174546931889994,15.0,15.0,1.225,1.4,0.09874374322467765,14.178113511602398,analytic,stall_limited,1,0.0,1.800013706088066e-06,d3c044325798,42,phase1
baseline_phase1_20260608T162505Z_d3c044325798,wing_000017,v20_a-5,2026-06-08T16:25:05.724405+00:00,1.0341181445657304,0.16170731417248224,0.09624625880669355,0.5951880364795014,4.086623215328262,1.1162191573458404,NACA2412,0.13337723513666297,8.017862537218768,0.13174546931889994,20.0,-5.0,1.225,-0.20662105504212913,0.009193984348226126,-22.473505198210862,analytic,converged,1,0.0,1.700012944638729e-06,d3c044325798,42,phase1
baseline_phase1_20260608T162505Z_d3c044325798,wing_000017,v20_a0,2026-06-08T16:25:05.724407+00:00,1.0341181445657304,0.16170731417248224,0.09624625880669355,0.5951880364795014,4.086623215328262,1.1162191573458404,NACA2412,0.13337723513666297,8.017862537218768,0.13174546931889994,20.0,0.0,1.225,0.21645496269710668,0.009388304181418968,23.05581056113493,analytic,converged,1,0.0,1.500011421740055e-06,d3c044325798,42,phase1
baseline_phase1_20260608T162505Z_d3c044325798,wing_000017,v20_a5,2026-06-08T16:25:05.724411+00:00,1.0341181445657304,0.16170731417248224,0.09624625880669355,0.5951880364795014,4.086623215328262,1.1162191573458404,NACA2412,0.13337723513666297,8.017862537218768,0.13174546931889994,20.0,5.0,1.225,0.6395309804363425,0.026302744658284485,24.31422989292152,analytic,converged,1,0.0,1.400010660290718e-06,d3c044325798,42,phase1
baseline_phase1_20260608T162505Z_d3c044325798,wing_000017,v20_a10,2026-06-08T16:25:05.726557+00:00,1.0341181445657304,0.16170731417248224,0.09624625880669355,0.5951880364795014,4.086623215328262,1.1162191573458404,NACA2412,0.13337723513666297,8.017862537218768,0.13174546931889994,20.0,10.0,1.225,1.0626069981755781,0.05993730577882267,17.728641358968513,analytic,converged,1,0.0,1.700012944638729e-06,d3c044325798,42,phase1
baseline_phase1_20260608T162505Z_d3c044325798,wing_000017,v20_a15,2026-06-08T16:25:05.726561+00:00,1.0341181445657304,0.16170731417248224,0.09624625880669355,0.5951880364795014,4.086623215328262,1.1162191573458404,NACA2412,0.13337723513666297,8.017862537218768,0.13174546931889994,20.0,15.0,1.225,1.4,0.09874374322467765,14.178113511602398,analytic,stall_limited,1,0.0,1.600012183189392e-06,d3c044325798,42,phase1
baseline_phase1_20260608T162505Z_d3c044325798,wing_000017,v25_a-5,2026-06-08T16:25:05.726564+00:00,1.0341181445657304,0.16170731417248224,0.09624625880669355,0.5951880364795014,4.086623215328262,1.1162191573458404,NACA2412,0.13337723513666297,8.017862537218768,0.13174546931889994,25.0,-5.0,1.225,-0.20662105504212913,0.009193984348226126,-22.473505198210862,analytic,converged,1,0.0,1.500011421740055e-06,d3c044325798,42,phase1
baseline_phase1_20260608T162505Z_d3c044325798,wing_000017,v25_a0,2026-06-08T16:25:05.726567+00:00,1.0341181445657304,0.16170731417248224,0.09624625880669355,0.5951880364795014,4.086623215328262,1.1162191573458404,NACA2412,0.13337723513666297,8.017862537218768,0.13174546931889994,25.0,0.0,1.225,0.21645496269710668,0.009388304181418968,23.05581056113493,analytic,converged,1,0.0,2.00001522898674e-06,d3c044325798,42,phase1
baseline_phase1_20260608T162505Z_d3c044325798,wing_000017,v25_a5,2026-06-08T16:25:05.726569+00:00,1.0341181445657304,0.16170731417248224,0.09624625880669355,0.5951880364795014,4.086623215328262,1.1162191573458404,NACA2412,0.13337723513666297,8.017862537218768,0.13174546931889994,25.0,5.0,1.225,0.6395309804363425,0.026302744658284485,24.31422989292152,analytic,converged,1,0.0,2.300017513334751e-06,d3c044325798,42,phase1
baseline_phase1_20260608T162505Z_d3c044325798,wing_000017,v25_a10,2026-06-08T16:25:05.726572+00:00,1.0341181445657304,0.16170731417248224,0.09624625880669355,0.5951880364795014,4.086623215328262,1.1162191573458404,NACA2412,0.13337723513666297,8.017862537218768,0.13174546931889994,25.0,10.0,1.225,1.0626069981755781,0.05993730577882267,17.728641358968513,analytic,converged,1,0.0,1.6999547369778156e-06,d3c044325798,42,phase1
baseline_phase1_20260608T162505Z_d3c044325798,wing_000017,v25_a15,2026-06-08T16:25:05.726575+00:00,1.0341181445657304,0.16170731417248224,0.09624625880669355,0.5951880364795014,4.086623215328262,1.1162191573458404,NACA2412,0.13337723513666297,8.017862537218768,0.13174546931889994,25.0,15.0,1.225,1.4,0.09874374322467765,14.178113511602398,analytic,stall_limited,1,0.0,3.200024366378784e-06,d3c044325798,42,phase1
baseline_phase1_20260608T162505Z_d3c044325798,wing_000018,v15_a-5,2026-06-08T16:25:05.726578+00:00,1.0864233168686048,0.2348922007609397,0.05717148776472478,0.24339457665906394,5.616243364048413,2.096905958379547,NACA0012,0.15865240061246572,7.439632926317288,0.164055682366616,15.0,-5.0,1.225,-0.3280125598747708,0.012615775344610284,-26.00019031053089,analytic,converged,1,0.0,1.9000144675374031e-06,d3c044325798,42,phase1
baseline_phase1_20260608T162505Z_d3c044325798,wing_000018,v15_a0,2026-06-08T16:25:05.726580+00:00,1.0864233168686048,0.2348922007609397,0.05717148776472478,0.24339457665906394,5.616243364048413,2.096905958379547,NACA0012,0.15865240061246572,7.439632926317288,0.164055682366616,15.0,0.0,1.225,0.08703066009368979,0.007581262638205321,11.47970519516155,analytic,converged,1,0.0,1.600012183189392e-06,d3c044325798,42,phase1
baseline_phase1_20260608T162505Z_d3c044325798,wing_000018,v15_a5,2026-06-08T16:25:05.726582+00:00,1.0864233168686048,0.2348922007609397,0.05717148776472478,0.24339457665906394,5.616243364048413,2.096905958379547,NACA0012,0.15865240061246572,7.439632926317288,0.164055682366616,15.0,5.0,1.225,0.5020738800621504,0.019888636326892098,25.244258671635485,analytic,converged,1,0.0,1.5999539755284786e-06,d3c044325798,42,phase1
baseline_phase1_20260608T162505Z_d3c044325798,wing_000018,v15_a10,2026-06-08T16:25:05.726585+00:00,1.0864233168686048,0.2348922007609397,0.05717148776472478,0.24339457665906394,5.616243364048413,2.096905958379547,NACA0012,0.15865240061246572,7.439632926317288,0.164055682366616,15.0,10.0,1.225,0.917117100030611,0.049537896410670614,18.51344458447899,analytic,converged,1,0.0,1.700012944638729e-06,d3c044325798,42,phase1
baseline_phase1_20260608T162505Z_d3c044325798,wing_000018,v15_a15,2026-06-08T16:25:05.726587+00:00,1.0864233168686048,0.2348922007609397,0.05717148776472478,0.24339457665906394,5.616243364048413,2.096905958379547,NACA0012,0.15865240061246572,7.439632926317288,0.164055682366616,15.0,15.0,1.225,1.3321603199990715,0.09652904288954084,13.800616686145702,analytic,converged,1,0.0,1.600012183189392e-06,d3c044325798,42,phase1
baseline_phase1_20260608T162505Z_d3c044325798,wing_000018,v20_a-5,2026-06-08T16:25:05.726590+00:00,1.0864233168686048,0.2348922007609397,0.05717148776472478,0.24339457665906394,5.616243364048413,2.096905958379547,NACA0012,0.15865240061246572,7.439632926317288,0.164055682366616,20.0,-5.0,1.225,-0.3280125598747708,0.012615775344610284,-26.00019031053089,analytic,converged,1,0.0,1.600012183189392e-06,d3c044325798,42,phase1
baseline_phase1_20260608T162505Z_d3c044325798,wing_000018,v20_a0,2026-06-08T16:25:05.726592+00:00,1.0864233168686048,0.2348922007609397,0.05717148776472478,0.24339457665906394,5.616243364048413,2.096905958379547,NACA0012,0.15865240061246572,7.439632926317288,0.164055682366616,20.0,0.0,1.225,0.08703066009368979,0.007581262638205321,11.47970519516155,analytic,converged,1,0.0,1.600012183189392e-06,d3c044325798,42,phase1
baseline_phase1_20260608T162505Z_d3c044325798,wing_000018,v20_a5,2026-06-08T16:25:05.726595+00:00,1.0864233168686048,0.2348922007609397,0.05717148776472478,0.24339457665906394,5.616243364048413,2.096905958379547,NACA0012,0.15865240061246572,7.439632926317288,0.164055682366616,20.0,5.0,1.225,0.5020738800621504,0.019888636326892098,25.244258671635485,analytic,converged,1,0.0,1.4999532140791416e-06,d3c044325798,42,phase1
baseline_phase1_20260608T162505Z_d3c044325798,wing_000018,v20_a10,2026-06-08T16:25:05.726597+00:00,1.0864233168686048,0.2348922007609397,0.05717148776472478,0.24339457665906394,5.616243364048413,2.096905958379547,NACA0012,0.15865240061246572,7.439632926317288,0.164055682366616,20.0,10.0,1.225,0.917117100030611,0.049537896410670614,18.51344458447899,analytic,converged,1,0.0,1.700012944638729e-06,d3c044325798,42,phase1
baseline_phase1_20260608T162505Z_d3c044325798,wing_000018,v20_a15,2026-06-08T16:25:05.726600+00:00,1.0864233168686048,0.2348922007609397,0.05717148776472478,0.24339457665906394,5.616243364048413,2.096905958379547,NACA0012,0.15865240061246572,7.439632926317288,0.164055682366616,20.0,15.0,1.225,1.3321603199990715,0.09652904288954084,13.800616686145702,analytic,converged,1,0.0,1.500011421740055e-06,d3c044325798,42,phase1
baseline_phase1_20260608T162505Z_d3c044325798,wing_000018,v25_a-5,2026-06-08T16:25:05.726602+00:00,1.0864233168686048,0.2348922007609397,0.05717148776472478,0.24339457665906394,5.616243364048413,2.096905958379547,NACA0012,0.15865240061246572,7.439632926317288,0.164055682366616,25.0,-5.0,1.225,-0.3280125598747708,0.012615775344610284,-26.00019031053089,analytic,converged,1,0.0,1.9000144675374031e-06,d3c044325798,42,phase1
baseline_phase1_20260608T162505Z_d3c044325798,wing_000018,v25_a0,2026-06-08T16:25:05.726605+00:00,1.0864233168686048,0.2348922007609397,0.05717148776472478,0.24339457665906394,5.616243364048413,2.096905958379547,NACA0012,0.15865240061246572,7.439632926317288,0.164055682366616,25.0,0.0,1.225,0.08703066009368979,0.007581262638205321,11.47970519516155,analytic,converged,1,0.0,1.600012183189392e-06,d3c044325798,42,phase1
baseline_phase1_20260608T162505Z_d3c044325798,wing_000018,v25_a5,2026-06-08T16:25:05.726607+00:00,1.0864233168686048,0.2348922007609397,0.05717148776472478,0.24339457665906394,5.616243364048413,2.096905958379547,NACA0012,0.15865240061246572,7.439632926317288,0.164055682366616,25.0,5.0,1.225,0.5020738800621504,0.019888636326892098,25.244258671635485,analytic,converged,1,0.0,1.7999554984271526e-06,d3c044325798,42,phase1
baseline_phase1_20260608T162505Z_d3c044325798,wing_000018,v25_a10,2026-06-08T16:25:05.726610+00:00,1.0864233168686048,0.2348922007609397,0.05717148776472478,0.24339457665906394,5.616243364048413,2.096905958379547,NACA0012,0.15865240061246572,7.439632926317288,0.164055682366616,25.0,10.0,1.225,0.917117100030611,0.049537896410670614,18.51344458447899,analytic,converged,1,0.0,2.400018274784088e-06,d3c044325798,42,phase1
baseline_phase1_20260608T162505Z_d3c044325798,wing_000018,v25_a15,2026-06-08T16:25:05.726612+00:00,1.0864233168686048,0.2348922007609397,0.05717148776472478,0.24339457665906394,5.616243364048413,2.096905958379547,NACA0012,0.15865240061246572,7.439632926317288,0.164055682366616,25.0,15.0,1.225,1.3321603199990715,0.09652904288954084,13.800616686145702,analytic,converged,1,0.0,1.6999547369778156e-06,d3c044325798,42,phase1
baseline_phase1_20260608T162505Z_d3c044325798,wing_000019,v15_a-5,2026-06-08T16:25:05.726614+00:00,1.4704909647961528,0.4490635317715139,0.17803866800512186,0.39646654740093423,29.025473539328637,3.3734576116938584,NACA0012,0.46107405938766743,4.689796863477499,0.33307329706919064,15.0,-5.0,1.225,-0.2208287781343117,0.011093933304971796,-19.90536377529386,analytic,converged,1,0.0,2.00001522898674e-06,d3c044325798,42,phase1
baseline_phase1_20260608T162505Z_d3c044325798,wing_000019,v15_a0,2026-06-08T16:25:05.726617+00:00,1.4704909647961528,0.4490635317715139,0.17803866800512186,0.39646654740093423,29.025473539328637,3.3734576116938584,NACA0012,0.46107405938766743,4.689796863477499,0.33307329706919064,15.0,0.0,1.225,0.11242009464737941,0.008209171699418656,13.694450398124893,analytic,converged,1,0.0,2.2999593056738377e-06,d3c044325798,42,phase1
baseline_phase1_20260608T162505Z_d3c044325798,wing_000019,v15_a5,2026-06-08T16:25:05.726619+00:00,1.4704909647961528,0.4490635317715139,0.17803866800512186,0.39646654740093423,29.025473539328637,3.3734576116938584,NACA0012,0.46107405938766743,4.689796863477499,0.33307329706919064,15.0,5.0,1.225,0.4456689674290705,0.02305995529879122,19.326532148673852,analytic,converged,1,0.0,1.500011421740055e-06,d3c044325798,42,phase1
baseline_phase1_20260608T162505Z_d3c044325798,wing_000019,v15_a10,2026-06-08T16:25:05.726622+00:00,1.4704909647961528,0.4490635317715139,0.17803866800512186,0.39646654740093423,29.025473539328637,3.3734576116938584,NACA0012,0.46107405938766743,4.689796863477499,0.33307329706919064,15.0,10.0,1.225,0.7789178402107616,0.05564628410308949,13.997661349098347,analytic,converged,1,0.0,1.500011421740055e-06,d3c044325798,42,phase1
baseline_phase1_20260608T162505Z_d3c044325798,wing_000019,v15_a15,2026-06-08T16:25:05.726627+00:00,1.4704909647961528,0.4490635317715139,0.17803866800512186,0.39646654740093423,29.025473539328637,3.3734576116938584,NACA0012,0.46107405938766743,4.689796863477499,0.33307329706919064,15.0,15.0,1.225,1.1121667129924526,0.10596815811231346,10.495291536667931,analytic,converged,1,0.0,1.700012944638729e-06,d3c044325798,42,phase1
baseline_phase1_20260608T162505Z_d3c044325798,wing_000019,v20_a-5,2026-06-08T16:25:05.726630+00:00,1.4704909647961528,0.4490635317715139,0.17803866800512186,0.39646654740093423,29.025473539328637,3.3734576116938584,NACA0012,0.46107405938766743,4.689796863477499,0.33307329706919064,20.0,-5.0,1.225,-0.2208287781343117,0.011093933304971796,-19.90536377529386,analytic,converged,1,0.0,1.600012183189392e-06,d3c044325798,42,phase1
baseline_phase1_20260608T162505Z_d3c044325798,wing_000019,v20_a0,2026-06-08T16:25:05.726632+00:00,1.4704909647961528,0.4490635317715139,0.17803866800512186,0.39646654740093423,29.025473539328637,3.3734576116938584,NACA0012,0.46107405938766743,4.689796863477499,0.33307329706919064,20.0,0.0,1.225,0.11242009464737941,0.008209171699418656,13.694450398124893,analytic,converged,1,0.0,1.6999547369778156e-06,d3c044325798,42,phase1
baseline_phase1_20260608T162505Z_d3c044325798,wing_000019,v20_a5,2026-06-08T16:25:05.726635+00:00,1.4704909647961528,0.4490635317715139,0.17803866800512186,0.39646654740093423,29.025473539328637,3.3734576116938584,NACA0012,0.46107405938766743,4.689796863477499,0.33307329706919064,20.0,5.0,1.225,0.4456689674290705,0.02305995529879122,19.326532148673852,analytic,converged,1,0.0,1.500011421740055e-06,d3c044325798,42,phase1
baseline_phase1_20260608T162505Z_d3c044325798,wing_000019,v20_a10,2026-06-08T16:25:05.726638+00:00,1.4704909647961528,0.4490635317715139,0.17803866800512186,0.39646654740093423,29.025473539328637,3.3734576116938584,NACA0012,0.46107405938766743,4.689796863477499,0.33307329706919064,20.0,10.0,1.225,0.7789178402107616,0.05564628410308949,13.997661349098347,analytic,converged,1,0.0,2.00001522898674e-06,d3c044325798,42,phase1
baseline_phase1_20260608T162505Z_d3c044325798,wing_000019,v20_a15,2026-06-08T16:25:05.726640+00:00,1.4704909647961528,0.4490635317715139,0.17803866800512186,0.39646654740093423,29.025473539328637,3.3734576116938584,NACA0012,0.46107405938766743,4.689796863477499,0.33307329706919064,20.0,15.0,1.225,1.1121667129924526,0.10596815811231346,10.495291536667931,analytic,converged,1,0.0,1.600012183189392e-06,d3c044325798,42,phase1
baseline_phase1_20260608T162505Z_d3c044325798,wing_000019,v25_a-5,2026-06-08T16:25:05.726643+00:00,1.4704909647961528,0.4490635317715139,0.17803866800512186,0.39646654740093423,29.025473539328637,3.3734576116938584,NACA0012,0.46107405938766743,4.689796863477499,0.33307329706919064,25.0,-5.0,1.225,-0.2208287781343117,0.011093933304971796,-19.90536377529386,analytic,converged,1,0.0,1.500011421740055e-06,d3c044325798,42,phase1
baseline_phase1_20260608T162505Z_d3c044325798,wing_000019,v25_a0,2026-06-08T16:25:05.726645+00:00,1.4704909647961528,0.4490635317715139,0.17803866800512186,0.39646654740093423,29.025473539328637,3.3734576116938584,NACA0012,0.46107405938766743,4.689796863477499,0.33307329706919064,25.0,0.0,1.225,0.11242009464737941,0.008209171699418656,13.694450398124893,analytic,converged,1,0.0,1.4999532140791416e-06,d3c044325798,42,phase1
baseline_phase1_20260608T162505Z_d3c044325798,wing_000019,v25_a5,2026-06-08T16:25:05.726647+00:00,1.4704909647961528,0.4490635317715139,0.17803866800512186,0.39646654740093423,29.025473539328637,3.3734576116938584,NACA0012,0.46107405938766743,4.689796863477499,0.33307329706919064,25.0,5.0,1.225,0.4456689674290705,0.02305995529879122,19.326532148673852,analytic,converged,1,0.0,1.600012183189392e-06,d3c044325798,42,phase1
baseline_phase1_20260608T162505Z_d3c044325798,wing_000019,v25_a10,2026-06-08T16:25:05.726650+00:00,1.4704909647961528,0.4490635317715139,0.17803866800512186,0.39646654740093423,29.025473539328637,3.3734576116938584,NACA0012,0.46107405938766743,4.689796863477499,0.33307329706919064,25.0,10.0,1.225,0.7789178402107616,0.05564628410308949,13.997661349098347,analytic,converged,1,0.0,1.600012183189392e-06,d3c044325798,42,phase1
baseline_phase1_20260608T162505Z_d3c044325798,wing_000019,v25_a15,2026-06-08T16:25:05.726652+00:00,1.4704909647961528,0.4490635317715139,0.17803866800512186,0.39646654740093423,29.025473539328637,3.3734576116938584,NACA0012,0.46107405938766743,4.689796863477499,0.33307329706919064,25.0,15.0,1.225,1.1121667129924526,0.10596815811231346,10.495291536667931,analytic,converged,1,0.0,1.7999554984271526e-06,d3c044325798,42,phase1
baseline_phase1_20260608T162505Z_d3c044325798,wing_000020,v15_a-5,2026-06-08T16:25:05.726654+00:00,1.330581783289021,0.19291993746137942,0.15620875996853892,0.8097077058186912,1.9331033757484466,0.6453000304256378,NACA4412,0.2322721424118369,7.622299702568062,0.17520771726970316,15.0,-5.0,1.225,-0.05673408614660379,0.007358136931801616,-7.710387380995997,analytic,converged,1,0.0,1.700012944638729e-06,d3c044325798,42,phase1
baseline_phase1_20260608T162505Z_d3c044325798,wing_000020,v15_a0,2026-06-08T16:25:05.726657+00:00,1.330581783289021,0.19291993746137942,0.15620875996853892,0.8097077058186912,1.9331033757484466,0.6453000304256378,NACA4412,0.2322721424118369,7.622299702568062,0.17520771726970316,15.0,0.0,1.225,0.3620603880603253,0.01364031642857565,26.543400950862868,analytic,converged,1,0.0,2.5999615900218487e-06,d3c044325798,42,phase1
baseline_phase1_20260608T162505Z_d3c044325798,wing_000020,v15_a5,2026-06-08T16:25:05.726659+00:00,1.330581783289021,0.19291993746137942,0.15620875996853892,0.8097077058186912,1.9331033757484466,0.6453000304256378,NACA4412,0.2322721424118369,7.622299702568062,0.17520771726970316,15.0,5.0,1.225,0.7808548622672545,0.03715613772256687,21.015501344559834,analytic,converged,1,0.0,1.600012183189392e-06,d3c044325798,42,phase1
baseline_phase1_20260608T162505Z_d3c044325798,wing_000020,v15_a10,2026-06-08T16:25:05.726662+00:00,1.330581783289021,0.19291993746137942,0.15620875996853892,0.8097077058186912,1.9331033757484466,0.6453000304256378,NACA4412,0.2322721424118369,7.622299702568062,0.17520771726970316,15.0,10.0,1.225,1.1996493364741836,0.07790560081377527,15.398755980867316,analytic,converged,1,0.0,2.00001522898674e-06,d3c044325798,42,phase1
baseline_phase1_20260608T162505Z_d3c044325798,wing_000020,v15_a15,2026-06-08T16:25:05.726664+00:00,1.330581783289021,0.19291993746137942,0.15620875996853892,0.8097077058186912,1.9331033757484466,0.6453000304256378,NACA4412,0.2322721424118369,7.622299702568062,0.17520771726970316,15.0,15.0,1.225,1.4,0.10349444891423347,13.52729556693605,analytic,stall_limited,1,0.0,1.700012944638729e-06,d3c044325798,42,phase1
baseline_phase1_20260608T162505Z_d3c044325798,wing_000020,v20_a-5,2026-06-08T16:25:05.726667+00:00,1.330581783289021,0.19291993746137942,0.15620875996853892,0.8097077058186912,1.9331033757484466,0.6453000304256378,NACA4412,0.2322721424118369,7.622299702568062,0.17520771726970316,20.0,-5.0,1.225,-0.05673408614660379,0.007358136931801616,-7.710387380995997,analytic,converged,1,0.0,1.600012183189392e-06,d3c044325798,42,phase1
baseline_phase1_20260608T162505Z_d3c044325798,wing_000020,v20_a0,2026-06-08T16:25:05.726669+00:00,1.330581783289021,0.19291993746137942,0.15620875996853892,0.8097077058186912,1.9331033757484466,0.6453000304256378,NACA4412,0.2322721424118369,7.622299702568062,0.17520771726970316,20.0,0.0,1.225,0.3620603880603253,0.01364031642857565,26.543400950862868,analytic,converged,1,0.0,1.5999539755284786e-06,d3c044325798,42,phase1
baseline_phase1_20260608T162505Z_d3c044325798,wing_000020,v20_a5,2026-06-08T16:25:05.726672+00:00,1.330581783289021,0.19291993746137942,0.15620875996853892,0.8097077058186912,1.9331033757484466,0.6453000304256378,NACA4412,0.2322721424118369,7.622299702568062,0.17520771726970316,20.0,5.0,1.225,0.7808548622672545,0.03715613772256687,21.015501344559834,analytic,converged,1,0.0,1.600012183189392e-06,d3c044325798,42,phase1
baseline_phase1_20260608T162505Z_d3c044325798,wing_000020,v20_a10,2026-06-08T16:25:05.726674+00:00,1.330581783289021,0.19291993746137942,0.15620875996853892,0.8097077058186912,1.9331033757484466,0.6453000304256378,NACA4412,0.2322721424118369,7.622299702568062,0.17520771726970316,20.0,10.0,1.225,1.1996493364741836,0.07790560081377527,15.398755980867316,analytic,converged,1,0.0,1.800013706088066e-06,d3c044325798,42,phase1
baseline_phase1_20260608T162505Z_d3c044325798,wing_000020,v20_a15,2026-06-08T16:25:05.726677+00:00,1.330581783289021,0.19291993746137942,0.15620875996853892,0.8097077058186912,1.9331033757484466,0.6453000304256378,NACA4412,0.2322721424118369,7.622299702568062,0.17520771726970316,20.0,15.0,1.225,1.4,0.10349444891423347,13.52729556693605,analytic,stall_limited,1,0.0,1.700012944638729e-06,d3c044325798,42,phase1
baseline_phase1_20260608T162505Z_d3c044325798,wing_000020,v25_a-5,2026-06-08T16:25:05.726680+00:00,1.330581783289021,0.19291993746137942,0.15620875996853892,0.8097077058186912,1.9331033757484466,0.6453000304256378,NACA4412,0.2322721424118369,7.622299702568062,0.17520771726970316,25.0,-5.0,1.225,-0.05673408614660379,0.007358136931801616,-7.710387380995997,analytic,converged,1,0.0,1.600012183189392e-06,d3c044325798,42,phase1
baseline_phase1_20260608T162505Z_d3c044325798,wing_000020,v25_a0,2026-06-08T16:25:05.726683+00:00,1.330581783289021,0.19291993746137942,0.15620875996853892,0.8097077058186912,1.9331033757484466,0.6453000304256378,NACA4412,0.2322721424118369,7.622299702568062,0.17520771726970316,25.0,0.0,1.225,0.3620603880603253,0.01364031642857565,26.543400950862868,analytic,converged,1,0.0,1.5999539755284786e-06,d3c044325798,42,phase1
baseline_phase1_20260608T162505Z_d3c044325798,wing_000020,v25_a5,2026-06-08T16:25:05.726685+00:00,1.330581783289021,0.19291993746137942,0.15620875996853892,0.8097077058186912,1.9331033757484466,0.6453000304256378,NACA4412,0.2322721424118369,7.622299702568062,0.17520771726970316,25.0,5.0,1.225,0.7808548622672545,0.03715613772256687,21.015501344559834,analytic,converged,1,0.0,1.700012944638729e-06,d3c044325798,42,phase1
baseline_phase1_20260608T162505Z_d3c044325798,wing_000020,v25_a10,2026-06-08T16:25:05.726688+00:00,1.330581783289021,0.19291993746137942,0.15620875996853892,0.8097077058186912,1.9331033757484466,0.6453000304256378,NACA4412,0.2322721424118369,7.622299702568062,0.17520771726970316,25.0,10.0,1.225,1.1996493364741836,0.07790560081377527,15.398755980867316,analytic,converged,1,0.0,1.700012944638729e-06,d3c044325798,42,phase1
baseline_phase1_20260608T162505Z_d3c044325798,wing_000020,v25_a15,2026-06-08T16:25:05.726690+00:00,1.330581783289021,0.19291993746137942,0.15620875996853892,0.8097077058186912,1.9331033757484466,0.6453000304256378,NACA4412,0.2322721424118369,7.622299702568062,0.17520771726970316,25.0,15.0,1.225,1.4,0.10349444891423347,13.52729556693605,analytic,stall_limited,1,0.0,1.600012183189392e-06,d3c044325798,42,phase1
baseline_phase1_20260608T162505Z_d3c044325798,wing_000021,v15_a-5,2026-06-08T16:25:05.726692+00:00,1.6071116922772348,0.4657771846760441,0.07142480924555009,0.15334544412094217,5.122424935454227,-4.117946763822153,NACA4412,0.43167180277301903,5.983267785531699,0.31684907923627315,15.0,-5.0,1.225,-0.2400792728157949,0.010807464741421394,-22.21420828657913,analytic,converged,1,0.0,2.500019036233425e-06,d3c044325798,42,phase1
baseline_phase1_20260608T162505Z_d3c044325798,wing_000021,v15_a0,2026-06-08T16:25:05.726695+00:00,1.6071116922772348,0.4657771846760441,0.07142480924555009,0.15334544412094217,5.122424935454227,-4.117946763822153,NACA4412,0.43167180277301903,5.983267785531699,0.31684907923627315,15.0,0.0,1.225,0.15233877540175236,0.00865249177369136,17.60634732585952,analytic,converged,1,0.0,1.400010660290718e-06,d3c044325798,42,phase1
baseline_phase1_20260608T162505Z_d3c044325798,wing_000021,v15_a5,2026-06-08T16:25:05.726698+00:00,1.6071116922772348,0.4657771846760441,0.07142480924555009,0.15334544412094217,5.122424935454227,-4.117946763822153,NACA4412,0.43167180277301903,5.983267785531699,0.31684907923627315,15.0,5.0,1.225,0.5447568236192994,0.025773686844253123,21.13616212190327,analytic,converged,1,0.0,1.600012183189392e-06,d3c044325798,42,phase1
baseline_phase1_20260608T162505Z_d3c044325798,wing_000021,v15_a10,2026-06-08T16:25:05.726701+00:00,1.6071116922772348,0.4657771846760441,0.07142480924555009,0.15334544412094217,5.122424935454227,-4.117946763822153,NACA4412,0.43167180277301903,5.983267785531699,0.31684907923627315,15.0,10.0,1.225,0.9371748718368467,0.06217104995310668,15.074136154105856,analytic,converged,1,0.0,1.5999539755284786e-06,d3c044325798,42,phase1
baseline_phase1_20260608T162505Z_d3c044325798,wing_000021,v15_a15,2026-06-08T16:25:05.726703+00:00,1.6071116922772348,0.4657771846760441,0.07142480924555009,0.15334544412094217,5.122424935454227,-4.117946763822153,NACA4412,0.43167180277301903,5.983267785531699,0.31684907923627315,15.0,15.0,1.225,1.329592920054394,0.11784458110025205,11.282597024323847,analytic,converged,1,0.0,1.600012183189392e-06,d3c044325798,42,phase1
baseline_phase1_20260608T162505Z_d3c044325798,wing_000021,v20_a-5,2026-06-08T16:25:05.726706+00:00,1.6071116922772348,0.4657771846760441,0.07142480924555009,0.15334544412094217,5.122424935454227,-4.117946763822153,NACA4412,0.43167180277301903,5.983267785531699,0.31684907923627315,20.0,-5.0,1.225,-0.2400792728157949,0.010807464741421394,-22.21420828657913,analytic,converged,1,0.0,1.600012183189392e-06,d3c044325798,42,phase1
baseline_phase1_20260608T162505Z_d3c044325798,wing_000021,v20_a0,2026-06-08T16:25:05.726708+00:00,1.6071116922772348,0.4657771846760441,0.07142480924555009,0.15334544412094217,5.122424935454227,-4.117946763822153,NACA4412,0.43167180277301903,5.983267785531699,0.31684907923627315,20.0,0.0,1.225,0.15233877540175236,0.00865249177369136,17.60634732585952,analytic,converged,1,0.0,1.5999539755284786e-06,d3c044325798,42,phase1
baseline_phase1_20260608T162505Z_d3c044325798,wing_000021,v20_a5,2026-06-08T16:25:05.726710+00:00,1.6071116922772348,0.4657771846760441,0.07142480924555009,0.15334544412094217,5.122424935454227,-4.117946763822153,NACA4412,0.43167180277301903,5.983267785531699,0.31684907923627315,20.0,5.0,1.225,0.5447568236192994,0.025773686844253123,21.13616212190327,analytic,converged,1,0.0,1.500011421740055e-06,d3c044325798,42,phase1
baseline_phase1_20260608T162505Z_d3c044325798,wing_000021,v20_a10,2026-06-08T16:25:05.726713+00:00,1.6071116922772348,0.4657771846760441,0.07142480924555009,0.15334544412094217,5.122424935454227,-4.117946763822153,NACA4412,0.43167180277301903,5.983267785531699,0.31684907923627315,20.0,10.0,1.225,0.9371748718368467,0.06217104995310668,15.074136154105856,analytic,converged,1,0.0,1.500011421740055e-06,d3c044325798,42,phase1
baseline_phase1_20260608T162505Z_d3c044325798,wing_000021,v20_a15,2026-06-08T16:25:05.726715+00:00,1.6071116922772348,0.4657771846760441,0.07142480924555009,0.15334544412094217,5.122424935454227,-4.117946763822153,NACA4412,0.43167180277301903,5.983267785531699,0.31684907923627315,20.0,15.0,1.225,1.329592920054394,0.11784458110025205,11.282597024323847,analytic,converged,1,0.0,1.500011421740055e-06,d3c044325798,42,phase1
baseline_phase1_20260608T162505Z_d3c044325798,wing_000021,v25_a-5,2026-06-08T16:25:05.726718+00:00,1.6071116922772348,0.4657771846760441,0.07142480924555009,0.15334544412094217,5.122424935454227,-4.117946763822153,NACA4412,0.43167180277301903,5.983267785531699,0.31684907923627315,25.0,-5.0,1.225,-0.2400792728157949,0.010807464741421394,-22.21420828657913,analytic,converged,1,0.0,1.600012183189392e-06,d3c044325798,42,phase1
baseline_phase1_20260608T162505Z_d3c044325798,wing_000021,v25_a0,2026-06-08T16:25:05.726720+00:00,1.6071116922772348,0.4657771846760441,0.07142480924555009,0.15334544412094217,5.122424935454227,-4.117946763822153,NACA4412,0.43167180277301903,5.983267785531699,0.31684907923627315,25.0,0.0,1.225,0.15233877540175236,0.00865249177369136,17.60634732585952,analytic,converged,1,0.0,1.500011421740055e-06,d3c044325798,42,phase1
baseline_phase1_20260608T162505Z_d3c044325798,wing_000021,v25_a5,2026-06-08T16:25:05.726723+00:00,1.6071116922772348,0.4657771846760441,0.07142480924555009,0.15334544412094217,5.122424935454227,-4.117946763822153,NACA4412,0.43167180277301903,5.983267785531699,0.31684907923627315,25.0,5.0,1.225,0.5447568236192994,0.025773686844253123,21.13616212190327,analytic,converged,1,0.0,1.500011421740055e-06,d3c044325798,42,phase1
baseline_phase1_20260608T162505Z_d3c044325798,wing_000021,v25_a10,2026-06-08T16:25:05.726725+00:00,1.6071116922772348,0.4657771846760441,0.07142480924555009,0.15334544412094217,5.122424935454227,-4.117946763822153,NACA4412,0.43167180277301903,5.983267785531699,0.31684907923627315,25.0,10.0,1.225,0.9371748718368467,0.06217104995310668,15.074136154105856,analytic,converged,1,0.0,1.500011421740055e-06,d3c044325798,42,phase1
baseline_phase1_20260608T162505Z_d3c044325798,wing_000021,v25_a15,2026-06-08T16:25:05.726728+00:00,1.6071116922772348,0.4657771846760441,0.07142480924555009,0.15334544412094217,5.122424935454227,-4.117946763822153,NACA4412,0.43167180277301903,5.983267785531699,0.31684907923627315,25.0,15.0,1.225,1.329592920054394,0.11784458110025205,11.282597024323847,analytic,converged,1,0.0,1.5999539755284786e-06,d3c044325798,42,phase1
baseline_phase1_20260608T162505Z_d3c044325798,wing_000022,v15_a-5,2026-06-08T16:25:05.726730+00:00,1.6102828290488778,0.2256140245854934,0.20858170317957864,0.9245068145155995,9.934857867119128,2.8501740084704563,NACA4412,0.3495889624332383,7.417313096733853,0.217209219182279,15.0,-5.0,1.225,0.034985271977320986,0.007261795250759088,4.817716662234992,analytic,converged,1,0.0,1.500011421740055e-06,d3c044325798,42,phase1
baseline_phase1_20260608T162505Z_d3c044325798,wing_000022,v15_a0,2026-06-08T16:25:05.726732+00:00,1.6102828290488778,0.2256140245854934,0.20858170317957864,0.9245068145155995,9.934857867119128,2.8501740084704563,NACA4412,0.3495889624332383,7.417313096733853,0.217209219182279,15.0,0.0,1.225,0.4464924649608234,0.017264978653077058,25.86116519068195,analytic,converged,1,0.0,1.600012183189392e-06,d3c044325798,42,phase1
baseline_phase1_20260608T162505Z_d3c044325798,wing_000022,v15_a5,2026-06-08T16:25:05.726734+00:00,1.6102828290488778,0.2256140245854934,0.20858170317957864,0.9245068145155995,9.934857867119128,2.8501740084704563,NACA4412,0.3495889624332383,7.417313096733853,0.217209219182279,15.0,5.0,1.225,0.8579996579443259,0.04436711225385816,19.338641041928852,analytic,converged,1,0.0,1.600012183189392e-06,d3c044325798,42,phase1
baseline_phase1_20260608T162505Z_d3c044325798,wing_000022,v15_a10,2026-06-08T16:25:05.726737+00:00,1.6102828290488778,0.2256140245854934,0.20858170317957864,0.9245068145155995,9.934857867119128,2.8501740084704563,NACA4412,0.3495889624332383,7.417313096733853,0.217209219182279,15.0,10.0,1.225,1.2695068509278282,0.08856819605310237,14.333664989255022,analytic,converged,1,0.0,1.600012183189392e-06,d3c044325798,42,phase1
baseline_phase1_20260608T162505Z_d3c044325798,wing_000022,v15_a15,2026-06-08T16:25:05.726739+00:00,1.6102828290488778,0.2256140245854934,0.20858170317957864,0.9245068145155995,9.934857867119128,2.8501740084704563,NACA4412,0.3495889624332383,7.417313096733853,0.217209219182279,15.0,15.0,1.225,1.4,0.10615566490797335,13.188179841496579,analytic,stall_limited,1,0.0,3.1999661587178707e-06,d3c044325798,42,phase1
baseline_phase1_20260608T162505Z_d3c044325798,wing_000022,v20_a-5,2026-06-08T16:25:05.726742+00:00,1.6102828290488778,0.2256140245854934,0.20858170317957864,0.9245068145155995,9.934857867119128,2.8501740084704563,NACA4412,0.3495889624332383,7.417313096733853,0.217209219182279,20.0,-5.0,1.225,0.034985271977320986,0.007261795250759088,4.817716662234992,analytic,converged,1,0.0,1.800013706088066e-06,d3c044325798,42,phase1
baseline_phase1_20260608T162505Z_d3c044325798,wing_000022,v20_a0,2026-06-08T16:25:05.726744+00:00,1.6102828290488778,0.2256140245854934,0.20858170317957864,0.9245068145155995,9.934857867119128,2.8501740084704563,NACA4412,0.3495889624332383,7.417313096733853,0.217209219182279,20.0,0.0,1.225,0.4464924649608234,0.017264978653077058,25.86116519068195,analytic,converged,1,0.0,1.6999547369778156e-06,d3c044325798,42,phase1
baseline_phase1_20260608T162505Z_d3c044325798,wing_000022,v20_a5,2026-06-08T16:25:05.726748+00:00,1.6102828290488778,0.2256140245854934,0.20858170317957864,0.9245068145155995,9.934857867119128,2.8501740084704563,NACA4412,0.3495889624332383,7.417313096733853,0.217209219182279,20.0,5.0,1.225,0.8579996579443259,0.04436711225385816,19.338641041928852,analytic,converged,1,0.0,1.700012944638729e-06,d3c044325798,42,phase1
baseline_phase1_20260608T162505Z_d3c044325798,wing_000022,v20_a10,2026-06-08T16:25:05.726750+00:00,1.6102828290488778,0.2256140245854934,0.20858170317957864,0.9245068145155995,9.934857867119128,2.8501740084704563,NACA4412,0.3495889624332383,7.417313096733853,0.217209219182279,20.0,10.0,1.225,1.2695068509278282,0.08856819605310237,14.333664989255022,analytic,converged,1,0.0,1.500011421740055e-06,d3c044325798,42,phase1
baseline_phase1_20260608T162505Z_d3c044325798,wing_000022,v20_a15,2026-06-08T16:25:05.726753+00:00,1.6102828290488778,0.2256140245854934,0.20858170317957864,0.9245068145155995,9.934857867119128,2.8501740084704563,NACA4412,0.3495889624332383,7.417313096733853,0.217209219182279,20.0,15.0,1.225,1.4,0.10615566490797335,13.188179841496579,analytic,stall_limited,1,0.0,1.600012183189392e-06,d3c044325798,42,phase1
baseline_phase1_20260608T162505Z_d3c044325798,wing_000022,v25_a-5,2026-06-08T16:25:05.726755+00:00,1.6102828290488778,0.2256140245854934,0.20858170317957864,0.9245068145155995,9.934857867119128,2.8501740084704563,NACA4412,0.3495889624332383,7.417313096733853,0.217209219182279,25.0,-5.0,1.225,0.034985271977320986,0.007261795250759088,4.817716662234992,analytic,converged,1,0.0,1.600012183189392e-06,d3c044325798,42,phase1
baseline_phase1_20260608T162505Z_d3c044325798,wing_000022,v25_a0,2026-06-08T16:25:05.726757+00:00,1.6102828290488778,0.2256140245854934,0.20858170317957864,0.9245068145155995,9.934857867119128,2.8501740084704563,NACA4412,0.3495889624332383,7.417313096733853,0.217209219182279,25.0,0.0,1.225,0.4464924649608234,0.017264978653077058,25.86116519068195,analytic,converged,1,0.0,1.500011421740055e-06,d3c044325798,42,phase1
baseline_phase1_20260608T162505Z_d3c044325798,wing_000022,v25_a5,2026-06-08T16:25:05.726759+00:00,1.6102828290488778,0.2256140245854934,0.20858170317957864,0.9245068145155995,9.934857867119128,2.8501740084704563,NACA4412,0.3495889624332383,7.417313096733853,0.217209219182279,25.0,5.0,1.225,0.8579996579443259,0.04436711225385816,19.338641041928852,analytic,converged,1,0.0,1.600012183189392e-06,d3c044325798,42,phase1
baseline_phase1_20260608T162505Z_d3c044325798,wing_000022,v25_a10,2026-06-08T16:25:05.726762+00:00,1.6102828290488778,0.2256140245854934,0.20858170317957864,0.9245068145155995,9.934857867119128,2.8501740084704563,NACA4412,0.3495889624332383,7.417313096733853,0.217209219182279,25.0,10.0,1.225,1.2695068509278282,0.08856819605310237,14.333664989255022,analytic,converged,1,0.0,1.600012183189392e-06,d3c044325798,42,phase1
baseline_phase1_20260608T162505Z_d3c044325798,wing_000022,v25_a15,2026-06-08T16:25:05.726765+00:00,1.6102828290488778,0.2256140245854934,0.20858170317957864,0.9245068145155995,9.934857867119128,2.8501740084704563,NACA4412,0.3495889624332383,7.417313096733853,0.217209219182279,25.0,15.0,1.225,1.4,0.10615566490797335,13.188179841496579,analytic,stall_limited,1,0.0,1.5999539755284786e-06,d3c044325798,42,phase1
baseline_phase1_20260608T162505Z_d3c044325798,wing_000023,v15_a-5,2026-06-08T16:25:05.726767+00:00,1.0308114002421613,0.22590584018320992,0.2152181345911684,0.9526895560408098,5.99447924476846,-3.2780315794449706,NACA2412,0.2273578110587824,4.6735677913193925,0.22060514496395295,15.0,-5.0,1.225,-0.337137236403066,0.016307435410187927,-20.673835457440624,analytic,converged,1,0.0,1.500011421740055e-06,d3c044325798,42,phase1
baseline_phase1_20260608T162505Z_d3c044325798,wing_000023,v15_a0,2026-06-08T16:25:05.726770+00:00,1.0308114002421613,0.22590584018320992,0.2152181345911684,0.9526895560408098,5.99447924476846,-3.2780315794449706,NACA2412,0.2273578110587824,4.6735677913193925,0.22060514496395295,15.0,0.0,1.225,0.02623427566418888,0.007255146862683686,3.615953771952287,analytic,converged,1,0.0,1.600012183189392e-06,d3c044325798,42,phase1
baseline_phase1_20260608T162505Z_d3c044325798,wing_000023,v15_a5,2026-06-08T16:25:05.726772+00:00,1.0308114002421613,0.22590584018320992,0.2152181345911684,0.9526895560408098,5.99447924476846,-3.2780315794449706,NACA2412,0.2273578110587824,4.6735677913193925,0.22060514496395295,15.0,5.0,1.225,0.3896057877314438,0.019362796897677427,20.121359005639164,analytic,converged,1,0.0,2.900022082030773e-06,d3c044325798,42,phase1
baseline_phase1_20260608T162505Z_d3c044325798,wing_000023,v15_a10,2026-06-08T16:25:05.726774+00:00,1.0308114002421613,0.22590584018320992,0.2152181345911684,0.9526895560408098,5.99447924476846,-3.2780315794449706,NACA2412,0.2273578110587824,4.6735677913193925,0.22060514496395295,15.0,10.0,1.225,0.7529772997986987,0.052630385515169145,14.306893108006502,analytic,converged,1,0.0,1.600012183189392e-06,d3c044325798,42,phase1
baseline_phase1_20260608T162505Z_d3c044325798,wing_000023,v15_a15,2026-06-08T16:25:05.726777+00:00,1.0308114002421613,0.22590584018320992,0.2152181345911684,0.9526895560408098,5.99447924476846,-3.2780315794449706,NACA2412,0.2273578110587824,4.6735677913193925,0.22060514496395295,15.0,15.0,1.225,1.1163488118659535,0.10705791271515883,10.427522670240558,analytic,converged,1,0.0,1.3999524526298046e-06,d3c044325798,42,phase1
baseline_phase1_20260608T162505Z_d3c044325798,wing_000023,v20_a-5,2026-06-08T16:25:05.726779+00:00,1.0308114002421613,0.22590584018320992,0.2152181345911684,0.9526895560408098,5.99447924476846,-3.2780315794449706,NACA2412,0.2273578110587824,4.6735677913193925,0.22060514496395295,20.0,-5.0,1.225,-0.337137236403066,0.016307435410187927,-20.673835457440624,analytic,converged,1,0.0,1.600012183189392e-06,d3c044325798,42,phase1
baseline_phase1_20260608T162505Z_d3c044325798,wing_000023,v20_a0,2026-06-08T16:25:05.726782+00:00,1.0308114002421613,0.22590584018320992,0.2152181345911684,0.9526895560408098,5.99447924476846,-3.2780315794449706,NACA2412,0.2273578110587824,4.6735677913193925,0.22060514496395295,20.0,0.0,1.225,0.02623427566418888,0.007255146862683686,3.615953771952287,analytic,converged,1,0.0,1.500011421740055e-06,d3c044325798,42,phase1
baseline_phase1_20260608T162505Z_d3c044325798,wing_000023,v20_a5,2026-06-08T16:25:05.726784+00:00,1.0308114002421613,0.22590584018320992,0.2152181345911684,0.9526895560408098,5.99447924476846,-3.2780315794449706,NACA2412,0.2273578110587824,4.6735677913193925,0.22060514496395295,20.0,5.0,1.225,0.3896057877314438,0.019362796897677427,20.121359005639164,analytic,converged,1,0.0,1.600012183189392e-06,d3c044325798,42,phase1
baseline_phase1_20260608T162505Z_d3c044325798,wing_000023,v20_a10,2026-06-08T16:25:05.726787+00:00,1.0308114002421613,0.22590584018320992,0.2152181345911684,0.9526895560408098,5.99447924476846,-3.2780315794449706,NACA2412,0.2273578110587824,4.6735677913193925,0.22060514496395295,20.0,10.0,1.225,0.7529772997986987,0.052630385515169145,14.306893108006502,analytic,converged,1,0.0,1.600012183189392e-06,d3c044325798,42,phase1
baseline_phase1_20260608T162505Z_d3c044325798,wing_000023,v20_a15,2026-06-08T16:25:05.726789+00:00,1.0308114002421613,0.22590584018320992,0.2152181345911684,0.9526895560408098,5.99447924476846,-3.2780315794449706,NACA2412,0.2273578110587824,4.6735677913193925,0.22060514496395295,20.0,15.0,1.225,1.1163488118659535,0.10705791271515883,10.427522670240558,analytic,converged,1,0.0,1.5999539755284786e-06,d3c044325798,42,phase1
baseline_phase1_20260608T162505Z_d3c044325798,wing_000023,v25_a-5,2026-06-08T16:25:05.726792+00:00,1.0308114002421613,0.22590584018320992,0.2152181345911684,0.9526895560408098,5.99447924476846,-3.2780315794449706,NACA2412,0.2273578110587824,4.6735677913193925,0.22060514496395295,25.0,-5.0,1.225,-0.337137236403066,0.016307435410187927,-20.673835457440624,analytic,converged,1,0.0,1.600012183189392e-06,d3c044325798,42,phase1
baseline_phase1_20260608T162505Z_d3c044325798,wing_000023,v25_a0,2026-06-08T16:25:05.726794+00:00,1.0308114002421613,0.22590584018320992,0.2152181345911684,0.9526895560408098,5.99447924476846,-3.2780315794449706,NACA2412,0.2273578110587824,4.6735677913193925,0.22060514496395295,25.0,0.0,1.225,0.02623427566418888,0.007255146862683686,3.615953771952287,analytic,converged,1,0.0,2.00001522898674e-06,d3c044325798,42,phase1
baseline_phase1_20260608T162505Z_d3c044325798,wing_000023,v25_a5,2026-06-08T16:25:05.726797+00:00,1.0308114002421613,0.22590584018320992,0.2152181345911684,0.9526895560408098,5.99447924476846,-3.2780315794449706,NACA2412,0.2273578110587824,4.6735677913193925,0.22060514496395295,25.0,5.0,1.225,0.3896057877314438,0.019362796897677427,20.121359005639164,analytic,converged,1,0.0,1.500011421740055e-06,d3c044325798,42,phase1
baseline_phase1_20260608T162505Z_d3c044325798,wing_000023,v25_a10,2026-06-08T16:25:05.726799+00:00,1.0308114002421613,0.22590584018320992,0.2152181345911684,0.9526895560408098,5.99447924476846,-3.2780315794449706,NACA2412,0.2273578110587824,4.6735677913193925,0.22060514496395295,25.0,10.0,1.225,0.7529772997986987,0.052630385515169145,14.306893108006502,analytic,converged,1,0.0,1.500011421740055e-06,d3c044325798,42,phase1
baseline_phase1_20260608T162505Z_d3c044325798,wing_000023,v25_a15,2026-06-08T16:25:05.726801+00:00,1.0308114002421613,0.22590584018320992,0.2152181345911684,0.9526895560408098,5.99447924476846,-3.2780315794449706,NACA2412,0.2273578110587824,4.6735677913193925,0.22060514496395295,25.0,15.0,1.225,1.1163488118659535,0.10705791271515883,10.427522670240558,analytic,converged,1,0.0,1.4999532140791416e-06,d3c044325798,42,phase1
baseline_phase1_20260608T162505Z_d3c044325798,wing_000024,v15_a-5,2026-06-08T16:25:05.726804+00:00,1.8409048390892302,0.3575927042902296,0.06874382220382828,0.19224056133996062,20.25441719524998,-0.9833715005917085,NACA0012,0.3924224873517025,8.635923617559838,0.2457847807544049,15.0,-5.0,1.225,-0.4499730456636939,0.01598001803371025,-28.158481718510235,analytic,converged,1,0.0,1.700012944638729e-06,d3c044325798,42,phase1
baseline_phase1_20260608T162505Z_d3c044325798,wing_000024,v15_a0,2026-06-08T16:25:05.726806+00:00,1.8409048390892302,0.3575927042902296,0.06874382220382828,0.19224056133996062,20.25441719524998,-0.9833715005917085,NACA0012,0.3924224873517025,8.635923617559838,0.2457847807544049,15.0,0.0,1.225,-0.04028732608346077,0.0072703816260986575,-5.541294550321873,analytic,converged,1,0.0,1.700012944638729e-06,d3c044325798,42,phase1
baseline_phase1_20260608T162505Z_d3c044325798,wing_000024,v15_a5,2026-06-08T16:25:05.726808+00:00,1.8409048390892302,0.3575927042902296,0.06874382220382828,0.19224056133996062,20.25441719524998,-0.9833715005917085,NACA0012,0.3924224873517025,8.635923617559838,0.2457847807544049,15.0,5.0,1.225,0.36939839349677234,0.01311714775299504,28.161487577391018,analytic,converged,1,0.0,1.500011421740055e-06,d3c044325798,42,phase1
baseline_phase1_20260608T162505Z_d3c044325798,wing_000024,v15_a10,2026-06-08T16:25:05.726811+00:00,1.8409048390892302,0.3575927042902296,0.06874382220382828,0.19224056133996062,20.25441719524998,-0.9833715005917085,NACA0012,0.3924224873517025,8.635923617559838,0.2457847807544049,15.0,10.0,1.225,0.7790841130770054,0.03352031641439939,23.242146746035267,analytic,converged,1,0.0,1.800013706088066e-06,d3c044325798,42,phase1
baseline_phase1_20260608T162505Z_d3c044325798,wing_000024,v15_a15,2026-06-08T16:25:05.726813+00:00,1.8409048390892302,0.3575927042902296,0.06874382220382828,0.19224056133996062,20.25441719524998,-0.9833715005917085,NACA0012,0.3924224873517025,8.635923617559838,0.2457847807544049,15.0,15.0,1.225,1.1887698326572385,0.06847988761031172,17.359401046654657,analytic,converged,1,0.0,1.7999554984271526e-06,d3c044325798,42,phase1
baseline_phase1_20260608T162505Z_d3c044325798,wing_000024,v20_a-5,2026-06-08T16:25:05.726816+00:00,1.8409048390892302,0.3575927042902296,0.06874382220382828,0.19224056133996062,20.25441719524998,-0.9833715005917085,NACA0012,0.3924224873517025,8.635923617559838,0.2457847807544049,20.0,-5.0,1.225,-0.4499730456636939,0.01598001803371025,-28.158481718510235,analytic,converged,1,0.0,1.500011421740055e-06,d3c044325798,42,phase1
baseline_phase1_20260608T162505Z_d3c044325798,wing_000024,v20_a0,2026-06-08T16:25:05.726818+00:00,1.8409048390892302,0.3575927042902296,0.06874382220382828,0.19224056133996062,20.25441719524998,-0.9833715005917085,NACA0012,0.3924224873517025,8.635923617559838,0.2457847807544049,20.0,0.0,1.225,-0.04028732608346077,0.0072703816260986575,-5.541294550321873,analytic,converged,1,0.0,2.400018274784088e-06,d3c044325798,42,phase1
baseline_phase1_20260608T162505Z_d3c044325798,wing_000024,v20_a5,2026-06-08T16:25:05.726820+00:00,1.8409048390892302,0.3575927042902296,0.06874382220382828,0.19224056133996062,20.25441719524998,-0.9833715005917085,NACA0012,0.3924224873517025,8.635923617559838,0.2457847807544049,20.0,5.0,1.225,0.36939839349677234,0.01311714775299504,28.161487577391018,analytic,converged,1,0.0,1.500011421740055e-06,d3c044325798,42,phase1
baseline_phase1_20260608T162505Z_d3c044325798,wing_000024,v20_a10,2026-06-08T16:25:05.726824+00:00,1.8409048390892302,0.3575927042902296,0.06874382220382828,0.19224056133996062,20.25441719524998,-0.9833715005917085,NACA0012,0.3924224873517025,8.635923617559838,0.2457847807544049,20.0,10.0,1.225,0.7790841130770054,0.03352031641439939,23.242146746035267,analytic,converged,1,0.0,1.500011421740055e-06,d3c044325798,42,phase1
baseline_phase1_20260608T162505Z_d3c044325798,wing_000024,v20_a15,2026-06-08T16:25:05.726828+00:00,1.8409048390892302,0.3575927042902296,0.06874382220382828,0.19224056133996062,20.25441719524998,-0.9833715005917085,NACA0012,0.3924224873517025,8.635923617559838,0.2457847807544049,20.0,15.0,1.225,1.1887698326572385,0.06847988761031172,17.359401046654657,analytic,converged,1,0.0,1.6999547369778156e-06,d3c044325798,42,phase1
baseline_phase1_20260608T162505Z_d3c044325798,wing_000024,v25_a-5,2026-06-08T16:25:05.726830+00:00,1.8409048390892302,0.3575927042902296,0.06874382220382828,0.19224056133996062,20.25441719524998,-0.9833715005917085,NACA0012,0.3924224873517025,8.635923617559838,0.2457847807544049,25.0,-5.0,1.225,-0.4499730456636939,0.01598001803371025,-28.158481718510235,analytic,converged,1,0.0,1.700012944638729e-06,d3c044325798,42,phase1
baseline_phase1_20260608T162505Z_d3c044325798,wing_000024,v25_a0,2026-06-08T16:25:05.726833+00:00,1.8409048390892302,0.3575927042902296,0.06874382220382828,0.19224056133996062,20.25441719524998,-0.9833715005917085,NACA0012,0.3924224873517025,8.635923617559838,0.2457847807544049,25.0,0.0,1.225,-0.04028732608346077,0.0072703816260986575,-5.541294550321873,analytic,converged,1,0.0,1.6999547369778156e-06,d3c044325798,42,phase1
baseline_phase1_20260608T162505Z_d3c044325798,wing_000024,v25_a5,2026-06-08T16:25:05.726835+00:00,1.8409048390892302,0.3575927042902296,0.06874382220382828,0.19224056133996062,20.25441719524998,-0.9833715005917085,NACA0012,0.3924224873517025,8.635923617559838,0.2457847807544049,25.0,5.0,1.225,0.36939839349677234,0.01311714775299504,28.161487577391018,analytic,converged,1,0.0,1.600012183189392e-06,d3c044325798,42,phase1
baseline_phase1_20260608T162505Z_d3c044325798,wing_000024,v25_a10,2026-06-08T16:25:05.726837+00:00,1.8409048390892302,0.3575927042902296,0.06874382220382828,0.19224056133996062,20.25441719524998,-0.9833715005917085,NACA0012,0.3924224873517025,8.635923617559838,0.2457847807544049,25.0,10.0,1.225,0.7790841130770054,0.03352031641439939,23.242146746035267,analytic,converged,1,0.0,1.600012183189392e-06,d3c044325798,42,phase1
baseline_phase1_20260608T162505Z_d3c044325798,wing_000024,v25_a15,2026-06-08T16:25:05.726840+00:00,1.8409048390892302,0.3575927042902296,0.06874382220382828,0.19224056133996062,20.25441719524998,-0.9833715005917085,NACA0012,0.3924224873517025,8.635923617559838,0.2457847807544049,25.0,15.0,1.225,1.1887698326572385,0.06847988761031172,17.359401046654657,analytic,converged,1,0.0,2.0999577827751637e-06,d3c044325798,42,phase1
baseline_phase1_20260608T162505Z_d3c044325798,wing_000025,v15_a-5,2026-06-08T16:25:05.726842+00:00,1.1053655426673388,0.2876501232230686,0.2719073831742817,0.9452712209110419,16.17940978691039,-0.38507894208022453,NACA4412,0.30925779335624504,3.950855917505651,0.27985257160619964,15.0,-5.0,1.225,-0.07989812377013504,0.007805080520417142,-10.23668155134739,analytic,converged,1,0.0,1.500011421740055e-06,d3c044325798,42,phase1
baseline_phase1_20260608T162505Z_d3c044325798,wing_000025,v15_a0,2026-06-08T16:25:05.726844+00:00,1.1053655426673388,0.2876501232230686,0.2719073831742817,0.9452712209110419,16.17940978691039,-0.38507894208022453,NACA4412,0.30925779335624504,3.950855917505651,0.27985257160619964,15.0,0.0,1.225,0.25509340359813437,0.013367916229334306,19.082510633808596,analytic,converged,1,0.0,1.500011421740055e-06,d3c044325798,42,phase1
baseline_phase1_20260608T162505Z_d3c044325798,wing_000025,v15_a5,2026-06-08T16:25:05.726847+00:00,1.1053655426673388,0.2876501232230686,0.2719073831742817,0.9452712209110419,16.17940978691039,-0.38507894208022453,NACA4412,0.30925779335624504,3.950855917505651,0.27985257160619964,15.0,5.0,1.225,0.5900849309664039,0.04020418844245905,14.677200406891535,analytic,converged,1,0.0,1.400010660290718e-06,d3c044325798,42,phase1
baseline_phase1_20260608T162505Z_d3c044325798,wing_000025,v15_a10,2026-06-08T16:25:05.726849+00:00,1.1053655426673388,0.2876501232230686,0.2719073831742817,0.9452712209110419,16.17940978691039,-0.38507894208022453,NACA4412,0.30925779335624504,3.950855917505651,0.27985257160619964,15.0,10.0,1.225,0.9250764583346733,0.08831389715979135,10.474868487129267,analytic,converged,1,0.0,2.700020559132099e-06,d3c044325798,42,phase1
baseline_phase1_20260608T162505Z_d3c044325798,wing_000025,v15_a15,2026-06-08T16:25:05.726852+00:00,1.1053655426673388,0.2876501232230686,0.2719073831742817,0.9452712209110419,16.17940978691039,-0.38507894208022453,NACA4412,0.30925779335624504,3.950855917505651,0.27985257160619964,15.0,15.0,1.225,1.2600679857029427,0.15769704238133123,7.990435119613342,analytic,converged,1,0.0,1.4999532140791416e-06,d3c044325798,42,phase1
baseline_phase1_20260608T162505Z_d3c044325798,wing_000025,v20_a-5,2026-06-08T16:25:05.726854+00:00,1.1053655426673388,0.2876501232230686,0.2719073831742817,0.9452712209110419,16.17940978691039,-0.38507894208022453,NACA4412,0.30925779335624504,3.950855917505651,0.27985257160619964,20.0,-5.0,1.225,-0.07989812377013504,0.007805080520417142,-10.23668155134739,analytic,converged,1,0.0,1.500011421740055e-06,d3c044325798,42,phase1
baseline_phase1_20260608T162505Z_d3c044325798,wing_000025,v20_a0,2026-06-08T16:25:05.726857+00:00,1.1053655426673388,0.2876501232230686,0.2719073831742817,0.9452712209110419,16.17940978691039,-0.38507894208022453,NACA4412,0.30925779335624504,3.950855917505651,0.27985257160619964,20.0,0.0,1.225,0.25509340359813437,0.013367916229334306,19.082510633808596,analytic,converged,1,0.0,1.600012183189392e-06,d3c044325798,42,phase1
baseline_phase1_20260608T162505Z_d3c044325798,wing_000025,v20_a5,2026-06-08T16:25:05.726859+00:00,1.1053655426673388,0.2876501232230686,0.2719073831742817,0.9452712209110419,16.17940978691039,-0.38507894208022453,NACA4412,0.30925779335624504,3.950855917505651,0.27985257160619964,20.0,5.0,1.225,0.5900849309664039,0.04020418844245905,14.677200406891535,analytic,converged,1,0.0,1.800013706088066e-06,d3c044325798,42,phase1
baseline_phase1_20260608T162505Z_d3c044325798,wing_000025,v20_a10,2026-06-08T16:25:05.726861+00:00,1.1053655426673388,0.2876501232230686,0.2719073831742817,0.9452712209110419,16.17940978691039,-0.38507894208022453,NACA4412,0.30925779335624504,3.950855917505651,0.27985257160619964,20.0,10.0,1.225,0.9250764583346733,0.08831389715979135,10.474868487129267,analytic,converged,1,0.0,1.500011421740055e-06,d3c044325798,42,phase1
baseline_phase1_20260608T162505Z_d3c044325798,wing_000025,v20_a15,2026-06-08T16:25:05.726864+00:00,1.1053655426673388,0.2876501232230686,0.2719073831742817,0.9452712209110419,16.17940978691039,-0.38507894208022453,NACA4412,0.30925779335624504,3.950855917505651,0.27985257160619964,20.0,15.0,1.225,1.2600679857029427,0.15769704238133123,7.990435119613342,analytic,converged,1,0.0,1.6999547369778156e-06,d3c044325798,42,phase1
baseline_phase1_20260608T162505Z_d3c044325798,wing_000025,v25_a-5,2026-06-08T16:25:05.726866+00:00,1.1053655426673388,0.2876501232230686,0.2719073831742817,0.9452712209110419,16.17940978691039,-0.38507894208022453,NACA4412,0.30925779335624504,3.950855917505651,0.27985257160619964,25.0,-5.0,1.225,-0.07989812377013504,0.007805080520417142,-10.23668155134739,analytic,converged,1,0.0,1.600012183189392e-06,d3c044325798,42,phase1
baseline_phase1_20260608T162505Z_d3c044325798,wing_000025,v25_a0,2026-06-08T16:25:05.726868+00:00,1.1053655426673388,0.2876501232230686,0.2719073831742817,0.9452712209110419,16.17940978691039,-0.38507894208022453,NACA4412,0.30925779335624504,3.950855917505651,0.27985257160619964,25.0,0.0,1.225,0.25509340359813437,0.013367916229334306,19.082510633808596,analytic,converged,1,0.0,1.600012183189392e-06,d3c044325798,42,phase1
baseline_phase1_20260608T162505Z_d3c044325798,wing_000025,v25_a5,2026-06-08T16:25:05.726870+00:00,1.1053655426673388,0.2876501232230686,0.2719073831742817,0.9452712209110419,16.17940978691039,-0.38507894208022453,NACA4412,0.30925779335624504,3.950855917505651,0.27985257160619964,25.0,5.0,1.225,0.5900849309664039,0.04020418844245905,14.677200406891535,analytic,converged,1,0.0,1.600012183189392e-06,d3c044325798,42,phase1
baseline_phase1_20260608T162505Z_d3c044325798,wing_000025,v25_a10,2026-06-08T16:25:05.726873+00:00,1.1053655426673388,0.2876501232230686,0.2719073831742817,0.9452712209110419,16.17940978691039,-0.38507894208022453,NACA4412,0.30925779335624504,3.950855917505651,0.27985257160619964,25.0,10.0,1.225,0.9250764583346733,0.08831389715979135,10.474868487129267,analytic,converged,1,0.0,1.500011421740055e-06,d3c044325798,42,phase1
baseline_phase1_20260608T162505Z_d3c044325798,wing_000025,v25_a15,2026-06-08T16:25:05.726875+00:00,1.1053655426673388,0.2876501232230686,0.2719073831742817,0.9452712209110419,16.17940978691039,-0.38507894208022453,NACA4412,0.30925779335624504,3.950855917505651,0.27985257160619964,25.0,15.0,1.225,1.2600679857029427,0.15769704238133123,7.990435119613342,analytic,converged,1,0.0,1.6999547369778156e-06,d3c044325798,42,phase1
baseline_phase1_20260608T162505Z_d3c044325798,wing_000026,v15_a-5,2026-06-08T16:25:05.726877+00:00,1.745842039792528,0.42971607166978887,0.2362883334253268,0.54987083100513,22.72424919969325,3.6758910061691346,NACA2412,0.581369244551033,5.242734211474757,0.342365076035115,15.0,-5.0,1.225,-0.08312914807745354,0.007693605534056426,-10.804966242352172,analytic,converged,1,0.0,1.500011421740055e-06,d3c044325798,42,phase1
baseline_phase1_20260608T162505Z_d3c044325798,wing_000026,v15_a0,2026-06-08T16:25:05.726879+00:00,1.745842039792528,0.42971607166978887,0.2362883334253268,0.54987083100513,22.72424919969325,3.6758910061691346,NACA2412,0.581369244551033,5.242734211474757,0.342365076035115,15.0,0.0,1.225,0.27455264868041046,0.012584242802641425,21.81717668565502,analytic,converged,1,0.0,1.500011421740055e-06,d3c044325798,42,phase1
baseline_phase1_20260608T162505Z_d3c044325798,wing_000026,v15_a5,2026-06-08T16:25:05.726882+00:00,1.745842039792528,0.42971607166978887,0.2362883334253268,0.54987083100513,22.72424919969325,3.6758910061691346,NACA2412,0.581369244551033,5.242734211474757,0.342365076035115,15.0,5.0,1.225,0.6322344454382745,0.03575154850544096,17.684113608171568,analytic,converged,1,0.0,1.6999547369778156e-06,d3c044325798,42,phase1
baseline_phase1_20260608T162505Z_d3c044325798,wing_000026,v15_a10,2026-06-08T16:25:05.726884+00:00,1.745842039792528,0.42971607166978887,0.2362883334253268,0.54987083100513,22.72424919969325,3.6758910061691346,NACA2412,0.581369244551033,5.242734211474757,0.342365076035115,15.0,10.0,1.225,0.9899162421961385,0.07719552264245502,12.823492973564205,analytic,converged,1,0.0,1.500011421740055e-06,d3c044325798,42,phase1
baseline_phase1_20260608T162505Z_d3c044325798,wing_000026,v15_a15,2026-06-08T16:25:05.726886+00:00,1.745842039792528,0.42971607166978887,0.2362883334253268,0.54987083100513,22.72424919969325,3.6758910061691346,NACA2412,0.581369244551033,5.242734211474757,0.342365076035115,15.0,15.0,1.225,1.3475980389540025,0.13691616521368366,9.842504987273198,analytic,converged,1,0.0,1.600012183189392e-06,d3c044325798,42,phase1
baseline_phase1_20260608T162505Z_d3c044325798,wing_000026,v20_a-5,2026-06-08T16:25:05.726889+00:00,1.745842039792528,0.42971607166978887,0.2362883334253268,0.54987083100513,22.72424919969325,3.6758910061691346,NACA2412,0.581369244551033,5.242734211474757,0.342365076035115,20.0,-5.0,1.225,-0.08312914807745354,0.007693605534056426,-10.804966242352172,analytic,converged,1,0.0,1.700012944638729e-06,d3c044325798,42,phase1
baseline_phase1_20260608T162505Z_d3c044325798,wing_000026,v20_a0,2026-06-08T16:25:05.726891+00:00,1.745842039792528,0.42971607166978887,0.2362883334253268,0.54987083100513,22.72424919969325,3.6758910061691346,NACA2412,0.581369244551033,5.242734211474757,0.342365076035115,20.0,0.0,1.225,0.27455264868041046,0.012584242802641425,21.81717668565502,analytic,converged,1,0.0,1.700012944638729e-06,d3c044325798,42,phase1
baseline_phase1_20260608T162505Z_d3c044325798,wing_000026,v20_a5,2026-06-08T16:25:05.726893+00:00,1.745842039792528,0.42971607166978887,0.2362883334253268,0.54987083100513,22.72424919969325,3.6758910061691346,NACA2412,0.581369244551033,5.242734211474757,0.342365076035115,20.0,5.0,1.225,0.6322344454382745,0.03575154850544096,17.684113608171568,analytic,converged,1,0.0,1.5999539755284786e-06,d3c044325798,42,phase1
baseline_phase1_20260608T162505Z_d3c044325798,wing_000026,v20_a10,2026-06-08T16:25:05.726896+00:00,1.745842039792528,0.42971607166978887,0.2362883334253268,0.54987083100513,22.72424919969325,3.6758910061691346,NACA2412,0.581369244551033,5.242734211474757,0.342365076035115,20.0,10.0,1.225,0.9899162421961385,0.07719552264245502,12.823492973564205,analytic,converged,1,0.0,2.400018274784088e-06,d3c044325798,42,phase1
baseline_phase1_20260608T162505Z_d3c044325798,wing_000026,v20_a15,2026-06-08T16:25:05.726898+00:00,1.745842039792528,0.42971607166978887,0.2362883334253268,0.54987083100513,22.72424919969325,3.6758910061691346,NACA2412,0.581369244551033,5.242734211474757,0.342365076035115,20.0,15.0,1.225,1.3475980389540025,0.13691616521368366,9.842504987273198,analytic,converged,1,0.0,1.500011421740055e-06,d3c044325798,42,phase1
baseline_phase1_20260608T162505Z_d3c044325798,wing_000026,v25_a-5,2026-06-08T16:25:05.726901+00:00,1.745842039792528,0.42971607166978887,0.2362883334253268,0.54987083100513,22.72424919969325,3.6758910061691346,NACA2412,0.581369244551033,5.242734211474757,0.342365076035115,25.0,-5.0,1.225,-0.08312914807745354,0.007693605534056426,-10.804966242352172,analytic,converged,1,0.0,1.600012183189392e-06,d3c044325798,42,phase1
baseline_phase1_20260608T162505Z_d3c044325798,wing_000026,v25_a0,2026-06-08T16:25:05.726905+00:00,1.745842039792528,0.42971607166978887,0.2362883334253268,0.54987083100513,22.72424919969325,3.6758910061691346,NACA2412,0.581369244551033,5.242734211474757,0.342365076035115,25.0,0.0,1.225,0.27455264868041046,0.012584242802641425,21.81717668565502,analytic,converged,1,0.0,1.700012944638729e-06,d3c044325798,42,phase1
baseline_phase1_20260608T162505Z_d3c044325798,wing_000026,v25_a5,2026-06-08T16:25:05.726907+00:00,1.745842039792528,0.42971607166978887,0.2362883334253268,0.54987083100513,22.72424919969325,3.6758910061691346,NACA2412,0.581369244551033,5.242734211474757,0.342365076035115,25.0,5.0,1.225,0.6322344454382745,0.03575154850544096,17.684113608171568,analytic,converged,1,0.0,1.5999539755284786e-06,d3c044325798,42,phase1
baseline_phase1_20260608T162505Z_d3c044325798,wing_000026,v25_a10,2026-06-08T16:25:05.726910+00:00,1.745842039792528,0.42971607166978887,0.2362883334253268,0.54987083100513,22.72424919969325,3.6758910061691346,NACA2412,0.581369244551033,5.242734211474757,0.342365076035115,25.0,10.0,1.225,0.9899162421961385,0.07719552264245502,12.823492973564205,analytic,converged,1,0.0,1.500011421740055e-06,d3c044325798,42,phase1
baseline_phase1_20260608T162505Z_d3c044325798,wing_000026,v25_a15,2026-06-08T16:25:05.726912+00:00,1.745842039792528,0.42971607166978887,0.2362883334253268,0.54987083100513,22.72424919969325,3.6758910061691346,NACA2412,0.581369244551033,5.242734211474757,0.342365076035115,25.0,15.0,1.225,1.3475980389540025,0.13691616521368366,9.842504987273198,analytic,converged,1,0.0,1.600012183189392e-06,d3c044325798,42,phase1
baseline_phase1_20260608T162505Z_d3c044325798,wing_000027,v15_a-5,2026-06-08T16:25:05.726914+00:00,1.425061352247925,0.4439387393675195,0.1483188364393102,0.3340975303273159,19.76679166721194,-4.906164471521114,NACA0012,0.42200169092917933,4.8123026549945624,0.32072144560763277,15.0,-5.0,1.225,-0.5267759032220314,0.028793849455299066,-18.29473700763155,analytic,converged,1,0.0,1.800013706088066e-06,d3c044325798,42,phase1
baseline_phase1_20260608T162505Z_d3c044325798,wing_000027,v15_a0,2026-06-08T16:25:05.726917+00:00,1.425061352247925,0.4439387393675195,0.1483188364393102,0.3340975303273159,19.76679166721194,-4.906164471521114,NACA0012,0.42200169092917933,4.8123026549945624,0.32072144560763277,15.0,0.0,1.225,-0.1733812360502985,0.009539281347525812,-18.175502926671527,analytic,converged,1,0.0,1.500011421740055e-06,d3c044325798,42,phase1
baseline_phase1_20260608T162505Z_d3c044325798,wing_000027,v15_a5,2026-06-08T16:25:05.726919+00:00,1.425061352247925,0.4439387393675195,0.1483188364393102,0.3340975303273159,19.76679166721194,-4.906164471521114,NACA0012,0.42200169092917933,4.8123026549945624,0.32072144560763277,15.0,5.0,1.225,0.18001343112143442,0.009721669049569302,18.516720760969488,analytic,converged,1,0.0,1.500011421740055e-06,d3c044325798,42,phase1
baseline_phase1_20260608T162505Z_d3c044325798,wing_000027,v15_a10,2026-06-08T16:25:05.726921+00:00,1.425061352247925,0.4439387393675195,0.1483188364393102,0.3340975303273159,19.76679166721194,-4.906164471521114,NACA0012,0.42200169092917933,4.8123026549945624,0.32072144560763277,15.0,10.0,1.225,0.5334080982931674,0.02934101256142954,18.179607713823863,analytic,converged,1,0.0,1.600012183189392e-06,d3c044325798,42,phase1
baseline_phase1_20260608T162505Z_d3c044325798,wing_000027,v15_a15,2026-06-08T16:25:05.726923+00:00,1.425061352247925,0.4439387393675195,0.1483188364393102,0.3340975303273159,19.76679166721194,-4.906164471521114,NACA0012,0.42200169092917933,4.8123026549945624,0.32072144560763277,15.0,15.0,1.225,0.8868027654649002,0.0683973118831065,12.965462253552865,analytic,converged,1,0.0,1.500011421740055e-06,d3c044325798,42,phase1
baseline_phase1_20260608T162505Z_d3c044325798,wing_000027,v20_a-5,2026-06-08T16:25:05.726926+00:00,1.425061352247925,0.4439387393675195,0.1483188364393102,0.3340975303273159,19.76679166721194,-4.906164471521114,NACA0012,0.42200169092917933,4.8123026549945624,0.32072144560763277,20.0,-5.0,1.225,-0.5267759032220314,0.028793849455299066,-18.29473700763155,analytic,converged,1,0.0,2.500019036233425e-06,d3c044325798,42,phase1
baseline_phase1_20260608T162505Z_d3c044325798,wing_000027,v20_a0,2026-06-08T16:25:05.726928+00:00,1.425061352247925,0.4439387393675195,0.1483188364393102,0.3340975303273159,19.76679166721194,-4.906164471521114,NACA0012,0.42200169092917933,4.8123026549945624,0.32072144560763277,20.0,0.0,1.225,-0.1733812360502985,0.009539281347525812,-18.175502926671527,analytic,converged,1,0.0,1.600012183189392e-06,d3c044325798,42,phase1
baseline_phase1_20260608T162505Z_d3c044325798,wing_000027,v20_a5,2026-06-08T16:25:05.726930+00:00,1.425061352247925,0.4439387393675195,0.1483188364393102,0.3340975303273159,19.76679166721194,-4.906164471521114,NACA0012,0.42200169092917933,4.8123026549945624,0.32072144560763277,20.0,5.0,1.225,0.18001343112143442,0.009721669049569302,18.516720760969488,analytic,converged,1,0.0,1.6999547369778156e-06,d3c044325798,42,phase1
baseline_phase1_20260608T162505Z_d3c044325798,wing_000027,v20_a10,2026-06-08T16:25:05.726933+00:00,1.425061352247925,0.4439387393675195,0.1483188364393102,0.3340975303273159,19.76679166721194,-4.906164471521114,NACA0012,0.42200169092917933,4.8123026549945624,0.32072144560763277,20.0,10.0,1.225,0.5334080982931674,0.02934101256142954,18.179607713823863,analytic,converged,1,0.0,1.500011421740055e-06,d3c044325798,42,phase1
baseline_phase1_20260608T162505Z_d3c044325798,wing_000027,v20_a15,2026-06-08T16:25:05.726935+00:00,1.425061352247925,0.4439387393675195,0.1483188364393102,0.3340975303273159,19.76679166721194,-4.906164471521114,NACA0012,0.42200169092917933,4.8123026549945624,0.32072144560763277,20.0,15.0,1.225,0.8868027654649002,0.0683973118831065,12.965462253552865,analytic,converged,1,0.0,1.600012183189392e-06,d3c044325798,42,phase1
baseline_phase1_20260608T162505Z_d3c044325798,wing_000027,v25_a-5,2026-06-08T16:25:05.726937+00:00,1.425061352247925,0.4439387393675195,0.1483188364393102,0.3340975303273159,19.76679166721194,-4.906164471521114,NACA0012,0.42200169092917933,4.8123026549945624,0.32072144560763277,25.0,-5.0,1.225,-0.5267759032220314,0.028793849455299066,-18.29473700763155,analytic,converged,1,0.0,1.400010660290718e-06,d3c044325798,42,phase1
baseline_phase1_20260608T162505Z_d3c044325798,wing_000027,v25_a0,2026-06-08T16:25:05.726939+00:00,1.425061352247925,0.4439387393675195,0.1483188364393102,0.3340975303273159,19.76679166721194,-4.906164471521114,NACA0012,0.42200169092917933,4.8123026549945624,0.32072144560763277,25.0,0.0,1.225,-0.1733812360502985,0.009539281347525812,-18.175502926671527,analytic,converged,1,0.0,1.600012183189392e-06,d3c044325798,42,phase1
baseline_phase1_20260608T162505Z_d3c044325798,wing_000027,v25_a5,2026-06-08T16:25:05.726941+00:00,1.425061352247925,0.4439387393675195,0.1483188364393102,0.3340975303273159,19.76679166721194,-4.906164471521114,NACA0012,0.42200169092917933,4.8123026549945624,0.32072144560763277,25.0,5.0,1.225,0.18001343112143442,0.009721669049569302,18.516720760969488,analytic,converged,1,0.0,1.5999539755284786e-06,d3c044325798,42,phase1
baseline_phase1_20260608T162505Z_d3c044325798,wing_000027,v25_a10,2026-06-08T16:25:05.726944+00:00,1.425061352247925,0.4439387393675195,0.1483188364393102,0.3340975303273159,19.76679166721194,-4.906164471521114,NACA0012,0.42200169092917933,4.8123026549945624,0.32072144560763277,25.0,10.0,1.225,0.5334080982931674,0.02934101256142954,18.179607713823863,analytic,converged,1,0.0,1.600012183189392e-06,d3c044325798,42,phase1
baseline_phase1_20260608T162505Z_d3c044325798,wing_000027,v25_a15,2026-06-08T16:25:05.726947+00:00,1.425061352247925,0.4439387393675195,0.1483188364393102,0.3340975303273159,19.76679166721194,-4.906164471521114,NACA0012,0.42200169092917933,4.8123026549945624,0.32072144560763277,25.0,15.0,1.225,0.8868027654649002,0.0683973118831065,12.965462253552865,analytic,converged,1,0.0,1.600012183189392e-06,d3c044325798,42,phase1
baseline_phase1_20260608T162505Z_d3c044325798,wing_000028,v15_a-5,2026-06-08T16:25:05.726949+00:00,1.5462798283388166,0.4575998314829811,0.17102441876213376,0.37374231150365805,11.251125031234915,3.5543766000627226,NACA4412,0.4860144988793168,4.919567858656063,0.336085987421618,15.0,-5.0,1.225,0.05689934566555419,0.0074464443071042465,7.6411429830032604,analytic,converged,1,0.0,1.4999532140791416e-06,d3c044325798,42,phase1
baseline_phase1_20260608T162505Z_d3c044325798,wing_000028,v15_a0,2026-06-08T16:25:05.726952+00:00,1.5462798283388166,0.4575998314829811,0.17102441876213376,0.37374231150365805,11.251125031234915,3.5543766000627226,NACA4412,0.4860144988793168,4.919567858656063,0.336085987421618,15.0,0.0,1.225,0.4229582895743738,0.020817560969835162,20.317379648232773,analytic,converged,1,0.0,1.500011421740055e-06,d3c044325798,42,phase1
baseline_phase1_20260608T162505Z_d3c044325798,wing_000028,v15_a5,2026-06-08T16:25:05.726954+00:00,1.5462798283388166,0.4575998314829811,0.17102441876213376,0.37374231150365805,11.251125031234915,3.5543766000627226,NACA4412,0.4860144988793168,4.919567858656063,0.336085987421618,15.0,5.0,1.225,0.7890172334831935,0.054588965071958824,14.453786263269803,analytic,converged,1,0.0,1.400010660290718e-06,d3c044325798,42,phase1
baseline_phase1_20260608T162505Z_d3c044325798,wing_000028,v15_a10,2026-06-08T16:25:05.726957+00:00,1.5462798283388166,0.4575998314829811,0.17102441876213376,0.37374231150365805,11.251125031234915,3.5543766000627226,NACA4412,0.4860144988793168,4.919567858656063,0.336085987421618,15.0,10.0,1.225,1.155076177392013,0.1087606566134752,10.620349429270563,analytic,converged,1,0.0,1.700012944638729e-06,d3c044325798,42,phase1
baseline_phase1_20260608T162505Z_d3c044325798,wing_000028,v15_a15,2026-06-08T16:25:05.726959+00:00,1.5462798283388166,0.4575998314829811,0.17102441876213376,0.37374231150365805,11.251125031234915,3.5543766000627226,NACA4412,0.4860144988793168,4.919567858656063,0.336085987421618,15.0,15.0,1.225,1.4,0.15639707795603588,8.95157389317432,analytic,stall_limited,1,0.0,2.600019797682762e-06,d3c044325798,42,phase1
baseline_phase1_20260608T162505Z_d3c044325798,wing_000028,v20_a-5,2026-06-08T16:25:05.726962+00:00,1.5462798283388166,0.4575998314829811,0.17102441876213376,0.37374231150365805,11.251125031234915,3.5543766000627226,NACA4412,0.4860144988793168,4.919567858656063,0.336085987421618,20.0,-5.0,1.225,0.05689934566555419,0.0074464443071042465,7.6411429830032604,analytic,converged,1,0.0,1.5999539755284786e-06,d3c044325798,42,phase1
baseline_phase1_20260608T162505Z_d3c044325798,wing_000028,v20_a0,2026-06-08T16:25:05.726964+00:00,1.5462798283388166,0.4575998314829811,0.17102441876213376,0.37374231150365805,11.251125031234915,3.5543766000627226,NACA4412,0.4860144988793168,4.919567858656063,0.336085987421618,20.0,0.0,1.225,0.4229582895743738,0.020817560969835162,20.317379648232773,analytic,converged,1,0.0,1.500011421740055e-06,d3c044325798,42,phase1
baseline_phase1_20260608T162505Z_d3c044325798,wing_000028,v20_a5,2026-06-08T16:25:05.726966+00:00,1.5462798283388166,0.4575998314829811,0.17102441876213376,0.37374231150365805,11.251125031234915,3.5543766000627226,NACA4412,0.4860144988793168,4.919567858656063,0.336085987421618,20.0,5.0,1.225,0.7890172334831935,0.054588965071958824,14.453786263269803,analytic,converged,1,0.0,1.500011421740055e-06,d3c044325798,42,phase1
baseline_phase1_20260608T162505Z_d3c044325798,wing_000028,v20_a10,2026-06-08T16:25:05.726969+00:00,1.5462798283388166,0.4575998314829811,0.17102441876213376,0.37374231150365805,11.251125031234915,3.5543766000627226,NACA4412,0.4860144988793168,4.919567858656063,0.336085987421618,20.0,10.0,1.225,1.155076177392013,0.1087606566134752,10.620349429270563,analytic,converged,1,0.0,1.500011421740055e-06,d3c044325798,42,phase1
baseline_phase1_20260608T162505Z_d3c044325798,wing_000028,v20_a15,2026-06-08T16:25:05.726971+00:00,1.5462798283388166,0.4575998314829811,0.17102441876213376,0.37374231150365805,11.251125031234915,3.5543766000627226,NACA4412,0.4860144988793168,4.919567858656063,0.336085987421618,20.0,15.0,1.225,1.4,0.15639707795603588,8.95157389317432,analytic,stall_limited,1,0.0,1.700012944638729e-06,d3c044325798,42,phase1
baseline_phase1_20260608T162505Z_d3c044325798,wing_000028,v25_a-5,2026-06-08T16:25:05.726973+00:00,1.5462798283388166,0.4575998314829811,0.17102441876213376,0.37374231150365805,11.251125031234915,3.5543766000627226,NACA4412,0.4860144988793168,4.919567858656063,0.336085987421618,25.0,-5.0,1.225,0.05689934566555419,0.0074464443071042465,7.6411429830032604,analytic,converged,1,0.0,2.3999600671231747e-06,d3c044325798,42,phase1
baseline_phase1_20260608T162505Z_d3c044325798,wing_000028,v25_a0,2026-06-08T16:25:05.726975+00:00,1.5462798283388166,0.4575998314829811,0.17102441876213376,0.37374231150365805,11.251125031234915,3.5543766000627226,NACA4412,0.4860144988793168,4.919567858656063,0.336085987421618,25.0,0.0,1.225,0.4229582895743738,0.020817560969835162,20.317379648232773,analytic,converged,1,0.0,1.500011421740055e-06,d3c044325798,42,phase1
baseline_phase1_20260608T162505Z_d3c044325798,wing_000028,v25_a5,2026-06-08T16:25:05.726977+00:00,1.5462798283388166,0.4575998314829811,0.17102441876213376,0.37374231150365805,11.251125031234915,3.5543766000627226,NACA4412,0.4860144988793168,4.919567858656063,0.336085987421618,25.0,5.0,1.225,0.7890172334831935,0.054588965071958824,14.453786263269803,analytic,converged,1,0.0,1.8999562598764896e-06,d3c044325798,42,phase1
baseline_phase1_20260608T162505Z_d3c044325798,wing_000028,v25_a10,2026-06-08T16:25:05.726980+00:00,1.5462798283388166,0.4575998314829811,0.17102441876213376,0.37374231150365805,11.251125031234915,3.5543766000627226,NACA4412,0.4860144988793168,4.919567858656063,0.336085987421618,25.0,10.0,1.225,1.155076177392013,0.1087606566134752,10.620349429270563,analytic,converged,1,0.0,1.600012183189392e-06,d3c044325798,42,phase1
baseline_phase1_20260608T162505Z_d3c044325798,wing_000028,v25_a15,2026-06-08T16:25:05.726983+00:00,1.5462798283388166,0.4575998314829811,0.17102441876213376,0.37374231150365805,11.251125031234915,3.5543766000627226,NACA4412,0.4860144988793168,4.919567858656063,0.336085987421618,25.0,15.0,1.225,1.4,0.15639707795603588,8.95157389317432,analytic,stall_limited,1,0.0,1.500011421740055e-06,d3c044325798,42,phase1
baseline_phase1_20260608T162505Z_d3c044325798,wing_000029,v15_a-5,2026-06-08T16:25:05.726985+00:00,1.0497968529303063,0.39281071376284393,0.2965294375843782,0.7548914202055225,17.284205319507404,1.8647671652402504,NACA4412,0.36183356074140743,3.045802136662489,0.34691136978761195,15.0,-5.0,1.225,-0.004074579600942604,0.007202041244971011,-0.565753438830661,analytic,converged,1,0.0,1.5999539755284786e-06,d3c044325798,42,phase1
baseline_phase1_20260608T162505Z_d3c044325798,wing_000029,v15_a0,2026-06-08T16:25:05.726987+00:00,1.0497968529303063,0.39281071376284393,0.2965294375843782,0.7548914202055225,17.284205319507404,1.8647671652402504,NACA4412,0.36183356074140743,3.045802136662489,0.34691136978761195,15.0,0.0,1.225,0.29722647706782984,0.018061867545527306,16.456021301154575,analytic,converged,1,0.0,1.500011421740055e-06,d3c044325798,42,phase1
baseline_phase1_20260608T162505Z_d3c044325798,wing_000029,v15_a5,2026-06-08T16:25:05.726989+00:00,1.0497968529303063,0.39281071376284393,0.2965294375843782,0.7548914202055225,17.284205319507404,1.8647671652402504,NACA4412,0.36183356074140743,3.045802136662489,0.34691136978761195,15.0,5.0,1.225,0.5985275337366024,0.051245118445213386,11.6796985136544,analytic,converged,1,0.0,1.600012183189392e-06,d3c044325798,42,phase1
baseline_phase1_20260608T162505Z_d3c044325798,wing_000029,v15_a10,2026-06-08T16:25:05.726992+00:00,1.0497968529303063,0.39281071376284393,0.2965294375843782,0.7548914202055225,17.284205319507404,1.8647671652402504,NACA4412,0.36183356074140743,3.045802136662489,0.34691136978761195,15.0,10.0,1.225,0.8998285904053749,0.10675179394402924,8.42916598551179,analytic,converged,1,0.0,1.700012944638729e-06,d3c044325798,42,phase1
baseline_phase1_20260608T162505Z_d3c044325798,wing_000029,v15_a15,2026-06-08T16:25:05.726994+00:00,1.0497968529303063,0.39281071376284393,0.2965294375843782,0.7548914202055225,17.284205319507404,1.8647671652402504,NACA4412,0.36183356074140743,3.045802136662489,0.34691136978761195,15.0,15.0,1.225,1.2011296470741473,0.18458189404197484,6.507299393086758,analytic,converged,1,0.0,1.600012183189392e-06,d3c044325798,42,phase1
baseline_phase1_20260608T162505Z_d3c044325798,wing_000029,v20_a-5,2026-06-08T16:25:05.726996+00:00,1.0497968529303063,0.39281071376284393,0.2965294375843782,0.7548914202055225,17.284205319507404,1.8647671652402504,NACA4412,0.36183356074140743,3.045802136662489,0.34691136978761195,20.0,-5.0,1.225,-0.004074579600942604,0.007202041244971011,-0.565753438830661,analytic,converged,1,0.0,1.5999539755284786e-06,d3c044325798,42,phase1
baseline_phase1_20260608T162505Z_d3c044325798,wing_000029,v20_a0,2026-06-08T16:25:05.726998+00:00,1.0497968529303063,0.39281071376284393,0.2965294375843782,0.7548914202055225,17.284205319507404,1.8647671652402504,NACA4412,0.36183356074140743,3.045802136662489,0.34691136978761195,20.0,0.0,1.225,0.29722647706782984,0.018061867545527306,16.456021301154575,analytic,converged,1,0.0,1.500011421740055e-06,d3c044325798,42,phase1
baseline_phase1_20260608T162505Z_d3c044325798,wing_000029,v20_a5,2026-06-08T16:25:05.727001+00:00,1.0497968529303063,0.39281071376284393,0.2965294375843782,0.7548914202055225,17.284205319507404,1.8647671652402504,NACA4412,0.36183356074140743,3.045802136662489,0.34691136978761195,20.0,5.0,1.225,0.5985275337366024,0.051245118445213386,11.6796985136544,analytic,converged,1,0.0,2.500019036233425e-06,d3c044325798,42,phase1
baseline_phase1_20260608T162505Z_d3c044325798,wing_000029,v20_a10,2026-06-08T16:25:05.727003+00:00,1.0497968529303063,0.39281071376284393,0.2965294375843782,0.7548914202055225,17.284205319507404,1.8647671652402504,NACA4412,0.36183356074140743,3.045802136662489,0.34691136978761195,20.0,10.0,1.225,0.8998285904053749,0.10675179394402924,8.42916598551179,analytic,converged,1,0.0,2.300017513334751e-06,d3c044325798,42,phase1
baseline_phase1_20260608T162505Z_d3c044325798,wing_000029,v20_a15,2026-06-08T16:25:05.727005+00:00,1.0497968529303063,0.39281071376284393,0.2965294375843782,0.7548914202055225,17.284205319507404,1.8647671652402504,NACA4412,0.36183356074140743,3.045802136662489,0.34691136978761195,20.0,15.0,1.225,1.2011296470741473,0.18458189404197484,6.507299393086758,analytic,converged,1,0.0,1.500011421740055e-06,d3c044325798,42,phase1
baseline_phase1_20260608T162505Z_d3c044325798,wing_000029,v25_a-5,2026-06-08T16:25:05.727008+00:00,1.0497968529303063,0.39281071376284393,0.2965294375843782,0.7548914202055225,17.284205319507404,1.8647671652402504,NACA4412,0.36183356074140743,3.045802136662489,0.34691136978761195,25.0,-5.0,1.225,-0.004074579600942604,0.007202041244971011,-0.565753438830661,analytic,converged,1,0.0,1.600012183189392e-06,d3c044325798,42,phase1
baseline_phase1_20260608T162505Z_d3c044325798,wing_000029,v25_a0,2026-06-08T16:25:05.727010+00:00,1.0497968529303063,0.39281071376284393,0.2965294375843782,0.7548914202055225,17.284205319507404,1.8647671652402504,NACA4412,0.36183356074140743,3.045802136662489,0.34691136978761195,25.0,0.0,1.225,0.29722647706782984,0.018061867545527306,16.456021301154575,analytic,converged,1,0.0,1.500011421740055e-06,d3c044325798,42,phase1
baseline_phase1_20260608T162505Z_d3c044325798,wing_000029,v25_a5,2026-06-08T16:25:05.727013+00:00,1.0497968529303063,0.39281071376284393,0.2965294375843782,0.7548914202055225,17.284205319507404,1.8647671652402504,NACA4412,0.36183356074140743,3.045802136662489,0.34691136978761195,25.0,5.0,1.225,0.5985275337366024,0.051245118445213386,11.6796985136544,analytic,converged,1,0.0,1.7999554984271526e-06,d3c044325798,42,phase1
baseline_phase1_20260608T162505Z_d3c044325798,wing_000029,v25_a10,2026-06-08T16:25:05.727015+00:00,1.0497968529303063,0.39281071376284393,0.2965294375843782,0.7548914202055225,17.284205319507404,1.8647671652402504,NACA4412,0.36183356074140743,3.045802136662489,0.34691136978761195,25.0,10.0,1.225,0.8998285904053749,0.10675179394402924,8.42916598551179,analytic,converged,1,0.0,1.600012183189392e-06,d3c044325798,42,phase1
baseline_phase1_20260608T162505Z_d3c044325798,wing_000029,v25_a15,2026-06-08T16:25:05.727017+00:00,1.0497968529303063,0.39281071376284393,0.2965294375843782,0.7548914202055225,17.284205319507404,1.8647671652402504,NACA4412,0.36183356074140743,3.045802136662489,0.34691136978761195,25.0,15.0,1.225,1.2011296470741473,0.18458189404197484,6.507299393086758,analytic,converged,1,0.0,1.500011421740055e-06,d3c044325798,42,phase1
baseline_phase1_20260608T162505Z_d3c044325798,wing_000030,v15_a-5,2026-06-08T16:25:05.727019+00:00,1.301082679211129,0.29109137012660424,0.20500840498070994,0.7042751040387962,20.050494759422193,0.5170331139234534,NACA4412,0.32273341227633146,5.2452459948391805,0.2505393991600358,15.0,-5.0,1.225,-0.0537390013388729,0.007406179044983721,-7.255968430208402,analytic,converged,1,0.0,1.5999539755284786e-06,d3c044325798,42,phase1
baseline_phase1_20260608T162505Z_d3c044325798,wing_000030,v15_a0,2026-06-08T16:25:05.727022+00:00,1.301082679211129,0.29109137012660424,0.20500840498070994,0.7042751040387962,20.050494759422193,0.5170331139234534,NACA4412,0.32273341227633146,5.2452459948391805,0.2505393991600358,15.0,0.0,1.225,0.3086359231683695,0.014000773142821924,22.04420570349749,analytic,converged,1,0.0,1.600012183189392e-06,d3c044325798,42,phase1
baseline_phase1_20260608T162505Z_d3c044325798,wing_000030,v15_a5,2026-06-08T16:25:05.727025+00:00,1.301082679211129,0.29109137012660424,0.20500840498070994,0.7042751040387962,20.050494759422193,0.5170331139234534,NACA4412,0.32273341227633146,5.2452459948391805,0.2505393991600358,15.0,5.0,1.225,0.6710108476756119,0.03934581366589025,17.054186587004704,analytic,converged,1,0.0,1.600012183189392e-06,d3c044325798,42,phase1
baseline_phase1_20260608T162505Z_d3c044325798,wing_000030,v15_a10,2026-06-08T16:25:05.727027+00:00,1.301082679211129,0.29109137012660424,0.20500840498070994,0.7042751040387962,20.050494759422193,0.5170331139234534,NACA4412,0.32273341227633146,5.2452459948391805,0.2505393991600358,15.0,10.0,1.225,1.0333857721828543,0.08344130061418871,12.384583708264167,analytic,converged,1,0.0,1.700012944638729e-06,d3c044325798,42,phase1
baseline_phase1_20260608T162505Z_d3c044325798,wing_000030,v15_a15,2026-06-08T16:25:05.727030+00:00,1.301082679211129,0.29109137012660424,0.20500840498070994,0.7042751040387962,20.050494759422193,0.5170331139234534,NACA4412,0.32273341227633146,5.2452459948391805,0.2505393991600358,15.0,15.0,1.225,1.3957606966900968,0.14628723398771737,9.541233767584178,analytic,converged,1,0.0,1.700012944638729e-06,d3c044325798,42,phase1
baseline_phase1_20260608T162505Z_d3c044325798,wing_000030,v20_a-5,2026-06-08T16:25:05.727032+00:00,1.301082679211129,0.29109137012660424,0.20500840498070994,0.7042751040387962,20.050494759422193,0.5170331139234534,NACA4412,0.32273341227633146,5.2452459948391805,0.2505393991600358,20.0,-5.0,1.225,-0.0537390013388729,0.007406179044983721,-7.255968430208402,analytic,converged,1,0.0,1.600012183189392e-06,d3c044325798,42,phase1
baseline_phase1_20260608T162505Z_d3c044325798,wing_000030,v20_a0,2026-06-08T16:25:05.727034+00:00,1.301082679211129,0.29109137012660424,0.20500840498070994,0.7042751040387962,20.050494759422193,0.5170331139234534,NACA4412,0.32273341227633146,5.2452459948391805,0.2505393991600358,20.0,0.0,1.225,0.3086359231683695,0.014000773142821924,22.04420570349749,analytic,converged,1,0.0,1.500011421740055e-06,d3c044325798,42,phase1
baseline_phase1_20260608T162505Z_d3c044325798,wing_000030,v20_a5,2026-06-08T16:25:05.727037+00:00,1.301082679211129,0.29109137012660424,0.20500840498070994,0.7042751040387962,20.050494759422193,0.5170331139234534,NACA4412,0.32273341227633146,5.2452459948391805,0.2505393991600358,20.0,5.0,1.225,0.6710108476756119,0.03934581366589025,17.054186587004704,analytic,converged,1,0.0,1.4999532140791416e-06,d3c044325798,42,phase1
baseline_phase1_20260608T162505Z_d3c044325798,wing_000030,v20_a10,2026-06-08T16:25:05.727040+00:00,1.301082679211129,0.29109137012660424,0.20500840498070994,0.7042751040387962,20.050494759422193,0.5170331139234534,NACA4412,0.32273341227633146,5.2452459948391805,0.2505393991600358,20.0,10.0,1.225,1.0333857721828543,0.08344130061418871,12.384583708264167,analytic,converged,1,0.0,1.600012183189392e-06,d3c044325798,42,phase1
baseline_phase1_20260608T162505Z_d3c044325798,wing_000030,v20_a15,2026-06-08T16:25:05.727042+00:00,1.301082679211129,0.29109137012660424,0.20500840498070994,0.7042751040387962,20.050494759422193,0.5170331139234534,NACA4412,0.32273341227633146,5.2452459948391805,0.2505393991600358,20.0,15.0,1.225,1.3957606966900968,0.14628723398771737,9.541233767584178,analytic,converged,1,0.0,1.400010660290718e-06,d3c044325798,42,phase1
baseline_phase1_20260608T162505Z_d3c044325798,wing_000030,v25_a-5,2026-06-08T16:25:05.727044+00:00,1.301082679211129,0.29109137012660424,0.20500840498070994,0.7042751040387962,20.050494759422193,0.5170331139234534,NACA4412,0.32273341227633146,5.2452459948391805,0.2505393991600358,25.0,-5.0,1.225,-0.0537390013388729,0.007406179044983721,-7.255968430208402,analytic,converged,1,0.0,1.600012183189392e-06,d3c044325798,42,phase1
baseline_phase1_20260608T162505Z_d3c044325798,wing_000030,v25_a0,2026-06-08T16:25:05.727047+00:00,1.301082679211129,0.29109137012660424,0.20500840498070994,0.7042751040387962,20.050494759422193,0.5170331139234534,NACA4412,0.32273341227633146,5.2452459948391805,0.2505393991600358,25.0,0.0,1.225,0.3086359231683695,0.014000773142821924,22.04420570349749,analytic,converged,1,0.0,1.700012944638729e-06,d3c044325798,42,phase1
baseline_phase1_20260608T162505Z_d3c044325798,wing_000030,v25_a5,2026-06-08T16:25:05.727049+00:00,1.301082679211129,0.29109137012660424,0.20500840498070994,0.7042751040387962,20.050494759422193,0.5170331139234534,NACA4412,0.32273341227633146,5.2452459948391805,0.2505393991600358,25.0,5.0,1.225,0.6710108476756119,0.03934581366589025,17.054186587004704,analytic,converged,1,0.0,1.5999539755284786e-06,d3c044325798,42,phase1
baseline_phase1_20260608T162505Z_d3c044325798,wing_000030,v25_a10,2026-06-08T16:25:05.727051+00:00,1.301082679211129,0.29109137012660424,0.20500840498070994,0.7042751040387962,20.050494759422193,0.5170331139234534,NACA4412,0.32273341227633146,5.2452459948391805,0.2505393991600358,25.0,10.0,1.225,1.0333857721828543,0.08344130061418871,12.384583708264167,analytic,converged,1,0.0,2.900022082030773e-06,d3c044325798,42,phase1
baseline_phase1_20260608T162505Z_d3c044325798,wing_000030,v25_a15,2026-06-08T16:25:05.727054+00:00,1.301082679211129,0.29109137012660424,0.20500840498070994,0.7042751040387962,20.050494759422193,0.5170331139234534,NACA4412,0.32273341227633146,5.2452459948391805,0.2505393991600358,25.0,15.0,1.225,1.3957606966900968,0.14628723398771737,9.541233767584178,analytic,converged,1,0.0,1.7999554984271526e-06,d3c044325798,42,phase1
baseline_phase1_20260608T162505Z_d3c044325798,wing_000031,v15_a-5,2026-06-08T16:25:05.727058+00:00,1.479739509966274,0.2563631963378696,0.1845258607290805,0.7197829616927062,16.82409051425279,-0.7323210493730583,NACA0012,0.3262004786268707,6.712525458492257,0.2223953604962448,15.0,-5.0,1.225,-0.4217645853813834,0.017123970763655568,-24.630069228835012,analytic,converged,1,0.0,1.800013706088066e-06,d3c044325798,42,phase1
baseline_phase1_20260608T162505Z_d3c044325798,wing_000031,v15_a0,2026-06-08T16:25:05.727060+00:00,1.479739509966274,0.2563631963378696,0.1845258607290805,0.7197829616927062,16.82409051425279,-0.7323210493730583,NACA0012,0.3262004786268707,6.712525458492257,0.2223953604962448,15.0,0.0,1.225,-0.028779150598828792,0.0072462063006264645,-3.9716162368080408,analytic,converged,1,0.0,1.9000144675374031e-06,d3c044325798,42,phase1
baseline_phase1_20260608T162505Z_d3c044325798,wing_000031,v15_a5,2026-06-08T16:25:05.727063+00:00,1.479739509966274,0.2563631963378696,0.1845258607290805,0.7197829616927062,16.82409051425279,-0.7323210493730583,NACA0012,0.3262004786268707,6.712525458492257,0.2223953604962448,15.0,5.0,1.225,0.3642062841837257,0.014600143233857133,24.945391175282875,analytic,converged,1,0.0,1.9000144675374031e-06,d3c044325798,42,phase1
baseline_phase1_20260608T162505Z_d3c044325798,wing_000031,v15_a10,2026-06-08T16:25:05.727065+00:00,1.479739509966274,0.2563631963378696,0.1845258607290805,0.7197829616927062,16.82409051425279,-0.7323210493730583,NACA0012,0.3262004786268707,6.712525458492257,0.2223953604962448,15.0,10.0,1.225,0.7571917189662803,0.03918578156334758,19.323124070964546,analytic,converged,1,0.0,1.500011421740055e-06,d3c044325798,42,phase1
baseline_phase1_20260608T162505Z_d3c044325798,wing_000031,v15_a15,2026-06-08T16:25:05.727068+00:00,1.479739509966274,0.2563631963378696,0.1845258607290805,0.7197829616927062,16.82409051425279,-0.7323210493730583,NACA0012,0.3262004786268707,6.712525458492257,0.2223953604962448,15.0,15.0,1.225,1.1501771537488348,0.08100312128909778,14.199170790516652,analytic,converged,1,0.0,1.5999539755284786e-06,d3c044325798,42,phase1
baseline_phase1_20260608T162505Z_d3c044325798,wing_000031,v20_a-5,2026-06-08T16:25:05.727072+00:00,1.479739509966274,0.2563631963378696,0.1845258607290805,0.7197829616927062,16.82409051425279,-0.7323210493730583,NACA0012,0.3262004786268707,6.712525458492257,0.2223953604962448,20.0,-5.0,1.225,-0.4217645853813834,0.017123970763655568,-24.630069228835012,analytic,converged,1,0.0,1.600012183189392e-06,d3c044325798,42,phase1
baseline_phase1_20260608T162505Z_d3c044325798,wing_000031,v20_a0,2026-06-08T16:25:05.727074+00:00,1.479739509966274,0.2563631963378696,0.1845258607290805,0.7197829616927062,16.82409051425279,-0.7323210493730583,NACA0012,0.3262004786268707,6.712525458492257,0.2223953604962448,20.0,0.0,1.225,-0.028779150598828792,0.0072462063006264645,-3.9716162368080408,analytic,converged,1,0.0,1.500011421740055e-06,d3c044325798,42,phase1
baseline_phase1_20260608T162505Z_d3c044325798,wing_000031,v20_a5,2026-06-08T16:25:05.727076+00:00,1.479739509966274,0.2563631963378696,0.1845258607290805,0.7197829616927062,16.82409051425279,-0.7323210493730583,NACA0012,0.3262004786268707,6.712525458492257,0.2223953604962448,20.0,5.0,1.225,0.3642062841837257,0.014600143233857133,24.945391175282875,analytic,converged,1,0.0,1.6999547369778156e-06,d3c044325798,42,phase1
baseline_phase1_20260608T162505Z_d3c044325798,wing_000031,v20_a10,2026-06-08T16:25:05.727086+00:00,1.479739509966274,0.2563631963378696,0.1845258607290805,0.7197829616927062,16.82409051425279,-0.7323210493730583,NACA0012,0.3262004786268707,6.712525458492257,0.2223953604962448,20.0,10.0,1.225,0.7571917189662803,0.03918578156334758,19.323124070964546,analytic,converged,1,0.0,1.700012944638729e-06,d3c044325798,42,phase1
baseline_phase1_20260608T162505Z_d3c044325798,wing_000031,v20_a15,2026-06-08T16:25:05.727089+00:00,1.479739509966274,0.2563631963378696,0.1845258607290805,0.7197829616927062,16.82409051425279,-0.7323210493730583,NACA0012,0.3262004786268707,6.712525458492257,0.2223953604962448,20.0,15.0,1.225,1.1501771537488348,0.08100312128909778,14.199170790516652,analytic,converged,1,0.0,2.6999623514711857e-06,d3c044325798,42,phase1
baseline_phase1_20260608T162505Z_d3c044325798,wing_000031,v25_a-5,2026-06-08T16:25:05.727091+00:00,1.479739509966274,0.2563631963378696,0.1845258607290805,0.7197829616927062,16.82409051425279,-0.7323210493730583,NACA0012,0.3262004786268707,6.712525458492257,0.2223953604962448,25.0,-5.0,1.225,-0.4217645853813834,0.017123970763655568,-24.630069228835012,analytic,converged,1,0.0,1.600012183189392e-06,d3c044325798,42,phase1
baseline_phase1_20260608T162505Z_d3c044325798,wing_000031,v25_a0,2026-06-08T16:25:05.727094+00:00,1.479739509966274,0.2563631963378696,0.1845258607290805,0.7197829616927062,16.82409051425279,-0.7323210493730583,NACA0012,0.3262004786268707,6.712525458492257,0.2223953604962448,25.0,0.0,1.225,-0.028779150598828792,0.0072462063006264645,-3.9716162368080408,analytic,converged,1,0.0,1.800013706088066e-06,d3c044325798,42,phase1
baseline_phase1_20260608T162505Z_d3c044325798,wing_000031,v25_a5,2026-06-08T16:25:05.727096+00:00,1.479739509966274,0.2563631963378696,0.1845258607290805,0.7197829616927062,16.82409051425279,-0.7323210493730583,NACA0012,0.3262004786268707,6.712525458492257,0.2223953604962448,25.0,5.0,1.225,0.3642062841837257,0.014600143233857133,24.945391175282875,analytic,converged,1,0.0,1.800013706088066e-06,d3c044325798,42,phase1
baseline_phase1_20260608T162505Z_d3c044325798,wing_000031,v25_a10,2026-06-08T16:25:05.727099+00:00,1.479739509966274,0.2563631963378696,0.1845258607290805,0.7197829616927062,16.82409051425279,-0.7323210493730583,NACA0012,0.3262004786268707,6.712525458492257,0.2223953604962448,25.0,10.0,1.225,0.7571917189662803,0.03918578156334758,19.323124070964546,analytic,converged,1,0.0,1.500011421740055e-06,d3c044325798,42,phase1
baseline_phase1_20260608T162505Z_d3c044325798,wing_000031,v25_a15,2026-06-08T16:25:05.727102+00:00,1.479739509966274,0.2563631963378696,0.1845258607290805,0.7197829616927062,16.82409051425279,-0.7323210493730583,NACA0012,0.3262004786268707,6.712525458492257,0.2223953604962448,25.0,15.0,1.225,1.1501771537488348,0.08100312128909778,14.199170790516652,analytic,converged,1,0.0,1.4999532140791416e-06,d3c044325798,42,phase1
baseline_phase1_20260608T162505Z_d3c044325798,wing_000032,v15_a-5,2026-06-08T16:25:05.727104+00:00,1.023821649332595,0.31259254165071004,0.14407336040091895,0.4608982659666464,19.124229149032583,-0.2902483760958807,NACA4412,0.233772218516228,4.483897942600696,0.23869746270401482,15.0,-5.0,1.225,-0.079320078203799,0.007725462526820355,-10.267356540585737,analytic,converged,1,0.0,1.600012183189392e-06,d3c044325798,42,phase1
baseline_phase1_20260608T162505Z_d3c044325798,wing_000032,v15_a0,2026-06-08T16:25:05.727107+00:00,1.023821649332595,0.31259254165071004,0.14407336040091895,0.4608982659666464,19.124229149032583,-0.2902483760958807,NACA4412,0.233772218516228,4.483897942600696,0.23869746270401482,15.0,0.0,1.225,0.26701824488678905,0.01315466530985622,20.298368570937633,analytic,converged,1,0.0,1.400010660290718e-06,d3c044325798,42,phase1
baseline_phase1_20260608T162505Z_d3c044325798,wing_000032,v15_a5,2026-06-08T16:25:05.727109+00:00,1.023821649332595,0.31259254165071004,0.14407336040091895,0.4608982659666464,19.124229149032583,-0.2902483760958807,NACA4412,0.233772218516228,4.483897942600696,0.23869746270401482,15.0,5.0,1.225,0.613356567977377,0.038619663016463905,15.881976176640839,analytic,converged,1,0.0,1.600012183189392e-06,d3c044325798,42,phase1
baseline_phase1_20260608T162505Z_d3c044325798,wing_000032,v15_a10,2026-06-08T16:25:05.727111+00:00,1.023821649332595,0.31259254165071004,0.14407336040091895,0.4608982659666464,19.124229149032583,-0.2902483760958807,NACA4412,0.233772218516228,4.483897942600696,0.23869746270401482,15.0,10.0,1.225,0.9596948910679651,0.08412045564664343,11.408579324620655,analytic,converged,1,0.0,1.500011421740055e-06,d3c044325798,42,phase1
baseline_phase1_20260608T162505Z_d3c044325798,wing_000032,v15_a15,2026-06-08T16:25:05.727114+00:00,1.023821649332595,0.31259254165071004,0.14407336040091895,0.4608982659666464,19.124229149032583,-0.2902483760958807,NACA4412,0.233772218516228,4.483897942600696,0.23869746270401482,15.0,15.0,1.225,1.3060332141585531,0.14965704320039477,8.726840957359686,analytic,converged,1,0.0,1.6999547369778156e-06,d3c044325798,42,phase1
baseline_phase1_20260608T162505Z_d3c044325798,wing_000032,v20_a-5,2026-06-08T16:25:05.727117+00:00,1.023821649332595,0.31259254165071004,0.14407336040091895,0.4608982659666464,19.124229149032583,-0.2902483760958807,NACA4412,0.233772218516228,4.483897942600696,0.23869746270401482,20.0,-5.0,1.225,-0.079320078203799,0.007725462526820355,-10.267356540585737,analytic,converged,1,0.0,1.600012183189392e-06,d3c044325798,42,phase1
baseline_phase1_20260608T162505Z_d3c044325798,wing_000032,v20_a0,2026-06-08T16:25:05.727119+00:00,1.023821649332595,0.31259254165071004,0.14407336040091895,0.4608982659666464,19.124229149032583,-0.2902483760958807,NACA4412,0.233772218516228,4.483897942600696,0.23869746270401482,20.0,0.0,1.225,0.26701824488678905,0.01315466530985622,20.298368570937633,analytic,converged,1,0.0,1.700012944638729e-06,d3c044325798,42,phase1
baseline_phase1_20260608T162505Z_d3c044325798,wing_000032,v20_a5,2026-06-08T16:25:05.727121+00:00,1.023821649332595,0.31259254165071004,0.14407336040091895,0.4608982659666464,19.124229149032583,-0.2902483760958807,NACA4412,0.233772218516228,4.483897942600696,0.23869746270401482,20.0,5.0,1.225,0.613356567977377,0.038619663016463905,15.881976176640839,analytic,converged,1,0.0,2.5999615900218487e-06,d3c044325798,42,phase1
baseline_phase1_20260608T162505Z_d3c044325798,wing_000032,v20_a10,2026-06-08T16:25:05.727124+00:00,1.023821649332595,0.31259254165071004,0.14407336040091895,0.4608982659666464,19.124229149032583,-0.2902483760958807,NACA4412,0.233772218516228,4.483897942600696,0.23869746270401482,20.0,10.0,1.225,0.9596948910679651,0.08412045564664343,11.408579324620655,analytic,converged,1,0.0,1.9000144675374031e-06,d3c044325798,42,phase1
baseline_phase1_20260608T162505Z_d3c044325798,wing_000032,v20_a15,2026-06-08T16:25:05.727127+00:00,1.023821649332595,0.31259254165071004,0.14407336040091895,0.4608982659666464,19.124229149032583,-0.2902483760958807,NACA4412,0.233772218516228,4.483897942600696,0.23869746270401482,20.0,15.0,1.225,1.3060332141585531,0.14965704320039477,8.726840957359686,analytic,converged,1,0.0,1.5999539755284786e-06,d3c044325798,42,phase1
baseline_phase1_20260608T162505Z_d3c044325798,wing_000032,v25_a-5,2026-06-08T16:25:05.727129+00:00,1.023821649332595,0.31259254165071004,0.14407336040091895,0.4608982659666464,19.124229149032583,-0.2902483760958807,NACA4412,0.233772218516228,4.483897942600696,0.23869746270401482,25.0,-5.0,1.225,-0.079320078203799,0.007725462526820355,-10.267356540585737,analytic,converged,1,0.0,1.700012944638729e-06,d3c044325798,42,phase1
baseline_phase1_20260608T162505Z_d3c044325798,wing_000032,v25_a0,2026-06-08T16:25:05.727132+00:00,1.023821649332595,0.31259254165071004,0.14407336040091895,0.4608982659666464,19.124229149032583,-0.2902483760958807,NACA4412,0.233772218516228,4.483897942600696,0.23869746270401482,25.0,0.0,1.225,0.26701824488678905,0.01315466530985622,20.298368570937633,analytic,converged,1,0.0,1.600012183189392e-06,d3c044325798,42,phase1
baseline_phase1_20260608T162505Z_d3c044325798,wing_000032,v25_a5,2026-06-08T16:25:05.727134+00:00,1.023821649332595,0.31259254165071004,0.14407336040091895,0.4608982659666464,19.124229149032583,-0.2902483760958807,NACA4412,0.233772218516228,4.483897942600696,0.23869746270401482,25.0,5.0,1.225,0.613356567977377,0.038619663016463905,15.881976176640839,analytic,converged,1,0.0,1.700012944638729e-06,d3c044325798,42,phase1
baseline_phase1_20260608T162505Z_d3c044325798,wing_000032,v25_a10,2026-06-08T16:25:05.727137+00:00,1.023821649332595,0.31259254165071004,0.14407336040091895,0.4608982659666464,19.124229149032583,-0.2902483760958807,NACA4412,0.233772218516228,4.483897942600696,0.23869746270401482,25.0,10.0,1.225,0.9596948910679651,0.08412045564664343,11.408579324620655,analytic,converged,1,0.0,1.600012183189392e-06,d3c044325798,42,phase1
baseline_phase1_20260608T162505Z_d3c044325798,wing_000032,v25_a15,2026-06-08T16:25:05.727140+00:00,1.023821649332595,0.31259254165071004,0.14407336040091895,0.4608982659666464,19.124229149032583,-0.2902483760958807,NACA4412,0.233772218516228,4.483897942600696,0.23869746270401482,25.0,15.0,1.225,1.3060332141585531,0.14965704320039477,8.726840957359686,analytic,converged,1,0.0,2.5999615900218487e-06,d3c044325798,42,phase1
baseline_phase1_20260608T162505Z_d3c044325798,wing_000033,v15_a-5,2026-06-08T16:25:05.727142+00:00,1.9729876627486267,0.3012801810092776,0.13359359099855342,0.4434197780651212,0.4758319679910133,1.7056366880522162,NACA2412,0.42900029351220487,9.073840685490216,0.22821349685798742,15.0,-5.0,1.225,-0.1869740538713979,0.008642788726781498,-21.63353285404507,analytic,converged,1,0.0,1.600012183189392e-06,d3c044325798,42,phase1
baseline_phase1_20260608T162505Z_d3c044325798,wing_000033,v15_a0,2026-06-08T16:25:05.727145+00:00,1.9729876627486267,0.3012801810092776,0.13359359099855342,0.4434197780651212,0.4758319679910133,1.7056366880522162,NACA2412,0.42900029351220487,9.073840685490216,0.22821349685798742,15.0,0.0,1.225,0.24842006695484523,0.009746908839691131,25.487061697267027,analytic,converged,1,0.0,1.700012944638729e-06,d3c044325798,42,phase1
baseline_phase1_20260608T162505Z_d3c044325798,wing_000033,v15_a5,2026-06-08T16:25:05.727147+00:00,1.9729876627486267,0.3012801810092776,0.13359359099855342,0.4434197780651212,0.4758319679910133,1.7056366880522162,NACA2412,0.42900029351220487,9.073840685490216,0.22821349685798742,15.0,5.0,1.225,0.6838141877810884,0.026498176154617123,25.806085060006613,analytic,converged,1,0.0,1.700012944638729e-06,d3c044325798,42,phase1
baseline_phase1_20260608T162505Z_d3c044325798,wing_000033,v15_a10,2026-06-08T16:25:05.727149+00:00,1.9729876627486267,0.3012801810092776,0.13359359099855342,0.4434197780651212,0.4758319679910133,1.7056366880522162,NACA2412,0.42900029351220487,9.073840685490216,0.22821349685798742,15.0,10.0,1.225,1.1192083086073314,0.05889659067155947,19.002938809288075,analytic,converged,1,0.0,1.600012183189392e-06,d3c044325798,42,phase1
baseline_phase1_20260608T162505Z_d3c044325798,wing_000033,v15_a15,2026-06-08T16:25:05.727152+00:00,1.9729876627486267,0.3012801810092776,0.13359359099855342,0.4434197780651212,0.4758319679910133,1.7056366880522162,NACA2412,0.42900029351220487,9.073840685490216,0.22821349685798742,15.0,15.0,1.225,1.4,0.08809023983985273,15.892793600575812,analytic,stall_limited,1,0.0,1.9000144675374031e-06,d3c044325798,42,phase1
baseline_phase1_20260608T162505Z_d3c044325798,wing_000033,v20_a-5,2026-06-08T16:25:05.727155+00:00,1.9729876627486267,0.3012801810092776,0.13359359099855342,0.4434197780651212,0.4758319679910133,1.7056366880522162,NACA2412,0.42900029351220487,9.073840685490216,0.22821349685798742,20.0,-5.0,1.225,-0.1869740538713979,0.008642788726781498,-21.63353285404507,analytic,converged,1,0.0,1.600012183189392e-06,d3c044325798,42,phase1
baseline_phase1_20260608T162505Z_d3c044325798,wing_000033,v20_a0,2026-06-08T16:25:05.727158+00:00,1.9729876627486267,0.3012801810092776,0.13359359099855342,0.4434197780651212,0.4758319679910133,1.7056366880522162,NACA2412,0.42900029351220487,9.073840685490216,0.22821349685798742,20.0,0.0,1.225,0.24842006695484523,0.009746908839691131,25.487061697267027,analytic,converged,1,0.0,1.4999532140791416e-06,d3c044325798,42,phase1
baseline_phase1_20260608T162505Z_d3c044325798,wing_000033,v20_a5,2026-06-08T16:25:05.727161+00:00,1.9729876627486267,0.3012801810092776,0.13359359099855342,0.4434197780651212,0.4758319679910133,1.7056366880522162,NACA2412,0.42900029351220487,9.073840685490216,0.22821349685798742,20.0,5.0,1.225,0.6838141877810884,0.026498176154617123,25.806085060006613,analytic,converged,1,0.0,1.700012944638729e-06,d3c044325798,42,phase1
baseline_phase1_20260608T162505Z_d3c044325798,wing_000033,v20_a10,2026-06-08T16:25:05.727164+00:00,1.9729876627486267,0.3012801810092776,0.13359359099855342,0.4434197780651212,0.4758319679910133,1.7056366880522162,NACA2412,0.42900029351220487,9.073840685490216,0.22821349685798742,20.0,10.0,1.225,1.1192083086073314,0.05889659067155947,19.002938809288075,analytic,converged,1,0.0,1.500011421740055e-06,d3c044325798,42,phase1
baseline_phase1_20260608T162505Z_d3c044325798,wing_000033,v20_a15,2026-06-08T16:25:05.727167+00:00,1.9729876627486267,0.3012801810092776,0.13359359099855342,0.4434197780651212,0.4758319679910133,1.7056366880522162,NACA2412,0.42900029351220487,9.073840685490216,0.22821349685798742,20.0,15.0,1.225,1.4,0.08809023983985273,15.892793600575812,analytic,stall_limited,1,0.0,1.600012183189392e-06,d3c044325798,42,phase1
baseline_phase1_20260608T162505Z_d3c044325798,wing_000033,v25_a-5,2026-06-08T16:25:05.727170+00:00,1.9729876627486267,0.3012801810092776,0.13359359099855342,0.4434197780651212,0.4758319679910133,1.7056366880522162,NACA2412,0.42900029351220487,9.073840685490216,0.22821349685798742,25.0,-5.0,1.225,-0.1869740538713979,0.008642788726781498,-21.63353285404507,analytic,converged,1,0.0,2.500019036233425e-06,d3c044325798,42,phase1
baseline_phase1_20260608T162505Z_d3c044325798,wing_000033,v25_a0,2026-06-08T16:25:05.727172+00:00,1.9729876627486267,0.3012801810092776,0.13359359099855342,0.4434197780651212,0.4758319679910133,1.7056366880522162,NACA2412,0.42900029351220487,9.073840685490216,0.22821349685798742,25.0,0.0,1.225,0.24842006695484523,0.009746908839691131,25.487061697267027,analytic,converged,1,0.0,1.8999562598764896e-06,d3c044325798,42,phase1
baseline_phase1_20260608T162505Z_d3c044325798,wing_000033,v25_a5,2026-06-08T16:25:05.727174+00:00,1.9729876627486267,0.3012801810092776,0.13359359099855342,0.4434197780651212,0.4758319679910133,1.7056366880522162,NACA2412,0.42900029351220487,9.073840685490216,0.22821349685798742,25.0,5.0,1.225,0.6838141877810884,0.026498176154617123,25.806085060006613,analytic,converged,1,0.0,1.600012183189392e-06,d3c044325798,42,phase1
baseline_phase1_20260608T162505Z_d3c044325798,wing_000033,v25_a10,2026-06-08T16:25:05.727177+00:00,1.9729876627486267,0.3012801810092776,0.13359359099855342,0.4434197780651212,0.4758319679910133,1.7056366880522162,NACA2412,0.42900029351220487,9.073840685490216,0.22821349685798742,25.0,10.0,1.225,1.1192083086073314,0.05889659067155947,19.002938809288075,analytic,converged,1,0.0,1.600012183189392e-06,d3c044325798,42,phase1
baseline_phase1_20260608T162505Z_d3c044325798,wing_000033,v25_a15,2026-06-08T16:25:05.727180+00:00,1.9729876627486267,0.3012801810092776,0.13359359099855342,0.4434197780651212,0.4758319679910133,1.7056366880522162,NACA2412,0.42900029351220487,9.073840685490216,0.22821349685798742,25.0,15.0,1.225,1.4,0.08809023983985273,15.892793600575812,analytic,stall_limited,1,0.0,1.600012183189392e-06,d3c044325798,42,phase1
baseline_phase1_20260608T162505Z_d3c044325798,wing_000034,v15_a-5,2026-06-08T16:25:05.727182+00:00,1.4398910364791844,0.3238170981859563,0.26325136944677135,0.8129631539579659,2.388275950602819,-2.843842625174683,NACA2412,0.4226573121719673,4.905359820415312,0.29457562498279793,15.0,-5.0,1.225,-0.3275284628504714,0.015389519589703044,-21.282565770904053,analytic,converged,1,0.0,1.800013706088066e-06,d3c044325798,42,phase1
baseline_phase1_20260608T162505Z_d3c044325798,wing_000034,v15_a0,2026-06-08T16:25:05.727185+00:00,1.4398910364791844,0.3238170981859563,0.26325136944677135,0.8129631539579659,2.388275950602819,-2.843842625174683,NACA2412,0.4226573121719673,4.905359820415312,0.29457562498279793,15.0,0.0,1.225,0.04281786366390625,0.007339962058772284,5.833526566085297,analytic,converged,1,0.0,1.5999539755284786e-06,d3c044325798,42,phase1
baseline_phase1_20260608T162505Z_d3c044325798,wing_000034,v15_a5,2026-06-08T16:25:05.727188+00:00,1.4398910364791844,0.3238170981859563,0.26325136944677135,0.8129631539579659,2.388275950602819,-2.843842625174683,NACA2412,0.4226573121719673,4.905359820415312,0.29457562498279793,15.0,5.0,1.225,0.4131641901782838,0.02023183818126782,20.421485505989406,analytic,converged,1,0.0,1.700012944638729e-06,d3c044325798,42,phase1
baseline_phase1_20260608T162505Z_d3c044325798,wing_000034,v15_a10,2026-06-08T16:25:05.727190+00:00,1.4398910364791844,0.3238170981859563,0.26325136944677135,0.8129631539579659,2.388275950602819,-2.843842625174683,NACA2412,0.4226573121719673,4.905359820415312,0.29457562498279793,15.0,10.0,1.225,0.7835105166926615,0.054065147957189655,14.491970267298033,analytic,converged,1,0.0,1.600012183189392e-06,d3c044325798,42,phase1
baseline_phase1_20260608T162505Z_d3c044325798,wing_000034,v15_a15,2026-06-08T16:25:05.727247+00:00,1.4398910364791844,0.3238170981859563,0.26325136944677135,0.8129631539579659,2.388275950602819,-2.843842625174683,NACA2412,0.4226573121719673,4.905359820415312,0.29457562498279793,15.0,15.0,1.225,1.153856843207039,0.10883989138653778,10.601414871953443,analytic,converged,1,0.0,1.600012183189392e-06,d3c044325798,42,phase1
baseline_phase1_20260608T162505Z_d3c044325798,wing_000034,v20_a-5,2026-06-08T16:25:05.727249+00:00,1.4398910364791844,0.3238170981859563,0.26325136944677135,0.8129631539579659,2.388275950602819,-2.843842625174683,NACA2412,0.4226573121719673,4.905359820415312,0.29457562498279793,20.0,-5.0,1.225,-0.3275284628504714,0.015389519589703044,-21.282565770904053,analytic,converged,1,0.0,1.500011421740055e-06,d3c044325798,42,phase1
baseline_phase1_20260608T162505Z_d3c044325798,wing_000034,v20_a0,2026-06-08T16:25:05.727252+00:00,1.4398910364791844,0.3238170981859563,0.26325136944677135,0.8129631539579659,2.388275950602819,-2.843842625174683,NACA2412,0.4226573121719673,4.905359820415312,0.29457562498279793,20.0,0.0,1.225,0.04281786366390625,0.007339962058772284,5.833526566085297,analytic,converged,1,0.0,1.500011421740055e-06,d3c044325798,42,phase1
baseline_phase1_20260608T162505Z_d3c044325798,wing_000034,v20_a5,2026-06-08T16:25:05.727255+00:00,1.4398910364791844,0.3238170981859563,0.26325136944677135,0.8129631539579659,2.388275950602819,-2.843842625174683,NACA2412,0.4226573121719673,4.905359820415312,0.29457562498279793,20.0,5.0,1.225,0.4131641901782838,0.02023183818126782,20.421485505989406,analytic,converged,1,0.0,1.500011421740055e-06,d3c044325798,42,phase1
baseline_phase1_20260608T162505Z_d3c044325798,wing_000034,v20_a10,2026-06-08T16:25:05.727257+00:00,1.4398910364791844,0.3238170981859563,0.26325136944677135,0.8129631539579659,2.388275950602819,-2.843842625174683,NACA2412,0.4226573121719673,4.905359820415312,0.29457562498279793,20.0,10.0,1.225,0.7835105166926615,0.054065147957189655,14.491970267298033,analytic,converged,1,0.0,1.700012944638729e-06,d3c044325798,42,phase1
baseline_phase1_20260608T162505Z_d3c044325798,wing_000034,v20_a15,2026-06-08T16:25:05.727260+00:00,1.4398910364791844,0.3238170981859563,0.26325136944677135,0.8129631539579659,2.388275950602819,-2.843842625174683,NACA2412,0.4226573121719673,4.905359820415312,0.29457562498279793,20.0,15.0,1.225,1.153856843207039,0.10883989138653778,10.601414871953443,analytic,converged,1,0.0,1.4999532140791416e-06,d3c044325798,42,phase1
baseline_phase1_20260608T162505Z_d3c044325798,wing_000034,v25_a-5,2026-06-08T16:25:05.727262+00:00,1.4398910364791844,0.3238170981859563,0.26325136944677135,0.8129631539579659,2.388275950602819,-2.843842625174683,NACA2412,0.4226573121719673,4.905359820415312,0.29457562498279793,25.0,-5.0,1.225,-0.3275284628504714,0.015389519589703044,-21.282565770904053,analytic,converged,1,0.0,1.700012944638729e-06,d3c044325798,42,phase1
baseline_phase1_20260608T162505Z_d3c044325798,wing_000034,v25_a0,2026-06-08T16:25:05.727265+00:00,1.4398910364791844,0.3238170981859563,0.26325136944677135,0.8129631539579659,2.388275950602819,-2.843842625174683,NACA2412,0.4226573121719673,4.905359820415312,0.29457562498279793,25.0,0.0,1.225,0.04281786366390625,0.007339962058772284,5.833526566085297,analytic,converged,1,0.0,1.500011421740055e-06,d3c044325798,42,phase1
baseline_phase1_20260608T162505Z_d3c044325798,wing_000034,v25_a5,2026-06-08T16:25:05.727268+00:00,1.4398910364791844,0.3238170981859563,0.26325136944677135,0.8129631539579659,2.388275950602819,-2.843842625174683,NACA2412,0.4226573121719673,4.905359820415312,0.29457562498279793,25.0,5.0,1.225,0.4131641901782838,0.02023183818126782,20.421485505989406,analytic,converged,1,0.0,1.700012944638729e-06,d3c044325798,42,phase1
baseline_phase1_20260608T162505Z_d3c044325798,wing_000034,v25_a10,2026-06-08T16:25:05.727271+00:00,1.4398910364791844,0.3238170981859563,0.26325136944677135,0.8129631539579659,2.388275950602819,-2.843842625174683,NACA2412,0.4226573121719673,4.905359820415312,0.29457562498279793,25.0,10.0,1.225,0.7835105166926615,0.054065147957189655,14.491970267298033,analytic,converged,1,0.0,1.700012944638729e-06,d3c044325798,42,phase1
baseline_phase1_20260608T162505Z_d3c044325798,wing_000034,v25_a15,2026-06-08T16:25:05.727273+00:00,1.4398910364791844,0.3238170981859563,0.26325136944677135,0.8129631539579659,2.388275950602819,-2.843842625174683,NACA2412,0.4226573121719673,4.905359820415312,0.29457562498279793,25.0,15.0,1.225,1.153856843207039,0.10883989138653778,10.601414871953443,analytic,converged,1,0.0,1.600012183189392e-06,d3c044325798,42,phase1
baseline_phase1_20260608T162505Z_d3c044325798,wing_000035,v15_a-5,2026-06-08T16:25:05.727275+00:00,1.3558355425166855,0.47734499565987587,0.2237746060345533,0.46879009535903904,27.498675437233757,-2.1867981469012703,NACA4412,0.4753014377662244,3.8676298287481137,0.3658443881319294,15.0,-5.0,1.225,-0.13225910065054358,0.008893703679416866,-14.87109368807028,analytic,converged,1,0.0,2.200016751885414e-06,d3c044325798,42,phase1
baseline_phase1_20260608T162505Z_d3c044325798,wing_000035,v15_a0,2026-06-08T16:25:05.727279+00:00,1.3558355425166855,0.47734499565987587,0.2237746060345533,0.46879009535903904,27.498675437233757,-2.1867981469012703,NACA4412,0.4753014377662244,3.8676298287481137,0.3658443881319294,15.0,0.0,1.225,0.18363647398667907,0.010465157921744518,17.547415467579228,analytic,converged,1,0.0,1.6999547369778156e-06,d3c044325798,42,phase1
baseline_phase1_20260608T162505Z_d3c044325798,wing_000035,v15_a5,2026-06-08T16:25:05.727282+00:00,1.3558355425166855,0.47734499565987587,0.2237746060345533,0.46879009535903904,27.498675437233757,-2.1867981469012703,NACA4412,0.4753014377662244,3.8676298287481137,0.3658443881319294,15.0,5.0,1.225,0.49953204862390166,0.03136089476794943,15.928501157894871,analytic,converged,1,0.0,2.600019797682762e-06,d3c044325798,42,phase1
baseline_phase1_20260608T162505Z_d3c044325798,wing_000035,v15_a10,2026-06-08T16:25:05.727285+00:00,1.3558355425166855,0.47734499565987587,0.2237746060345533,0.46879009535903904,27.498675437233757,-2.1867981469012703,NACA4412,0.4753014377662244,3.8676298287481137,0.3658443881319294,15.0,10.0,1.225,0.8154276232611243,0.07158091421803159,11.391690538868726,analytic,converged,1,0.0,1.700012944638729e-06,d3c044325798,42,phase1
baseline_phase1_20260608T162505Z_d3c044325798,wing_000035,v15_a15,2026-06-08T16:25:05.727287+00:00,1.3558355425166855,0.47734499565987587,0.2237746060345533,0.46879009535903904,27.498675437233757,-2.1867981469012703,NACA4412,0.4753014377662244,3.8676298287481137,0.3658443881319294,15.0,15.0,1.225,1.1313231978983471,0.13112521627199106,8.62780806059195,analytic,converged,1,0.0,1.600012183189392e-06,d3c044325798,42,phase1
baseline_phase1_20260608T162505Z_d3c044325798,wing_000035,v20_a-5,2026-06-08T16:25:05.727289+00:00,1.3558355425166855,0.47734499565987587,0.2237746060345533,0.46879009535903904,27.498675437233757,-2.1867981469012703,NACA4412,0.4753014377662244,3.8676298287481137,0.3658443881319294,20.0,-5.0,1.225,-0.13225910065054358,0.008893703679416866,-14.87109368807028,analytic,converged,1,0.0,1.800013706088066e-06,d3c044325798,42,phase1
baseline_phase1_20260608T162505Z_d3c044325798,wing_000035,v20_a0,2026-06-08T16:25:05.727292+00:00,1.3558355425166855,0.47734499565987587,0.2237746060345533,0.46879009535903904,27.498675437233757,-2.1867981469012703,NACA4412,0.4753014377662244,3.8676298287481137,0.3658443881319294,20.0,0.0,1.225,0.18363647398667907,0.010465157921744518,17.547415467579228,analytic,converged,1,0.0,1.5999539755284786e-06,d3c044325798,42,phase1
baseline_phase1_20260608T162505Z_d3c044325798,wing_000035,v20_a5,2026-06-08T16:25:05.727294+00:00,1.3558355425166855,0.47734499565987587,0.2237746060345533,0.46879009535903904,27.498675437233757,-2.1867981469012703,NACA4412,0.4753014377662244,3.8676298287481137,0.3658443881319294,20.0,5.0,1.225,0.49953204862390166,0.03136089476794943,15.928501157894871,analytic,converged,1,0.0,2.00001522898674e-06,d3c044325798,42,phase1
baseline_phase1_20260608T162505Z_d3c044325798,wing_000035,v20_a10,2026-06-08T16:25:05.727297+00:00,1.3558355425166855,0.47734499565987587,0.2237746060345533,0.46879009535903904,27.498675437233757,-2.1867981469012703,NACA4412,0.4753014377662244,3.8676298287481137,0.3658443881319294,20.0,10.0,1.225,0.8154276232611243,0.07158091421803159,11.391690538868726,analytic,converged,1,0.0,1.700012944638729e-06,d3c044325798,42,phase1
baseline_phase1_20260608T162505Z_d3c044325798,wing_000035,v20_a15,2026-06-08T16:25:05.727300+00:00,1.3558355425166855,0.47734499565987587,0.2237746060345533,0.46879009535903904,27.498675437233757,-2.1867981469012703,NACA4412,0.4753014377662244,3.8676298287481137,0.3658443881319294,20.0,15.0,1.225,1.1313231978983471,0.13112521627199106,8.62780806059195,analytic,converged,1,0.0,1.600012183189392e-06,d3c044325798,42,phase1
baseline_phase1_20260608T162505Z_d3c044325798,wing_000035,v25_a-5,2026-06-08T16:25:05.727302+00:00,1.3558355425166855,0.47734499565987587,0.2237746060345533,0.46879009535903904,27.498675437233757,-2.1867981469012703,NACA4412,0.4753014377662244,3.8676298287481137,0.3658443881319294,25.0,-5.0,1.225,-0.13225910065054358,0.008893703679416866,-14.87109368807028,analytic,converged,1,0.0,1.400010660290718e-06,d3c044325798,42,phase1
baseline_phase1_20260608T162505Z_d3c044325798,wing_000035,v25_a0,2026-06-08T16:25:05.727305+00:00,1.3558355425166855,0.47734499565987587,0.2237746060345533,0.46879009535903904,27.498675437233757,-2.1867981469012703,NACA4412,0.4753014377662244,3.8676298287481137,0.3658443881319294,25.0,0.0,1.225,0.18363647398667907,0.010465157921744518,17.547415467579228,analytic,converged,1,0.0,1.6999547369778156e-06,d3c044325798,42,phase1
baseline_phase1_20260608T162505Z_d3c044325798,wing_000035,v25_a5,2026-06-08T16:25:05.727308+00:00,1.3558355425166855,0.47734499565987587,0.2237746060345533,0.46879009535903904,27.498675437233757,-2.1867981469012703,NACA4412,0.4753014377662244,3.8676298287481137,0.3658443881319294,25.0,5.0,1.225,0.49953204862390166,0.03136089476794943,15.928501157894871,analytic,converged,1,0.0,2.600019797682762e-06,d3c044325798,42,phase1
baseline_phase1_20260608T162505Z_d3c044325798,wing_000035,v25_a10,2026-06-08T16:25:05.727311+00:00,1.3558355425166855,0.47734499565987587,0.2237746060345533,0.46879009535903904,27.498675437233757,-2.1867981469012703,NACA4412,0.4753014377662244,3.8676298287481137,0.3658443881319294,25.0,10.0,1.225,0.8154276232611243,0.07158091421803159,11.391690538868726,analytic,converged,1,0.0,1.7999554984271526e-06,d3c044325798,42,phase1
baseline_phase1_20260608T162505Z_d3c044325798,wing_000035,v25_a15,2026-06-08T16:25:05.727313+00:00,1.3558355425166855,0.47734499565987587,0.2237746060345533,0.46879009535903904,27.498675437233757,-2.1867981469012703,NACA4412,0.4753014377662244,3.8676298287481137,0.3658443881319294,25.0,15.0,1.225,1.1313231978983471,0.13112521627199106,8.62780806059195,analytic,converged,1,0.0,1.600012183189392e-06,d3c044325798,42,phase1
baseline_phase1_20260608T162505Z_d3c044325798,wing_000036,v15_a-5,2026-06-08T16:25:05.727316+00:00,1.5122591350511927,0.37259414069944347,0.17329902756016732,0.4651147418336903,9.443430170687906,-0.5222087579530976,NACA2412,0.4127659652313171,5.540494818326822,0.28507305393213733,15.0,-5.0,1.225,-0.2486203005025269,0.01137787866204433,-21.85119984904601,analytic,converged,1,0.0,1.700012944638729e-06,d3c044325798,42,phase1
baseline_phase1_20260608T162505Z_d3c044325798,wing_000036,v15_a0,2026-06-08T16:25:05.727318+00:00,1.5122591350511927,0.37259414069944347,0.17329902756016732,0.4651147418336903,9.443430170687906,-0.5222087579530976,NACA2412,0.4127659652313171,5.540494818326822,0.28507305393213733,15.0,0.0,1.225,0.1325700442550868,0.008387882409071203,15.804947874771935,analytic,converged,1,0.0,1.5999539755284786e-06,d3c044325798,42,phase1
baseline_phase1_20260608T162505Z_d3c044325798,wing_000036,v15_a5,2026-06-08T16:25:05.727321+00:00,1.5122591350511927,0.37259414069944347,0.17329902756016732,0.4651147418336903,9.443430170687906,-0.5222087579530976,NACA2412,0.4127659652313171,5.540494818326822,0.28507305393213733,15.0,5.0,1.225,0.5137603890127005,0.02504037104755115,20.51728339157116,analytic,converged,1,0.0,1.600012183189392e-06,d3c044325798,42,phase1
baseline_phase1_20260608T162505Z_d3c044325798,wing_000036,v15_a10,2026-06-08T16:25:05.727323+00:00,1.5122591350511927,0.37259414069944347,0.17329902756016732,0.4651147418336903,9.443430170687906,-0.5222087579530976,NACA2412,0.4127659652313171,5.540494818326822,0.28507305393213733,15.0,10.0,1.225,0.8949507337703141,0.06133534457748415,14.591109578584568,analytic,converged,1,0.0,1.500011421740055e-06,d3c044325798,42,phase1
baseline_phase1_20260608T162505Z_d3c044325798,wing_000036,v15_a15,2026-06-08T16:25:05.727326+00:00,1.5122591350511927,0.37259414069944347,0.17329902756016732,0.4651147418336903,9.443430170687906,-0.5222087579530976,NACA2412,0.4127659652313171,5.540494818326822,0.28507305393213733,15.0,15.0,1.225,1.276141078527928,0.11727280299887026,10.881816123557835,analytic,converged,1,0.0,1.500011421740055e-06,d3c044325798,42,phase1
baseline_phase1_20260608T162505Z_d3c044325798,wing_000036,v20_a-5,2026-06-08T16:25:05.727328+00:00,1.5122591350511927,0.37259414069944347,0.17329902756016732,0.4651147418336903,9.443430170687906,-0.5222087579530976,NACA2412,0.4127659652313171,5.540494818326822,0.28507305393213733,20.0,-5.0,1.225,-0.2486203005025269,0.01137787866204433,-21.85119984904601,analytic,converged,1,0.0,1.700012944638729e-06,d3c044325798,42,phase1
baseline_phase1_20260608T162505Z_d3c044325798,wing_000036,v20_a0,2026-06-08T16:25:05.727330+00:00,1.5122591350511927,0.37259414069944347,0.17329902756016732,0.4651147418336903,9.443430170687906,-0.5222087579530976,NACA2412,0.4127659652313171,5.540494818326822,0.28507305393213733,20.0,0.0,1.225,0.1325700442550868,0.008387882409071203,15.804947874771935,analytic,converged,1,0.0,1.5999539755284786e-06,d3c044325798,42,phase1
baseline_phase1_20260608T162505Z_d3c044325798,wing_000036,v20_a5,2026-06-08T16:25:05.727333+00:00,1.5122591350511927,0.37259414069944347,0.17329902756016732,0.4651147418336903,9.443430170687906,-0.5222087579530976,NACA2412,0.4127659652313171,5.540494818326822,0.28507305393213733,20.0,5.0,1.225,0.5137603890127005,0.02504037104755115,20.51728339157116,analytic,converged,1,0.0,1.600012183189392e-06,d3c044325798,42,phase1
baseline_phase1_20260608T162505Z_d3c044325798,wing_000036,v20_a10,2026-06-08T16:25:05.727335+00:00,1.5122591350511927,0.37259414069944347,0.17329902756016732,0.4651147418336903,9.443430170687906,-0.5222087579530976,NACA2412,0.4127659652313171,5.540494818326822,0.28507305393213733,20.0,10.0,1.225,0.8949507337703141,0.06133534457748415,14.591109578584568,analytic,converged,1,0.0,1.600012183189392e-06,d3c044325798,42,phase1
baseline_phase1_20260608T162505Z_d3c044325798,wing_000036,v20_a15,2026-06-08T16:25:05.727338+00:00,1.5122591350511927,0.37259414069944347,0.17329902756016732,0.4651147418336903,9.443430170687906,-0.5222087579530976,NACA2412,0.4127659652313171,5.540494818326822,0.28507305393213733,20.0,15.0,1.225,1.276141078527928,0.11727280299887026,10.881816123557835,analytic,converged,1,0.0,1.700012944638729e-06,d3c044325798,42,phase1
baseline_phase1_20260608T162505Z_d3c044325798,wing_000036,v25_a-5,2026-06-08T16:25:05.727340+00:00,1.5122591350511927,0.37259414069944347,0.17329902756016732,0.4651147418336903,9.443430170687906,-0.5222087579530976,NACA2412,0.4127659652313171,5.540494818326822,0.28507305393213733,25.0,-5.0,1.225,-0.2486203005025269,0.01137787866204433,-21.85119984904601,analytic,converged,1,0.0,1.600012183189392e-06,d3c044325798,42,phase1
baseline_phase1_20260608T162505Z_d3c044325798,wing_000036,v25_a0,2026-06-08T16:25:05.727343+00:00,1.5122591350511927,0.37259414069944347,0.17329902756016732,0.4651147418336903,9.443430170687906,-0.5222087579530976,NACA2412,0.4127659652313171,5.540494818326822,0.28507305393213733,25.0,0.0,1.225,0.1325700442550868,0.008387882409071203,15.804947874771935,analytic,converged,1,0.0,2.3999600671231747e-06,d3c044325798,42,phase1
baseline_phase1_20260608T162505Z_d3c044325798,wing_000036,v25_a5,2026-06-08T16:25:05.727345+00:00,1.5122591350511927,0.37259414069944347,0.17329902756016732,0.4651147418336903,9.443430170687906,-0.5222087579530976,NACA2412,0.4127659652313171,5.540494818326822,0.28507305393213733,25.0,5.0,1.225,0.5137603890127005,0.02504037104755115,20.51728339157116,analytic,converged,1,0.0,1.700012944638729e-06,d3c044325798,42,phase1
baseline_phase1_20260608T162505Z_d3c044325798,wing_000036,v25_a10,2026-06-08T16:25:05.727347+00:00,1.5122591350511927,0.37259414069944347,0.17329902756016732,0.4651147418336903,9.443430170687906,-0.5222087579530976,NACA2412,0.4127659652313171,5.540494818326822,0.28507305393213733,25.0,10.0,1.225,0.8949507337703141,0.06133534457748415,14.591109578584568,analytic,converged,1,0.0,1.500011421740055e-06,d3c044325798,42,phase1
baseline_phase1_20260608T162505Z_d3c044325798,wing_000036,v25_a15,2026-06-08T16:25:05.727350+00:00,1.5122591350511927,0.37259414069944347,0.17329902756016732,0.4651147418336903,9.443430170687906,-0.5222087579530976,NACA2412,0.4127659652313171,5.540494818326822,0.28507305393213733,25.0,15.0,1.225,1.276141078527928,0.11727280299887026,10.881816123557835,analytic,converged,1,0.0,1.700012944638729e-06,d3c044325798,42,phase1
baseline_phase1_20260608T162505Z_d3c044325798,wing_000037,v15_a-5,2026-06-08T16:25:05.727352+00:00,1.5851215389401627,0.3698980888324267,0.24005331847542544,0.6489715024836902,23.08133568262917,-2.443531603033351,NACA0012,0.4834235567152703,5.197533836134348,0.3095825363149835,15.0,-5.0,1.225,-0.44312798856668445,0.02134790840100947,-20.757442848393072,analytic,converged,1,0.0,1.600012183189392e-06,d3c044325798,42,phase1
baseline_phase1_20260608T162505Z_d3c044325798,wing_000037,v15_a0,2026-06-08T16:25:05.727354+00:00,1.5851215389401627,0.3698980888324267,0.24005331847542544,0.6489715024836902,23.08133568262917,-2.443531603033351,NACA0012,0.4834235567152703,5.197533836134348,0.3095825363149835,15.0,0.0,1.225,-0.0870168758190273,0.0077455579008705875,-11.23442325687692,analytic,converged,1,0.0,1.5999539755284786e-06,d3c044325798,42,phase1
baseline_phase1_20260608T162505Z_d3c044325798,wing_000037,v15_a5,2026-06-08T16:25:05.727357+00:00,1.5851215389401627,0.3698980888324267,0.24005331847542544,0.6489715024836902,23.08133568262917,-2.443531603033351,NACA0012,0.4834235567152703,5.197533836134348,0.3095825363149835,15.0,5.0,1.225,0.2690942369286298,0.012417262278923827,21.670979551214856,analytic,converged,1,0.0,1.600012183189392e-06,d3c044325798,42,phase1
baseline_phase1_20260608T162505Z_d3c044325798,wing_000037,v15_a10,2026-06-08T16:25:05.727359+00:00,1.5851215389401627,0.3698980888324267,0.24005331847542544,0.6489715024836902,23.08133568262917,-2.443531603033351,NACA0012,0.4834235567152703,5.197533836134348,0.3095825363149835,15.0,10.0,1.225,0.625205349676287,0.03536302153516919,17.67963603038017,analytic,converged,1,0.0,2.100015990436077e-06,d3c044325798,42,phase1
baseline_phase1_20260608T162505Z_d3c044325798,wing_000037,v15_a15,2026-06-08T16:25:05.727361+00:00,1.5851215389401627,0.3698980888324267,0.24005331847542544,0.6489715024836902,23.08133568262917,-2.443531603033351,NACA0012,0.4834235567152703,5.197533836134348,0.3095825363149835,15.0,15.0,1.225,0.9813164624239441,0.07658283566960666,12.813791156252497,analytic,converged,1,0.0,2.600019797682762e-06,d3c044325798,42,phase1
baseline_phase1_20260608T162505Z_d3c044325798,wing_000037,v20_a-5,2026-06-08T16:25:05.727363+00:00,1.5851215389401627,0.3698980888324267,0.24005331847542544,0.6489715024836902,23.08133568262917,-2.443531603033351,NACA0012,0.4834235567152703,5.197533836134348,0.3095825363149835,20.0,-5.0,1.225,-0.44312798856668445,0.02134790840100947,-20.757442848393072,analytic,converged,1,0.0,1.600012183189392e-06,d3c044325798,42,phase1
baseline_phase1_20260608T162505Z_d3c044325798,wing_000037,v20_a0,2026-06-08T16:25:05.727366+00:00,1.5851215389401627,0.3698980888324267,0.24005331847542544,0.6489715024836902,23.08133568262917,-2.443531603033351,NACA0012,0.4834235567152703,5.197533836134348,0.3095825363149835,20.0,0.0,1.225,-0.0870168758190273,0.0077455579008705875,-11.23442325687692,analytic,converged,1,0.0,1.7999554984271526e-06,d3c044325798,42,phase1
baseline_phase1_20260608T162505Z_d3c044325798,wing_000037,v20_a5,2026-06-08T16:25:05.727368+00:00,1.5851215389401627,0.3698980888324267,0.24005331847542544,0.6489715024836902,23.08133568262917,-2.443531603033351,NACA0012,0.4834235567152703,5.197533836134348,0.3095825363149835,20.0,5.0,1.225,0.2690942369286298,0.012417262278923827,21.670979551214856,analytic,converged,1,0.0,1.600012183189392e-06,d3c044325798,42,phase1
baseline_phase1_20260608T162505Z_d3c044325798,wing_000037,v20_a10,2026-06-08T16:25:05.727370+00:00,1.5851215389401627,0.3698980888324267,0.24005331847542544,0.6489715024836902,23.08133568262917,-2.443531603033351,NACA0012,0.4834235567152703,5.197533836134348,0.3095825363149835,20.0,10.0,1.225,0.625205349676287,0.03536302153516919,17.67963603038017,analytic,converged,1,0.0,1.800013706088066e-06,d3c044325798,42,phase1
baseline_phase1_20260608T162505Z_d3c044325798,wing_000037,v20_a15,2026-06-08T16:25:05.727373+00:00,1.5851215389401627,0.3698980888324267,0.24005331847542544,0.6489715024836902,23.08133568262917,-2.443531603033351,NACA0012,0.4834235567152703,5.197533836134348,0.3095825363149835,20.0,15.0,1.225,0.9813164624239441,0.07658283566960666,12.813791156252497,analytic,converged,1,0.0,1.500011421740055e-06,d3c044325798,42,phase1
baseline_phase1_20260608T162505Z_d3c044325798,wing_000037,v25_a-5,2026-06-08T16:25:05.727376+00:00,1.5851215389401627,0.3698980888324267,0.24005331847542544,0.6489715024836902,23.08133568262917,-2.443531603033351,NACA0012,0.4834235567152703,5.197533836134348,0.3095825363149835,25.0,-5.0,1.225,-0.44312798856668445,0.02134790840100947,-20.757442848393072,analytic,converged,1,0.0,1.400010660290718e-06,d3c044325798,42,phase1
baseline_phase1_20260608T162505Z_d3c044325798,wing_000037,v25_a0,2026-06-08T16:25:05.727379+00:00,1.5851215389401627,0.3698980888324267,0.24005331847542544,0.6489715024836902,23.08133568262917,-2.443531603033351,NACA0012,0.4834235567152703,5.197533836134348,0.3095825363149835,25.0,0.0,1.225,-0.0870168758190273,0.0077455579008705875,-11.23442325687692,analytic,converged,1,0.0,1.6999547369778156e-06,d3c044325798,42,phase1
baseline_phase1_20260608T162505Z_d3c044325798,wing_000037,v25_a5,2026-06-08T16:25:05.727381+00:00,1.5851215389401627,0.3698980888324267,0.24005331847542544,0.6489715024836902,23.08133568262917,-2.443531603033351,NACA0012,0.4834235567152703,5.197533836134348,0.3095825363149835,25.0,5.0,1.225,0.2690942369286298,0.012417262278923827,21.670979551214856,analytic,converged,1,0.0,1.600012183189392e-06,d3c044325798,42,phase1
baseline_phase1_20260608T162505Z_d3c044325798,wing_000037,v25_a10,2026-06-08T16:25:05.727384+00:00,1.5851215389401627,0.3698980888324267,0.24005331847542544,0.6489715024836902,23.08133568262917,-2.443531603033351,NACA0012,0.4834235567152703,5.197533836134348,0.3095825363149835,25.0,10.0,1.225,0.625205349676287,0.03536302153516919,17.67963603038017,analytic,converged,1,0.0,1.600012183189392e-06,d3c044325798,42,phase1
baseline_phase1_20260608T162505Z_d3c044325798,wing_000037,v25_a15,2026-06-08T16:25:05.727386+00:00,1.5851215389401627,0.3698980888324267,0.24005331847542544,0.6489715024836902,23.08133568262917,-2.443531603033351,NACA0012,0.4834235567152703,5.197533836134348,0.3095825363149835,25.0,15.0,1.225,0.9813164624239441,0.07658283566960666,12.813791156252497,analytic,converged,1,0.0,2.300017513334751e-06,d3c044325798,42,phase1
baseline_phase1_20260608T162505Z_d3c044325798,wing_000038,v15_a-5,2026-06-08T16:25:05.727388+00:00,1.3865623198252515,0.27317853549740206,0.18947088427824604,0.693578959024941,10.200217898026658,-3.180312901929783,NACA0012,0.3207461263749646,5.994008683714053,0.23384892893761258,15.0,-5.0,1.225,-0.5130537856079141,0.023645217687628374,-21.697993750184573,analytic,converged,1,0.0,1.600012183189392e-06,d3c044325798,42,phase1
baseline_phase1_20260608T162505Z_d3c044325798,wing_000038,v15_a0,2026-06-08T16:25:05.727391+00:00,1.3865623198252515,0.27317853549740206,0.18947088427824604,0.693578959024941,10.200217898026658,-3.180312901929783,NACA0012,0.3207461263749646,5.994008683714053,0.23384892893761258,15.0,0.0,1.225,-0.12379611818729028,0.008157475979933791,-15.175787031651799,analytic,converged,1,0.0,1.5999539755284786e-06,d3c044325798,42,phase1
baseline_phase1_20260608T162505Z_d3c044325798,wing_000038,v15_a5,2026-06-08T16:25:05.727394+00:00,1.3865623198252515,0.27317853549740206,0.18947088427824604,0.693578959024941,10.200217898026658,-3.180312901929783,NACA0012,0.3207461263749646,5.994008683714053,0.23384892893761258,15.0,5.0,1.225,0.2654615492333336,0.011602679617203867,22.879331153789735,analytic,converged,1,0.0,2.00001522898674e-06,d3c044325798,42,phase1
baseline_phase1_20260608T162505Z_d3c044325798,wing_000038,v15_a10,2026-06-08T16:25:05.727396+00:00,1.3865623198252515,0.27317853549740206,0.18947088427824604,0.693578959024941,10.200217898026658,-3.180312901929783,NACA0012,0.3207461263749646,5.994008683714053,0.23384892893761258,15.0,10.0,1.225,0.6547192166539576,0.033980828599438614,19.267311706012194,analytic,converged,1,0.0,1.6999547369778156e-06,d3c044325798,42,phase1
baseline_phase1_20260608T162505Z_d3c044325798,wing_000038,v15_a15,2026-06-08T16:25:05.727398+00:00,1.3865623198252515,0.27317853549740206,0.18947088427824604,0.693578959024941,10.200217898026658,-3.180312901929783,NACA0012,0.3207461263749646,5.994008683714053,0.23384892893761258,15.0,15.0,1.225,1.0439768840745816,0.07529192292663803,13.865722158428579,analytic,converged,1,0.0,1.800013706088066e-06,d3c044325798,42,phase1
baseline_phase1_20260608T162505Z_d3c044325798,wing_000038,v20_a-5,2026-06-08T16:25:05.727401+00:00,1.3865623198252515,0.27317853549740206,0.18947088427824604,0.693578959024941,10.200217898026658,-3.180312901929783,NACA0012,0.3207461263749646,5.994008683714053,0.23384892893761258,20.0,-5.0,1.225,-0.5130537856079141,0.023645217687628374,-21.697993750184573,analytic,converged,1,0.0,1.600012183189392e-06,d3c044325798,42,phase1
baseline_phase1_20260608T162505Z_d3c044325798,wing_000038,v20_a0,2026-06-08T16:25:05.727403+00:00,1.3865623198252515,0.27317853549740206,0.18947088427824604,0.693578959024941,10.200217898026658,-3.180312901929783,NACA0012,0.3207461263749646,5.994008683714053,0.23384892893761258,20.0,0.0,1.225,-0.12379611818729028,0.008157475979933791,-15.175787031651799,analytic,converged,1,0.0,1.6999547369778156e-06,d3c044325798,42,phase1
baseline_phase1_20260608T162505Z_d3c044325798,wing_000038,v20_a5,2026-06-08T16:25:05.727406+00:00,1.3865623198252515,0.27317853549740206,0.18947088427824604,0.693578959024941,10.200217898026658,-3.180312901929783,NACA0012,0.3207461263749646,5.994008683714053,0.23384892893761258,20.0,5.0,1.225,0.2654615492333336,0.011602679617203867,22.879331153789735,analytic,converged,1,0.0,1.700012944638729e-06,d3c044325798,42,phase1
baseline_phase1_20260608T162505Z_d3c044325798,wing_000038,v20_a10,2026-06-08T16:25:05.727408+00:00,1.3865623198252515,0.27317853549740206,0.18947088427824604,0.693578959024941,10.200217898026658,-3.180312901929783,NACA0012,0.3207461263749646,5.994008683714053,0.23384892893761258,20.0,10.0,1.225,0.6547192166539576,0.033980828599438614,19.267311706012194,analytic,converged,1,0.0,1.500011421740055e-06,d3c044325798,42,phase1
baseline_phase1_20260608T162505Z_d3c044325798,wing_000038,v20_a15,2026-06-08T16:25:05.727411+00:00,1.3865623198252515,0.27317853549740206,0.18947088427824604,0.693578959024941,10.200217898026658,-3.180312901929783,NACA0012,0.3207461263749646,5.994008683714053,0.23384892893761258,20.0,15.0,1.225,1.0439768840745816,0.07529192292663803,13.865722158428579,analytic,converged,1,0.0,1.500011421740055e-06,d3c044325798,42,phase1
baseline_phase1_20260608T162505Z_d3c044325798,wing_000038,v25_a-5,2026-06-08T16:25:05.727413+00:00,1.3865623198252515,0.27317853549740206,0.18947088427824604,0.693578959024941,10.200217898026658,-3.180312901929783,NACA0012,0.3207461263749646,5.994008683714053,0.23384892893761258,25.0,-5.0,1.225,-0.5130537856079141,0.023645217687628374,-21.697993750184573,analytic,converged,1,0.0,1.600012183189392e-06,d3c044325798,42,phase1
baseline_phase1_20260608T162505Z_d3c044325798,wing_000038,v25_a0,2026-06-08T16:25:05.727417+00:00,1.3865623198252515,0.27317853549740206,0.18947088427824604,0.693578959024941,10.200217898026658,-3.180312901929783,NACA0012,0.3207461263749646,5.994008683714053,0.23384892893761258,25.0,0.0,1.225,-0.12379611818729028,0.008157475979933791,-15.175787031651799,analytic,converged,1,0.0,1.6999547369778156e-06,d3c044325798,42,phase1
baseline_phase1_20260608T162505Z_d3c044325798,wing_000038,v25_a5,2026-06-08T16:25:05.727419+00:00,1.3865623198252515,0.27317853549740206,0.18947088427824604,0.693578959024941,10.200217898026658,-3.180312901929783,NACA0012,0.3207461263749646,5.994008683714053,0.23384892893761258,25.0,5.0,1.225,0.2654615492333336,0.011602679617203867,22.879331153789735,analytic,converged,1,0.0,1.600012183189392e-06,d3c044325798,42,phase1
baseline_phase1_20260608T162505Z_d3c044325798,wing_000038,v25_a10,2026-06-08T16:25:05.727422+00:00,1.3865623198252515,0.27317853549740206,0.18947088427824604,0.693578959024941,10.200217898026658,-3.180312901929783,NACA0012,0.3207461263749646,5.994008683714053,0.23384892893761258,25.0,10.0,1.225,0.6547192166539576,0.033980828599438614,19.267311706012194,analytic,converged,1,0.0,1.600012183189392e-06,d3c044325798,42,phase1
baseline_phase1_20260608T162505Z_d3c044325798,wing_000038,v25_a15,2026-06-08T16:25:05.727424+00:00,1.3865623198252515,0.27317853549740206,0.18947088427824604,0.693578959024941,10.200217898026658,-3.180312901929783,NACA0012,0.3207461263749646,5.994008683714053,0.23384892893761258,25.0,15.0,1.225,1.0439768840745816,0.07529192292663803,13.865722158428579,analytic,converged,1,0.0,1.5999539755284786e-06,d3c044325798,42,phase1
baseline_phase1_20260608T162505Z_d3c044325798,wing_000039,v15_a-5,2026-06-08T16:25:05.727427+00:00,1.3185575779087575,0.3303219372221643,0.10635762066044667,0.3219817053473921,18.59809227323045,-0.018086655831160314,NACA2412,0.2878935700819813,6.039016730264322,0.2374842576891296,15.0,-5.0,1.225,-0.22840286504460985,0.010434953656964603,-21.88824910517613,analytic,converged,1,0.0,1.800013706088066e-06,d3c044325798,42,phase1
baseline_phase1_20260608T162505Z_d3c044325798,wing_000039,v15_a0,2026-06-08T16:25:05.727429+00:00,1.3185575779087575,0.3303219372221643,0.10635762066044667,0.3219817053473921,18.59809227323045,-0.018086655831160314,NACA2412,0.2878935700819813,6.039016730264322,0.2374842576891296,15.0,0.0,1.225,0.15112451318498302,0.008616233289660033,17.53951037587863,analytic,converged,1,0.0,1.5999539755284786e-06,d3c044325798,42,phase1
baseline_phase1_20260608T162505Z_d3c044325798,wing_000039,v15_a5,2026-06-08T16:25:05.727431+00:00,1.3185575779087575,0.3303219372221643,0.10635762066044667,0.3219817053473921,18.59809227323045,-0.018086655831160314,NACA2412,0.2878935700819813,6.039016730264322,0.2374842576891296,15.0,5.0,1.225,0.5306518914145758,0.024661614734197555,21.517321437948507,analytic,converged,1,0.0,1.600012183189392e-06,d3c044325798,42,phase1
baseline_phase1_20260608T162505Z_d3c044325798,wing_000039,v15_a10,2026-06-08T16:25:05.727434+00:00,1.3185575779087575,0.3303219372221643,0.10635762066044667,0.3219817053473921,18.59809227323045,-0.018086655831160314,NACA2412,0.2878935700819813,6.039016730264322,0.2374842576891296,15.0,10.0,1.225,0.9101792696441686,0.05857109799057717,15.539733774336908,analytic,converged,1,0.0,1.600012183189392e-06,d3c044325798,42,phase1
baseline_phase1_20260608T162505Z_d3c044325798,wing_000039,v15_a15,2026-06-08T16:25:05.727436+00:00,1.3185575779087575,0.3303219372221643,0.10635762066044667,0.3219817053473921,18.59809227323045,-0.018086655831160314,NACA2412,0.2878935700819813,6.039016730264322,0.2374842576891296,15.0,15.0,1.225,1.2897066478737615,0.1103446830587989,11.687981805036507,analytic,converged,1,0.0,1.5999539755284786e-06,d3c044325798,42,phase1
baseline_phase1_20260608T162505Z_d3c044325798,wing_000039,v20_a-5,2026-06-08T16:25:05.727439+00:00,1.3185575779087575,0.3303219372221643,0.10635762066044667,0.3219817053473921,18.59809227323045,-0.018086655831160314,NACA2412,0.2878935700819813,6.039016730264322,0.2374842576891296,20.0,-5.0,1.225,-0.22840286504460985,0.010434953656964603,-21.88824910517613,analytic,converged,1,0.0,1.500011421740055e-06,d3c044325798,42,phase1
baseline_phase1_20260608T162505Z_d3c044325798,wing_000039,v20_a0,2026-06-08T16:25:05.727441+00:00,1.3185575779087575,0.3303219372221643,0.10635762066044667,0.3219817053473921,18.59809227323045,-0.018086655831160314,NACA2412,0.2878935700819813,6.039016730264322,0.2374842576891296,20.0,0.0,1.225,0.15112451318498302,0.008616233289660033,17.53951037587863,analytic,converged,1,0.0,2.6999623514711857e-06,d3c044325798,42,phase1
baseline_phase1_20260608T162505Z_d3c044325798,wing_000039,v20_a5,2026-06-08T16:25:05.727444+00:00,1.3185575779087575,0.3303219372221643,0.10635762066044667,0.3219817053473921,18.59809227323045,-0.018086655831160314,NACA2412,0.2878935700819813,6.039016730264322,0.2374842576891296,20.0,5.0,1.225,0.5306518914145758,0.024661614734197555,21.517321437948507,analytic,converged,1,0.0,1.600012183189392e-06,d3c044325798,42,phase1
baseline_phase1_20260608T162505Z_d3c044325798,wing_000039,v20_a10,2026-06-08T16:25:05.727447+00:00,1.3185575779087575,0.3303219372221643,0.10635762066044667,0.3219817053473921,18.59809227323045,-0.018086655831160314,NACA2412,0.2878935700819813,6.039016730264322,0.2374842576891296,20.0,10.0,1.225,0.9101792696441686,0.05857109799057717,15.539733774336908,analytic,converged,1,0.0,1.9999570213258266e-06,d3c044325798,42,phase1
baseline_phase1_20260608T162505Z_d3c044325798,wing_000039,v20_a15,2026-06-08T16:25:05.727450+00:00,1.3185575779087575,0.3303219372221643,0.10635762066044667,0.3219817053473921,18.59809227323045,-0.018086655831160314,NACA2412,0.2878935700819813,6.039016730264322,0.2374842576891296,20.0,15.0,1.225,1.2897066478737615,0.1103446830587989,11.687981805036507,analytic,converged,1,0.0,1.700012944638729e-06,d3c044325798,42,phase1
baseline_phase1_20260608T162505Z_d3c044325798,wing_000039,v25_a-5,2026-06-08T16:25:05.727452+00:00,1.3185575779087575,0.3303219372221643,0.10635762066044667,0.3219817053473921,18.59809227323045,-0.018086655831160314,NACA2412,0.2878935700819813,6.039016730264322,0.2374842576891296,25.0,-5.0,1.225,-0.22840286504460985,0.010434953656964603,-21.88824910517613,analytic,converged,1,0.0,1.600012183189392e-06,d3c044325798,42,phase1
baseline_phase1_20260608T162505Z_d3c044325798,wing_000039,v25_a0,2026-06-08T16:25:05.727454+00:00,1.3185575779087575,0.3303219372221643,0.10635762066044667,0.3219817053473921,18.59809227323045,-0.018086655831160314,NACA2412,0.2878935700819813,6.039016730264322,0.2374842576891296,25.0,0.0,1.225,0.15112451318498302,0.008616233289660033,17.53951037587863,analytic,converged,1,0.0,1.500011421740055e-06,d3c044325798,42,phase1
baseline_phase1_20260608T162505Z_d3c044325798,wing_000039,v25_a5,2026-06-08T16:25:05.727457+00:00,1.3185575779087575,0.3303219372221643,0.10635762066044667,0.3219817053473921,18.59809227323045,-0.018086655831160314,NACA2412,0.2878935700819813,6.039016730264322,0.2374842576891296,25.0,5.0,1.225,0.5306518914145758,0.024661614734197555,21.517321437948507,analytic,converged,1,0.0,1.9000144675374031e-06,d3c044325798,42,phase1
baseline_phase1_20260608T162505Z_d3c044325798,wing_000039,v25_a10,2026-06-08T16:25:05.727460+00:00,1.3185575779087575,0.3303219372221643,0.10635762066044667,0.3219817053473921,18.59809227323045,-0.018086655831160314,NACA2412,0.2878935700819813,6.039016730264322,0.2374842576891296,25.0,10.0,1.225,0.9101792696441686,0.05857109799057717,15.539733774336908,analytic,converged,1,0.0,1.5999539755284786e-06,d3c044325798,42,phase1
baseline_phase1_20260608T162505Z_d3c044325798,wing_000039,v25_a15,2026-06-08T16:25:05.727462+00:00,1.3185575779087575,0.3303219372221643,0.10635762066044667,0.3219817053473921,18.59809227323045,-0.018086655831160314,NACA2412,0.2878935700819813,6.039016730264322,0.2374842576891296,25.0,15.0,1.225,1.2897066478737615,0.1103446830587989,11.687981805036507,analytic,converged,1,0.0,1.600012183189392e-06,d3c044325798,42,phase1
baseline_phase1_20260608T162505Z_d3c044325798,wing_000040,v15_a-5,2026-06-08T16:25:05.727465+00:00,1.4648394085918497,0.41556822211052313,0.21755813169516947,0.5235196536209364,0.9908028058873448,1.7663951817292203,NACA4412,0.46371421683632247,4.627320912442735,0.32688444365331903,15.0,-5.0,1.225,-0.008490316430619623,0.0072058337704332225,-1.1782559383283102,analytic,converged,1,0.0,1.600012183189392e-06,d3c044325798,42,phase1
baseline_phase1_20260608T162505Z_d3c044325798,wing_000040,v15_a0,2026-06-08T16:25:05.727467+00:00,1.4648394085918497,0.41556822211052313,0.21755813169516947,0.5235196536209364,0.9908028058873448,1.7663951817292203,NACA4412,0.46371421683632247,4.627320912442735,0.32688444365331903,15.0,0.0,1.225,0.3549575136898259,0.017396575267236904,20.40387307485284,analytic,converged,1,0.0,2.700020559132099e-06,d3c044325798,42,phase1
baseline_phase1_20260608T162505Z_d3c044325798,wing_000040,v15_a5,2026-06-08T16:25:05.727470+00:00,1.4648394085918497,0.41556822211052313,0.21755813169516947,0.5235196536209364,0.9908028058873448,1.7663951817292203,NACA4412,0.46371421683632247,4.627320912442735,0.32688444365331903,15.0,5.0,1.225,0.7184053438102714,0.04896771244727586,14.67100070447006,analytic,converged,1,0.0,1.500011421740055e-06,d3c044325798,42,phase1
baseline_phase1_20260608T162505Z_d3c044325798,wing_000040,v15_a10,2026-06-08T16:25:05.727472+00:00,1.4648394085918497,0.41556822211052313,0.21755813169516947,0.5235196536209364,0.9908028058873448,1.7663951817292203,NACA4412,0.46371421683632247,4.627320912442735,0.32688444365331903,15.0,10.0,1.225,1.081853173930717,0.10191924531055008,10.614807543308308,analytic,converged,1,0.0,1.5999539755284786e-06,d3c044325798,42,phase1
baseline_phase1_20260608T162505Z_d3c044325798,wing_000040,v15_a15,2026-06-08T16:25:05.727474+00:00,1.4648394085918497,0.41556822211052313,0.21755813169516947,0.5235196536209364,0.9908028058873448,1.7663951817292203,NACA4412,0.46371421683632247,4.627320912442735,0.32688444365331903,15.0,15.0,1.225,1.4,0.16581989328301222,8.442895314198264,analytic,stall_limited,1,0.0,1.800013706088066e-06,d3c044325798,42,phase1
baseline_phase1_20260608T162505Z_d3c044325798,wing_000040,v20_a-5,2026-06-08T16:25:05.727477+00:00,1.4648394085918497,0.41556822211052313,0.21755813169516947,0.5235196536209364,0.9908028058873448,1.7663951817292203,NACA4412,0.46371421683632247,4.627320912442735,0.32688444365331903,20.0,-5.0,1.225,-0.008490316430619623,0.0072058337704332225,-1.1782559383283102,analytic,converged,1,0.0,1.500011421740055e-06,d3c044325798,42,phase1
baseline_phase1_20260608T162505Z_d3c044325798,wing_000040,v20_a0,2026-06-08T16:25:05.727479+00:00,1.4648394085918497,0.41556822211052313,0.21755813169516947,0.5235196536209364,0.9908028058873448,1.7663951817292203,NACA4412,0.46371421683632247,4.627320912442735,0.32688444365331903,20.0,0.0,1.225,0.3549575136898259,0.017396575267236904,20.40387307485284,analytic,converged,1,0.0,1.500011421740055e-06,d3c044325798,42,phase1
baseline_phase1_20260608T162505Z_d3c044325798,wing_000040,v20_a5,2026-06-08T16:25:05.727482+00:00,1.4648394085918497,0.41556822211052313,0.21755813169516947,0.5235196536209364,0.9908028058873448,1.7663951817292203,NACA4412,0.46371421683632247,4.627320912442735,0.32688444365331903,20.0,5.0,1.225,0.7184053438102714,0.04896771244727586,14.67100070447006,analytic,converged,1,0.0,1.700012944638729e-06,d3c044325798,42,phase1
baseline_phase1_20260608T162505Z_d3c044325798,wing_000040,v20_a10,2026-06-08T16:25:05.727484+00:00,1.4648394085918497,0.41556822211052313,0.21755813169516947,0.5235196536209364,0.9908028058873448,1.7663951817292203,NACA4412,0.46371421683632247,4.627320912442735,0.32688444365331903,20.0,10.0,1.225,1.081853173930717,0.10191924531055008,10.614807543308308,analytic,converged,1,0.0,2.0999577827751637e-06,d3c044325798,42,phase1
baseline_phase1_20260608T162505Z_d3c044325798,wing_000040,v20_a15,2026-06-08T16:25:05.727487+00:00,1.4648394085918497,0.41556822211052313,0.21755813169516947,0.5235196536209364,0.9908028058873448,1.7663951817292203,NACA4412,0.46371421683632247,4.627320912442735,0.32688444365331903,20.0,15.0,1.225,1.4,0.16581989328301222,8.442895314198264,analytic,stall_limited,1,0.0,1.9000144675374031e-06,d3c044325798,42,phase1
baseline_phase1_20260608T162505Z_d3c044325798,wing_000040,v25_a-5,2026-06-08T16:25:05.727489+00:00,1.4648394085918497,0.41556822211052313,0.21755813169516947,0.5235196536209364,0.9908028058873448,1.7663951817292203,NACA4412,0.46371421683632247,4.627320912442735,0.32688444365331903,25.0,-5.0,1.225,-0.008490316430619623,0.0072058337704332225,-1.1782559383283102,analytic,converged,1,0.0,2.1999585442245007e-06,d3c044325798,42,phase1
baseline_phase1_20260608T162505Z_d3c044325798,wing_000040,v25_a0,2026-06-08T16:25:05.727492+00:00,1.4648394085918497,0.41556822211052313,0.21755813169516947,0.5235196536209364,0.9908028058873448,1.7663951817292203,NACA4412,0.46371421683632247,4.627320912442735,0.32688444365331903,25.0,0.0,1.225,0.3549575136898259,0.017396575267236904,20.40387307485284,analytic,converged,1,0.0,1.500011421740055e-06,d3c044325798,42,phase1
baseline_phase1_20260608T162505Z_d3c044325798,wing_000040,v25_a5,2026-06-08T16:25:05.727495+00:00,1.4648394085918497,0.41556822211052313,0.21755813169516947,0.5235196536209364,0.9908028058873448,1.7663951817292203,NACA4412,0.46371421683632247,4.627320912442735,0.32688444365331903,25.0,5.0,1.225,0.7184053438102714,0.04896771244727586,14.67100070447006,analytic,converged,1,0.0,1.500011421740055e-06,d3c044325798,42,phase1
baseline_phase1_20260608T162505Z_d3c044325798,wing_000040,v25_a10,2026-06-08T16:25:05.727497+00:00,1.4648394085918497,0.41556822211052313,0.21755813169516947,0.5235196536209364,0.9908028058873448,1.7663951817292203,NACA4412,0.46371421683632247,4.627320912442735,0.32688444365331903,25.0,10.0,1.225,1.081853173930717,0.10191924531055008,10.614807543308308,analytic,converged,1,0.0,2.00001522898674e-06,d3c044325798,42,phase1
baseline_phase1_20260608T162505Z_d3c044325798,wing_000040,v25_a15,2026-06-08T16:25:05.727500+00:00,1.4648394085918497,0.41556822211052313,0.21755813169516947,0.5235196536209364,0.9908028058873448,1.7663951817292203,NACA4412,0.46371421683632247,4.627320912442735,0.32688444365331903,25.0,15.0,1.225,1.4,0.16581989328301222,8.442895314198264,analytic,stall_limited,1,0.0,1.700012944638729e-06,d3c044325798,42,phase1
baseline_phase1_20260608T162505Z_d3c044325798,wing_000041,v15_a-5,2026-06-08T16:25:05.727502+00:00,1.6273448657668501,0.3400661341913112,0.15056408073191208,0.44274941134599766,14.599235016936959,0.3221310449434185,NACA4412,0.3992122806226968,6.633691999672326,0.2575140532164943,15.0,-5.0,1.225,-0.0662791524589066,0.00744798750011518,-8.898934438045394,analytic,converged,1,0.0,2.600019797682762e-06,d3c044325798,42,phase1
baseline_phase1_20260608T162505Z_d3c044325798,wing_000041,v15_a0,2026-06-08T16:25:05.727504+00:00,1.6273448657668501,0.3400661341913112,0.15056408073191208,0.44274941134599766,14.599235016936959,0.3221310449434185,NACA4412,0.3992122806226968,6.633691999672326,0.2575140532164943,15.0,0.0,1.225,0.32874068660040495,0.013300744174020334,24.715961926590346,analytic,converged,1,0.0,2.00001522898674e-06,d3c044325798,42,phase1
baseline_phase1_20260608T162505Z_d3c044325798,wing_000041,v15_a5,2026-06-08T16:25:05.727507+00:00,1.6273448657668501,0.3400661341913112,0.15056408073191208,0.44274941134599766,14.599235016936959,0.3221310449434185,NACA4412,0.3992122806226968,6.633691999672326,0.2575140532164943,15.0,5.0,1.225,0.7237605256597165,0.03677097768651551,19.682928526676918,analytic,converged,1,0.0,1.600012183189392e-06,d3c044325798,42,phase1
baseline_phase1_20260608T162505Z_d3c044325798,wing_000041,v15_a10,2026-06-08T16:25:05.727509+00:00,1.6273448657668501,0.3400661341913112,0.15056408073191208,0.44274941134599766,14.599235016936959,0.3221310449434185,NACA4412,0.3992122806226968,6.633691999672326,0.2575140532164943,15.0,10.0,1.225,1.118780364719028,0.0778586880376007,14.36937088098286,analytic,converged,1,0.0,2.300017513334751e-06,d3c044325798,42,phase1
baseline_phase1_20260608T162505Z_d3c044325798,wing_000041,v15_a15,2026-06-08T16:25:05.727511+00:00,1.6273448657668501,0.3400661341913112,0.15056408073191208,0.44274941134599766,14.599235016936959,0.3221310449434185,NACA4412,0.3992122806226968,6.633691999672326,0.2575140532164943,15.0,15.0,1.225,1.4,0.11784504492433064,11.880007351169942,analytic,stall_limited,1,0.0,1.6999547369778156e-06,d3c044325798,42,phase1
baseline_phase1_20260608T162505Z_d3c044325798,wing_000041,v20_a-5,2026-06-08T16:25:05.727514+00:00,1.6273448657668501,0.3400661341913112,0.15056408073191208,0.44274941134599766,14.599235016936959,0.3221310449434185,NACA4412,0.3992122806226968,6.633691999672326,0.2575140532164943,20.0,-5.0,1.225,-0.0662791524589066,0.00744798750011518,-8.898934438045394,analytic,converged,1,0.0,1.500011421740055e-06,d3c044325798,42,phase1
baseline_phase1_20260608T162505Z_d3c044325798,wing_000041,v20_a0,2026-06-08T16:25:05.727516+00:00,1.6273448657668501,0.3400661341913112,0.15056408073191208,0.44274941134599766,14.599235016936959,0.3221310449434185,NACA4412,0.3992122806226968,6.633691999672326,0.2575140532164943,20.0,0.0,1.225,0.32874068660040495,0.013300744174020334,24.715961926590346,analytic,converged,1,0.0,2.200016751885414e-06,d3c044325798,42,phase1
baseline_phase1_20260608T162505Z_d3c044325798,wing_000041,v20_a5,2026-06-08T16:25:05.727519+00:00,1.6273448657668501,0.3400661341913112,0.15056408073191208,0.44274941134599766,14.599235016936959,0.3221310449434185,NACA4412,0.3992122806226968,6.633691999672326,0.2575140532164943,20.0,5.0,1.225,0.7237605256597165,0.03677097768651551,19.682928526676918,analytic,converged,1,0.0,1.500011421740055e-06,d3c044325798,42,phase1
baseline_phase1_20260608T162505Z_d3c044325798,wing_000041,v20_a10,2026-06-08T16:25:05.727521+00:00,1.6273448657668501,0.3400661341913112,0.15056408073191208,0.44274941134599766,14.599235016936959,0.3221310449434185,NACA4412,0.3992122806226968,6.633691999672326,0.2575140532164943,20.0,10.0,1.225,1.118780364719028,0.0778586880376007,14.36937088098286,analytic,converged,1,0.0,2.400018274784088e-06,d3c044325798,42,phase1
baseline_phase1_20260608T162505Z_d3c044325798,wing_000041,v20_a15,2026-06-08T16:25:05.727524+00:00,1.6273448657668501,0.3400661341913112,0.15056408073191208,0.44274941134599766,14.599235016936959,0.3221310449434185,NACA4412,0.3992122806226968,6.633691999672326,0.2575140532164943,20.0,15.0,1.225,1.4,0.11784504492433064,11.880007351169942,analytic,stall_limited,1,0.0,1.6999547369778156e-06,d3c044325798,42,phase1
baseline_phase1_20260608T162505Z_d3c044325798,wing_000041,v25_a-5,2026-06-08T16:25:05.727526+00:00,1.6273448657668501,0.3400661341913112,0.15056408073191208,0.44274941134599766,14.599235016936959,0.3221310449434185,NACA4412,0.3992122806226968,6.633691999672326,0.2575140532164943,25.0,-5.0,1.225,-0.0662791524589066,0.00744798750011518,-8.898934438045394,analytic,converged,1,0.0,1.500011421740055e-06,d3c044325798,42,phase1
baseline_phase1_20260608T162505Z_d3c044325798,wing_000041,v25_a0,2026-06-08T16:25:05.727529+00:00,1.6273448657668501,0.3400661341913112,0.15056408073191208,0.44274941134599766,14.599235016936959,0.3221310449434185,NACA4412,0.3992122806226968,6.633691999672326,0.2575140532164943,25.0,0.0,1.225,0.32874068660040495,0.013300744174020334,24.715961926590346,analytic,converged,1,0.0,1.600012183189392e-06,d3c044325798,42,phase1
baseline_phase1_20260608T162505Z_d3c044325798,wing_000041,v25_a5,2026-06-08T16:25:05.727531+00:00,1.6273448657668501,0.3400661341913112,0.15056408073191208,0.44274941134599766,14.599235016936959,0.3221310449434185,NACA4412,0.3992122806226968,6.633691999672326,0.2575140532164943,25.0,5.0,1.225,0.7237605256597165,0.03677097768651551,19.682928526676918,analytic,converged,1,0.0,1.800013706088066e-06,d3c044325798,42,phase1
baseline_phase1_20260608T162505Z_d3c044325798,wing_000041,v25_a10,2026-06-08T16:25:05.727534+00:00,1.6273448657668501,0.3400661341913112,0.15056408073191208,0.44274941134599766,14.599235016936959,0.3221310449434185,NACA4412,0.3992122806226968,6.633691999672326,0.2575140532164943,25.0,10.0,1.225,1.118780364719028,0.0778586880376007,14.36937088098286,analytic,converged,1,0.0,2.100015990436077e-06,d3c044325798,42,phase1
baseline_phase1_20260608T162505Z_d3c044325798,wing_000041,v25_a15,2026-06-08T16:25:05.727536+00:00,1.6273448657668501,0.3400661341913112,0.15056408073191208,0.44274941134599766,14.599235016936959,0.3221310449434185,NACA4412,0.3992122806226968,6.633691999672326,0.2575140532164943,25.0,15.0,1.225,1.4,0.11784504492433064,11.880007351169942,analytic,stall_limited,1,0.0,1.6999547369778156e-06,d3c044325798,42,phase1
baseline_phase1_20260608T162505Z_d3c044325798,wing_000042,v15_a-5,2026-06-08T16:25:05.727538+00:00,1.2064865291422813,0.4098798763834691,0.2513592355344188,0.6132509791704338,7.705645772654356,3.0435010251138763,NACA2412,0.39888804053546856,3.649168681637518,0.33695331962634834,15.0,-5.0,1.225,-0.09801568450537637,0.008185889899057629,-11.973735991325766,analytic,converged,1,0.0,2.200016751885414e-06,d3c044325798,42,phase1
baseline_phase1_20260608T162505Z_d3c044325798,wing_000042,v15_a0,2026-06-08T16:25:05.727541+00:00,1.2064865291422813,0.4098798763834691,0.2513592355344188,0.6132509791704338,7.705645772654356,3.0435010251138763,NACA2412,0.39888804053546856,3.649168681637518,0.33695331962634834,15.0,0.0,1.225,0.23351050690536704,0.012795644507288699,18.249218065753077,analytic,converged,1,0.0,1.8999562598764896e-06,d3c044325798,42,phase1
baseline_phase1_20260608T162505Z_d3c044325798,wing_000042,v15_a5,2026-06-08T16:25:05.727543+00:00,1.2064865291422813,0.4098798763834691,0.2513592355344188,0.6132509791704338,7.705645772654356,3.0435010251138763,NACA2412,0.39888804053546856,3.649168681637518,0.33695331962634834,15.0,5.0,1.225,0.5650366983161104,0.03996352143392763,14.138811547182977,analytic,converged,1,0.0,2.500019036233425e-06,d3c044325798,42,phase1
baseline_phase1_20260608T162505Z_d3c044325798,wing_000042,v15_a10,2026-06-08T16:25:05.727546+00:00,1.2064865291422813,0.4098798763834691,0.2513592355344188,0.6132509791704338,7.705645772654356,3.0435010251138763,NACA2412,0.39888804053546856,3.649168681637518,0.33695331962634834,15.0,10.0,1.225,0.8965628897268538,0.08968952067897444,9.996294806122556,analytic,converged,1,0.0,1.700012944638729e-06,d3c044325798,42,phase1
baseline_phase1_20260608T162505Z_d3c044325798,wing_000042,v15_a15,2026-06-08T16:25:05.727548+00:00,1.2064865291422813,0.4098798763834691,0.2513592355344188,0.6132509791704338,7.705645772654356,3.0435010251138763,NACA2412,0.39888804053546856,3.649168681637518,0.33695331962634834,15.0,15.0,1.225,1.228089081137597,0.1619736422424291,7.582030410228673,analytic,converged,1,0.0,1.700012944638729e-06,d3c044325798,42,phase1
baseline_phase1_20260608T162505Z_d3c044325798,wing_000042,v20_a-5,2026-06-08T16:25:05.727551+00:00,1.2064865291422813,0.4098798763834691,0.2513592355344188,0.6132509791704338,7.705645772654356,3.0435010251138763,NACA2412,0.39888804053546856,3.649168681637518,0.33695331962634834,20.0,-5.0,1.225,-0.09801568450537637,0.008185889899057629,-11.973735991325766,analytic,converged,1,0.0,1.600012183189392e-06,d3c044325798,42,phase1
baseline_phase1_20260608T162505Z_d3c044325798,wing_000042,v20_a0,2026-06-08T16:25:05.727553+00:00,1.2064865291422813,0.4098798763834691,0.2513592355344188,0.6132509791704338,7.705645772654356,3.0435010251138763,NACA2412,0.39888804053546856,3.649168681637518,0.33695331962634834,20.0,0.0,1.225,0.23351050690536704,0.012795644507288699,18.249218065753077,analytic,converged,1,0.0,1.7999554984271526e-06,d3c044325798,42,phase1
baseline_phase1_20260608T162505Z_d3c044325798,wing_000042,v20_a5,2026-06-08T16:25:05.727555+00:00,1.2064865291422813,0.4098798763834691,0.2513592355344188,0.6132509791704338,7.705645772654356,3.0435010251138763,NACA2412,0.39888804053546856,3.649168681637518,0.33695331962634834,20.0,5.0,1.225,0.5650366983161104,0.03996352143392763,14.138811547182977,analytic,converged,1,0.0,1.800013706088066e-06,d3c044325798,42,phase1
baseline_phase1_20260608T162505Z_d3c044325798,wing_000042,v20_a10,2026-06-08T16:25:05.727558+00:00,1.2064865291422813,0.4098798763834691,0.2513592355344188,0.6132509791704338,7.705645772654356,3.0435010251138763,NACA2412,0.39888804053546856,3.649168681637518,0.33695331962634834,20.0,10.0,1.225,0.8965628897268538,0.08968952067897444,9.996294806122556,analytic,converged,1,0.0,1.6999547369778156e-06,d3c044325798,42,phase1
baseline_phase1_20260608T162505Z_d3c044325798,wing_000042,v20_a15,2026-06-08T16:25:05.727560+00:00,1.2064865291422813,0.4098798763834691,0.2513592355344188,0.6132509791704338,7.705645772654356,3.0435010251138763,NACA2412,0.39888804053546856,3.649168681637518,0.33695331962634834,20.0,15.0,1.225,1.228089081137597,0.1619736422424291,7.582030410228673,analytic,converged,1,0.0,1.9000144675374031e-06,d3c044325798,42,phase1
baseline_phase1_20260608T162505Z_d3c044325798,wing_000042,v25_a-5,2026-06-08T16:25:05.727563+00:00,1.2064865291422813,0.4098798763834691,0.2513592355344188,0.6132509791704338,7.705645772654356,3.0435010251138763,NACA2412,0.39888804053546856,3.649168681637518,0.33695331962634834,25.0,-5.0,1.225,-0.09801568450537637,0.008185889899057629,-11.973735991325766,analytic,converged,1,0.0,1.600012183189392e-06,d3c044325798,42,phase1
baseline_phase1_20260608T162505Z_d3c044325798,wing_000042,v25_a0,2026-06-08T16:25:05.727565+00:00,1.2064865291422813,0.4098798763834691,0.2513592355344188,0.6132509791704338,7.705645772654356,3.0435010251138763,NACA2412,0.39888804053546856,3.649168681637518,0.33695331962634834,25.0,0.0,1.225,0.23351050690536704,0.012795644507288699,18.249218065753077,analytic,converged,1,0.0,2.100015990436077e-06,d3c044325798,42,phase1
baseline_phase1_20260608T162505Z_d3c044325798,wing_000042,v25_a5,2026-06-08T16:25:05.727567+00:00,1.2064865291422813,0.4098798763834691,0.2513592355344188,0.6132509791704338,7.705645772654356,3.0435010251138763,NACA2412,0.39888804053546856,3.649168681637518,0.33695331962634834,25.0,5.0,1.225,0.5650366983161104,0.03996352143392763,14.138811547182977,analytic,converged,1,0.0,1.700012944638729e-06,d3c044325798,42,phase1
baseline_phase1_20260608T162505Z_d3c044325798,wing_000042,v25_a10,2026-06-08T16:25:05.727570+00:00,1.2064865291422813,0.4098798763834691,0.2513592355344188,0.6132509791704338,7.705645772654356,3.0435010251138763,NACA2412,0.39888804053546856,3.649168681637518,0.33695331962634834,25.0,10.0,1.225,0.8965628897268538,0.08968952067897444,9.996294806122556,analytic,converged,1,0.0,2.1999585442245007e-06,d3c044325798,42,phase1
baseline_phase1_20260608T162505Z_d3c044325798,wing_000042,v25_a15,2026-06-08T16:25:05.727572+00:00,1.2064865291422813,0.4098798763834691,0.2513592355344188,0.6132509791704338,7.705645772654356,3.0435010251138763,NACA2412,0.39888804053546856,3.649168681637518,0.33695331962634834,25.0,15.0,1.225,1.228089081137597,0.1619736422424291,7.582030410228673,analytic,converged,1,0.0,2.00001522898674e-06,d3c044325798,42,phase1
baseline_phase1_20260608T162505Z_d3c044325798,wing_000043,v15_a-5,2026-06-08T16:25:05.727574+00:00,1.5950710720310386,0.26908583346007464,0.12925031520738972,0.4803311773994491,25.08062308679217,-4.167242951505791,NACA4412,0.31768723384186376,8.008668444312455,0.20734959482022328,15.0,-5.0,1.225,-0.2419030417782806,0.009936235958543625,-24.345541187584363,analytic,converged,1,0.0,1.600012183189392e-06,d3c044325798,42,phase1
baseline_phase1_20260608T162505Z_d3c044325798,wing_000043,v15_a0,2026-06-08T16:25:05.727577+00:00,1.5950710720310386,0.26908583346007464,0.12925031520738972,0.4803311773994491,25.08062308679217,-4.167242951505791,NACA4412,0.31768723384186376,8.008668444312455,0.20734959482022328,15.0,0.0,1.225,0.15033550578731783,0.008256802941217044,18.20747168820751,analytic,converged,1,0.0,1.600012183189392e-06,d3c044325798,42,phase1
baseline_phase1_20260608T162505Z_d3c044325798,wing_000043,v15_a5,2026-06-08T16:25:05.727579+00:00,1.5950710720310386,0.26908583346007464,0.12925031520738972,0.4803311773994491,25.08062308679217,-4.167242951505791,NACA4412,0.31768723384186376,8.008668444312455,0.20734959482022328,15.0,5.0,1.225,0.5425740533529162,0.020965402982132914,25.879495558244567,analytic,converged,1,0.0,1.500011421740055e-06,d3c044325798,42,phase1
baseline_phase1_20260608T162505Z_d3c044325798,wing_000043,v15_a10,2026-06-08T16:25:05.727581+00:00,1.5950710720310386,0.26908583346007464,0.12925031520738972,0.4803311773994491,25.08062308679217,-4.167242951505791,NACA4412,0.31768723384186376,8.008668444312455,0.20734959482022328,15.0,10.0,1.225,0.9348126009185146,0.04806203608129123,19.450124820708595,analytic,converged,1,0.0,1.5999539755284786e-06,d3c044325798,42,phase1
baseline_phase1_20260608T162505Z_d3c044325798,wing_000043,v15_a15,2026-06-08T16:25:05.727584+00:00,1.5950710720310386,0.26908583346007464,0.12925031520738972,0.4803311773994491,25.08062308679217,-4.167242951505791,NACA4412,0.31768723384186376,8.008668444312455,0.20734959482022328,15.0,15.0,1.225,1.3270511484841132,0.08954670223869204,14.81965404986975,analytic,converged,1,0.0,1.700012944638729e-06,d3c044325798,42,phase1
baseline_phase1_20260608T162505Z_d3c044325798,wing_000043,v20_a-5,2026-06-08T16:25:05.727586+00:00,1.5950710720310386,0.26908583346007464,0.12925031520738972,0.4803311773994491,25.08062308679217,-4.167242951505791,NACA4412,0.31768723384186376,8.008668444312455,0.20734959482022328,20.0,-5.0,1.225,-0.2419030417782806,0.009936235958543625,-24.345541187584363,analytic,converged,1,0.0,1.700012944638729e-06,d3c044325798,42,phase1
baseline_phase1_20260608T162505Z_d3c044325798,wing_000043,v20_a0,2026-06-08T16:25:05.727590+00:00,1.5950710720310386,0.26908583346007464,0.12925031520738972,0.4803311773994491,25.08062308679217,-4.167242951505791,NACA4412,0.31768723384186376,8.008668444312455,0.20734959482022328,20.0,0.0,1.225,0.15033550578731783,0.008256802941217044,18.20747168820751,analytic,converged,1,0.0,1.600012183189392e-06,d3c044325798,42,phase1
baseline_phase1_20260608T162505Z_d3c044325798,wing_000043,v20_a5,2026-06-08T16:25:05.727592+00:00,1.5950710720310386,0.26908583346007464,0.12925031520738972,0.4803311773994491,25.08062308679217,-4.167242951505791,NACA4412,0.31768723384186376,8.008668444312455,0.20734959482022328,20.0,5.0,1.225,0.5425740533529162,0.020965402982132914,25.879495558244567,analytic,converged,1,0.0,1.700012944638729e-06,d3c044325798,42,phase1
baseline_phase1_20260608T162505Z_d3c044325798,wing_000043,v20_a10,2026-06-08T16:25:05.727594+00:00,1.5950710720310386,0.26908583346007464,0.12925031520738972,0.4803311773994491,25.08062308679217,-4.167242951505791,NACA4412,0.31768723384186376,8.008668444312455,0.20734959482022328,20.0,10.0,1.225,0.9348126009185146,0.04806203608129123,19.450124820708595,analytic,converged,1,0.0,1.6999547369778156e-06,d3c044325798,42,phase1
baseline_phase1_20260608T162505Z_d3c044325798,wing_000043,v20_a15,2026-06-08T16:25:05.727596+00:00,1.5950710720310386,0.26908583346007464,0.12925031520738972,0.4803311773994491,25.08062308679217,-4.167242951505791,NACA4412,0.31768723384186376,8.008668444312455,0.20734959482022328,20.0,15.0,1.225,1.3270511484841132,0.08954670223869204,14.81965404986975,analytic,converged,1,0.0,1.9000144675374031e-06,d3c044325798,42,phase1
baseline_phase1_20260608T162505Z_d3c044325798,wing_000043,v25_a-5,2026-06-08T16:25:05.727599+00:00,1.5950710720310386,0.26908583346007464,0.12925031520738972,0.4803311773994491,25.08062308679217,-4.167242951505791,NACA4412,0.31768723384186376,8.008668444312455,0.20734959482022328,25.0,-5.0,1.225,-0.2419030417782806,0.009936235958543625,-24.345541187584363,analytic,converged,1,0.0,1.700012944638729e-06,d3c044325798,42,phase1
baseline_phase1_20260608T162505Z_d3c044325798,wing_000043,v25_a0,2026-06-08T16:25:05.727601+00:00,1.5950710720310386,0.26908583346007464,0.12925031520738972,0.4803311773994491,25.08062308679217,-4.167242951505791,NACA4412,0.31768723384186376,8.008668444312455,0.20734959482022328,25.0,0.0,1.225,0.15033550578731783,0.008256802941217044,18.20747168820751,analytic,converged,1,0.0,2.800021320581436e-06,d3c044325798,42,phase1
baseline_phase1_20260608T162505Z_d3c044325798,wing_000043,v25_a5,2026-06-08T16:25:05.727603+00:00,1.5950710720310386,0.26908583346007464,0.12925031520738972,0.4803311773994491,25.08062308679217,-4.167242951505791,NACA4412,0.31768723384186376,8.008668444312455,0.20734959482022328,25.0,5.0,1.225,0.5425740533529162,0.020965402982132914,25.879495558244567,analytic,converged,1,0.0,1.700012944638729e-06,d3c044325798,42,phase1
baseline_phase1_20260608T162505Z_d3c044325798,wing_000043,v25_a10,2026-06-08T16:25:05.727605+00:00,1.5950710720310386,0.26908583346007464,0.12925031520738972,0.4803311773994491,25.08062308679217,-4.167242951505791,NACA4412,0.31768723384186376,8.008668444312455,0.20734959482022328,25.0,10.0,1.225,0.9348126009185146,0.04806203608129123,19.450124820708595,analytic,converged,1,0.0,1.5999539755284786e-06,d3c044325798,42,phase1
baseline_phase1_20260608T162505Z_d3c044325798,wing_000043,v25_a15,2026-06-08T16:25:05.727608+00:00,1.5950710720310386,0.26908583346007464,0.12925031520738972,0.4803311773994491,25.08062308679217,-4.167242951505791,NACA4412,0.31768723384186376,8.008668444312455,0.20734959482022328,25.0,15.0,1.225,1.3270511484841132,0.08954670223869204,14.81965404986975,analytic,converged,1,0.0,1.600012183189392e-06,d3c044325798,42,phase1
baseline_phase1_20260608T162505Z_d3c044325798,wing_000044,v15_a-5,2026-06-08T16:25:05.727610+00:00,1.409497937363411,0.3029905325727225,0.09981382963985602,0.3294288728836738,9.178314549077925,-0.426802855515767,NACA4412,0.2838759588498069,6.998424394518118,0.2184827527548176,15.0,-5.0,1.225,-0.09862613457362354,0.007720493069276911,-12.774590131567946,analytic,converged,1,0.0,1.8999562598764896e-06,d3c044325798,42,phase1
baseline_phase1_20260608T162505Z_d3c044325798,wing_000044,v15_a0,2026-06-08T16:25:05.727613+00:00,1.409497937363411,0.3029905325727225,0.09981382963985602,0.3294288728836738,9.178314549077925,-0.426802855515767,NACA4412,0.2838759588498069,6.998424394518118,0.2184827527548176,15.0,0.0,1.225,0.30777743607267266,0.01226879213053646,25.086205129079392,analytic,converged,1,0.0,1.700012944638729e-06,d3c044325798,42,phase1
baseline_phase1_20260608T162505Z_d3c044325798,wing_000044,v15_a5,2026-06-08T16:25:05.727615+00:00,1.409497937363411,0.3029905325727225,0.09981382963985602,0.3294288728836738,9.178314549077925,-0.426802855515767,NACA4412,0.2838759588498069,6.998424394518118,0.2184827527548176,15.0,5.0,1.225,0.7141810067189689,0.03449276392837215,20.705241487810046,analytic,converged,1,0.0,1.700012944638729e-06,d3c044325798,42,phase1
baseline_phase1_20260608T162505Z_d3c044325798,wing_000044,v15_a10,2026-06-08T16:25:05.727617+00:00,1.409497937363411,0.3029905325727225,0.09981382963985602,0.3294288728836738,9.178314549077925,-0.426802855515767,NACA4412,0.2838759588498069,6.998424394518118,0.2184827527548176,15.0,10.0,1.225,1.120584577365265,0.07439240846278396,15.0631576597746,analytic,converged,1,0.0,1.600012183189392e-06,d3c044325798,42,phase1
baseline_phase1_20260608T162505Z_d3c044325798,wing_000044,v15_a15,2026-06-08T16:25:05.727620+00:00,1.409497937363411,0.3029905325727225,0.09981382963985602,0.3294288728836738,9.178314549077925,-0.426802855515767,NACA4412,0.2838759588498069,6.998424394518118,0.2184827527548176,15.0,15.0,1.225,1.4,0.11207862809418209,12.491230699429597,analytic,stall_limited,1,0.0,2.700020559132099e-06,d3c044325798,42,phase1
baseline_phase1_20260608T162505Z_d3c044325798,wing_000044,v20_a-5,2026-06-08T16:25:05.727622+00:00,1.409497937363411,0.3029905325727225,0.09981382963985602,0.3294288728836738,9.178314549077925,-0.426802855515767,NACA4412,0.2838759588498069,6.998424394518118,0.2184827527548176,20.0,-5.0,1.225,-0.09862613457362354,0.007720493069276911,-12.774590131567946,analytic,converged,1,0.0,1.7999554984271526e-06,d3c044325798,42,phase1
baseline_phase1_20260608T162505Z_d3c044325798,wing_000044,v20_a0,2026-06-08T16:25:05.727624+00:00,1.409497937363411,0.3029905325727225,0.09981382963985602,0.3294288728836738,9.178314549077925,-0.426802855515767,NACA4412,0.2838759588498069,6.998424394518118,0.2184827527548176,20.0,0.0,1.225,0.30777743607267266,0.01226879213053646,25.086205129079392,analytic,converged,1,0.0,1.600012183189392e-06,d3c044325798,42,phase1
baseline_phase1_20260608T162505Z_d3c044325798,wing_000044,v20_a5,2026-06-08T16:25:05.727627+00:00,1.409497937363411,0.3029905325727225,0.09981382963985602,0.3294288728836738,9.178314549077925,-0.426802855515767,NACA4412,0.2838759588498069,6.998424394518118,0.2184827527548176,20.0,5.0,1.225,0.7141810067189689,0.03449276392837215,20.705241487810046,analytic,converged,1,0.0,1.600012183189392e-06,d3c044325798,42,phase1
baseline_phase1_20260608T162505Z_d3c044325798,wing_000044,v20_a10,2026-06-08T16:25:05.727629+00:00,1.409497937363411,0.3029905325727225,0.09981382963985602,0.3294288728836738,9.178314549077925,-0.426802855515767,NACA4412,0.2838759588498069,6.998424394518118,0.2184827527548176,20.0,10.0,1.225,1.120584577365265,0.07439240846278396,15.0631576597746,analytic,converged,1,0.0,1.700012944638729e-06,d3c044325798,42,phase1
baseline_phase1_20260608T162505Z_d3c044325798,wing_000044,v20_a15,2026-06-08T16:25:05.727631+00:00,1.409497937363411,0.3029905325727225,0.09981382963985602,0.3294288728836738,9.178314549077925,-0.426802855515767,NACA4412,0.2838759588498069,6.998424394518118,0.2184827527548176,20.0,15.0,1.225,1.4,0.11207862809418209,12.491230699429597,analytic,stall_limited,1,0.0,1.9000144675374031e-06,d3c044325798,42,phase1
baseline_phase1_20260608T162505Z_d3c044325798,wing_000044,v25_a-5,2026-06-08T16:25:05.727634+00:00,1.409497937363411,0.3029905325727225,0.09981382963985602,0.3294288728836738,9.178314549077925,-0.426802855515767,NACA4412,0.2838759588498069,6.998424394518118,0.2184827527548176,25.0,-5.0,1.225,-0.09862613457362354,0.007720493069276911,-12.774590131567946,analytic,converged,1,0.0,1.7999554984271526e-06,d3c044325798,42,phase1
baseline_phase1_20260608T162505Z_d3c044325798,wing_000044,v25_a0,2026-06-08T16:25:05.727636+00:00,1.409497937363411,0.3029905325727225,0.09981382963985602,0.3294288728836738,9.178314549077925,-0.426802855515767,NACA4412,0.2838759588498069,6.998424394518118,0.2184827527548176,25.0,0.0,1.225,0.30777743607267266,0.01226879213053646,25.086205129079392,analytic,converged,1,0.0,1.700012944638729e-06,d3c044325798,42,phase1
baseline_phase1_20260608T162505Z_d3c044325798,wing_000044,v25_a5,2026-06-08T16:25:05.727639+00:00,1.409497937363411,0.3029905325727225,0.09981382963985602,0.3294288728836738,9.178314549077925,-0.426802855515767,NACA4412,0.2838759588498069,6.998424394518118,0.2184827527548176,25.0,5.0,1.225,0.7141810067189689,0.03449276392837215,20.705241487810046,analytic,converged,1,0.0,1.600012183189392e-06,d3c044325798,42,phase1
baseline_phase1_20260608T162505Z_d3c044325798,wing_000044,v25_a10,2026-06-08T16:25:05.727642+00:00,1.409497937363411,0.3029905325727225,0.09981382963985602,0.3294288728836738,9.178314549077925,-0.426802855515767,NACA4412,0.2838759588498069,6.998424394518118,0.2184827527548176,25.0,10.0,1.225,1.120584577365265,0.07439240846278396,15.0631576597746,analytic,converged,1,0.0,1.9000144675374031e-06,d3c044325798,42,phase1
baseline_phase1_20260608T162505Z_d3c044325798,wing_000044,v25_a15,2026-06-08T16:25:05.727644+00:00,1.409497937363411,0.3029905325727225,0.09981382963985602,0.3294288728836738,9.178314549077925,-0.426802855515767,NACA4412,0.2838759588498069,6.998424394518118,0.2184827527548176,25.0,15.0,1.225,1.4,0.11207862809418209,12.491230699429597,analytic,stall_limited,1,0.0,1.600012183189392e-06,d3c044325798,42,phase1
baseline_phase1_20260608T162505Z_d3c044325798,wing_000045,v15_a-5,2026-06-08T16:25:05.727646+00:00,1.7781751768841374,0.43285708115171084,0.23848777640643787,0.5509619382265597,26.69595602734393,-1.9571180790095388,NACA2412,0.5968843804193585,5.297352491391119,0.34505147001792286,15.0,-5.0,1.225,-0.2790540437675608,0.012704894114062877,-21.9642951182631,analytic,converged,1,0.0,1.800013706088066e-06,d3c044325798,42,phase1
baseline_phase1_20260608T162505Z_d3c044325798,wing_000045,v15_a0,2026-06-08T16:25:05.727649+00:00,1.7781751768841374,0.43285708115171084,0.23848777640643787,0.5509619382265597,26.69595602734393,-1.9571180790095388,NACA2412,0.5968843804193585,5.297352491391119,0.34505147001792286,15.0,0.0,1.225,0.07164333309265039,0.00756284729876678,9.473063551651078,analytic,converged,1,0.0,1.500011421740055e-06,d3c044325798,42,phase1
baseline_phase1_20260608T162505Z_d3c044325798,wing_000045,v15_a5,2026-06-08T16:25:05.727651+00:00,1.7781751768841374,0.43285708115171084,0.23848777640643787,0.5509619382265597,26.69595602734393,-1.9571180790095388,NACA2412,0.5968843804193585,5.297352491391119,0.34505147001792286,15.0,5.0,1.225,0.42234070995286155,0.019809510294539097,21.320098461459118,analytic,converged,1,0.0,1.5999539755284786e-06,d3c044325798,42,phase1
baseline_phase1_20260608T162505Z_d3c044325798,wing_000045,v15_a10,2026-06-08T16:25:05.727654+00:00,1.7781751768841374,0.43285708115171084,0.23848777640643787,0.5509619382265597,26.69595602734393,-1.9571180790095388,NACA2412,0.5968843804193585,5.297352491391119,0.34505147001792286,15.0,10.0,1.225,0.7730380868130727,0.04944488310137984,15.634339456887094,analytic,converged,1,0.0,1.500011421740055e-06,d3c044325798,42,phase1
baseline_phase1_20260608T162505Z_d3c044325798,wing_000045,v15_a15,2026-06-08T16:25:05.727656+00:00,1.7781751768841374,0.43285708115171084,0.23848777640643787,0.5509619382265597,26.69595602734393,-1.9571180790095388,NACA2412,0.5968843804193585,5.297352491391119,0.34505147001792286,15.0,15.0,1.225,1.123735463673284,0.09646896571928898,11.648673283625689,analytic,converged,1,0.0,2.800021320581436e-06,d3c044325798,42,phase1
baseline_phase1_20260608T162505Z_d3c044325798,wing_000045,v20_a-5,2026-06-08T16:25:05.727658+00:00,1.7781751768841374,0.43285708115171084,0.23848777640643787,0.5509619382265597,26.69595602734393,-1.9571180790095388,NACA2412,0.5968843804193585,5.297352491391119,0.34505147001792286,20.0,-5.0,1.225,-0.2790540437675608,0.012704894114062877,-21.9642951182631,analytic,converged,1,0.0,1.500011421740055e-06,d3c044325798,42,phase1
baseline_phase1_20260608T162505Z_d3c044325798,wing_000045,v20_a0,2026-06-08T16:25:05.727661+00:00,1.7781751768841374,0.43285708115171084,0.23848777640643787,0.5509619382265597,26.69595602734393,-1.9571180790095388,NACA2412,0.5968843804193585,5.297352491391119,0.34505147001792286,20.0,0.0,1.225,0.07164333309265039,0.00756284729876678,9.473063551651078,analytic,converged,1,0.0,1.800013706088066e-06,d3c044325798,42,phase1
baseline_phase1_20260608T162505Z_d3c044325798,wing_000045,v20_a5,2026-06-08T16:25:05.727663+00:00,1.7781751768841374,0.43285708115171084,0.23848777640643787,0.5509619382265597,26.69595602734393,-1.9571180790095388,NACA2412,0.5968843804193585,5.297352491391119,0.34505147001792286,20.0,5.0,1.225,0.42234070995286155,0.019809510294539097,21.320098461459118,analytic,converged,1,0.0,1.7999554984271526e-06,d3c044325798,42,phase1
baseline_phase1_20260608T162505Z_d3c044325798,wing_000045,v20_a10,2026-06-08T16:25:05.727665+00:00,1.7781751768841374,0.43285708115171084,0.23848777640643787,0.5509619382265597,26.69595602734393,-1.9571180790095388,NACA2412,0.5968843804193585,5.297352491391119,0.34505147001792286,20.0,10.0,1.225,0.7730380868130727,0.04944488310137984,15.634339456887094,analytic,converged,1,0.0,1.400010660290718e-06,d3c044325798,42,phase1
baseline_phase1_20260608T162505Z_d3c044325798,wing_000045,v20_a15,2026-06-08T16:25:05.727669+00:00,1.7781751768841374,0.43285708115171084,0.23848777640643787,0.5509619382265597,26.69595602734393,-1.9571180790095388,NACA2412,0.5968843804193585,5.297352491391119,0.34505147001792286,20.0,15.0,1.225,1.123735463673284,0.09646896571928898,11.648673283625689,analytic,converged,1,0.0,1.600012183189392e-06,d3c044325798,42,phase1
baseline_phase1_20260608T162505Z_d3c044325798,wing_000045,v25_a-5,2026-06-08T16:25:05.727671+00:00,1.7781751768841374,0.43285708115171084,0.23848777640643787,0.5509619382265597,26.69595602734393,-1.9571180790095388,NACA2412,0.5968843804193585,5.297352491391119,0.34505147001792286,25.0,-5.0,1.225,-0.2790540437675608,0.012704894114062877,-21.9642951182631,analytic,converged,1,0.0,1.500011421740055e-06,d3c044325798,42,phase1
baseline_phase1_20260608T162505Z_d3c044325798,wing_000045,v25_a0,2026-06-08T16:25:05.727674+00:00,1.7781751768841374,0.43285708115171084,0.23848777640643787,0.5509619382265597,26.69595602734393,-1.9571180790095388,NACA2412,0.5968843804193585,5.297352491391119,0.34505147001792286,25.0,0.0,1.225,0.07164333309265039,0.00756284729876678,9.473063551651078,analytic,converged,1,0.0,1.600012183189392e-06,d3c044325798,42,phase1
baseline_phase1_20260608T162505Z_d3c044325798,wing_000045,v25_a5,2026-06-08T16:25:05.727676+00:00,1.7781751768841374,0.43285708115171084,0.23848777640643787,0.5509619382265597,26.69595602734393,-1.9571180790095388,NACA2412,0.5968843804193585,5.297352491391119,0.34505147001792286,25.0,5.0,1.225,0.42234070995286155,0.019809510294539097,21.320098461459118,analytic,converged,1,0.0,1.5999539755284786e-06,d3c044325798,42,phase1
baseline_phase1_20260608T162505Z_d3c044325798,wing_000045,v25_a10,2026-06-08T16:25:05.727679+00:00,1.7781751768841374,0.43285708115171084,0.23848777640643787,0.5509619382265597,26.69595602734393,-1.9571180790095388,NACA2412,0.5968843804193585,5.297352491391119,0.34505147001792286,25.0,10.0,1.225,0.7730380868130727,0.04944488310137984,15.634339456887094,analytic,converged,1,0.0,1.800013706088066e-06,d3c044325798,42,phase1
baseline_phase1_20260608T162505Z_d3c044325798,wing_000045,v25_a15,2026-06-08T16:25:05.727681+00:00,1.7781751768841374,0.43285708115171084,0.23848777640643787,0.5509619382265597,26.69595602734393,-1.9571180790095388,NACA2412,0.5968843804193585,5.297352491391119,0.34505147001792286,25.0,15.0,1.225,1.123735463673284,0.09646896571928898,11.648673283625689,analytic,converged,1,0.0,2.4999608285725117e-06,d3c044325798,42,phase1
baseline_phase1_20260608T162505Z_d3c044325798,wing_000046,v15_a-5,2026-06-08T16:25:05.727683+00:00,1.234619079100563,0.48637186206286986,0.22753672609728537,0.46782460879258947,7.759242681800293,-3.925224816687159,NACA2412,0.44070258183813693,3.4587595655134313,0.3725948650442538,15.0,-5.0,1.225,-0.32210905131944356,0.018433541287494724,-17.47407328281309,analytic,converged,1,0.0,1.700012944638729e-06,d3c044325798,42,phase1
baseline_phase1_20260608T162505Z_d3c044325798,wing_000046,v15_a0,2026-06-08T16:25:05.727686+00:00,1.234619079100563,0.48637186206286986,0.22753672609728537,0.46782460879258947,7.759242681800293,-3.925224816687159,NACA2412,0.44070258183813693,3.4587595655134313,0.3725948650442538,15.0,0.0,1.225,0.002426722195616331,0.007200637603882751,0.3370149046673014,analytic,converged,1,0.0,1.600012183189392e-06,d3c044325798,42,phase1
baseline_phase1_20260608T162505Z_d3c044325798,wing_000046,v15_a5,2026-06-08T16:25:05.727688+00:00,1.234619079100563,0.48637186206286986,0.22753672609728537,0.46782460879258947,7.759242681800293,-3.925224816687159,NACA2412,0.44070258183813693,3.4587595655134313,0.3725948650442538,15.0,5.0,1.225,0.3269624957106762,0.01877461909138776,17.415133384019466,analytic,converged,1,0.0,1.4999532140791416e-06,d3c044325798,42,phase1
baseline_phase1_20260608T162505Z_d3c044325798,wing_000046,v15_a10,2026-06-08T16:25:05.727690+00:00,1.234619079100563,0.48637186206286986,0.22753672609728537,0.46782460879258947,7.759242681800293,-3.925224816687159,NACA2412,0.44070258183813693,3.4587595655134313,0.3725948650442538,15.0,10.0,1.225,0.6514982692257362,0.053155485750009765,12.25646346813069,analytic,converged,1,0.0,1.500011421740055e-06,d3c044325798,42,phase1
baseline_phase1_20260608T162505Z_d3c044325798,wing_000046,v15_a15,2026-06-08T16:25:05.727693+00:00,1.234619079100563,0.48637186206286986,0.22753672609728537,0.46782460879258947,7.759242681800293,-3.925224816687159,NACA2412,0.44070258183813693,3.4587595655134313,0.3725948650442538,15.0,15.0,1.225,0.976034042740796,0.11034323757974873,8.845435970060093,analytic,converged,1,0.0,1.700012944638729e-06,d3c044325798,42,phase1
baseline_phase1_20260608T162505Z_d3c044325798,wing_000046,v20_a-5,2026-06-08T16:25:05.727695+00:00,1.234619079100563,0.48637186206286986,0.22753672609728537,0.46782460879258947,7.759242681800293,-3.925224816687159,NACA2412,0.44070258183813693,3.4587595655134313,0.3725948650442538,20.0,-5.0,1.225,-0.32210905131944356,0.018433541287494724,-17.47407328281309,analytic,converged,1,0.0,1.700012944638729e-06,d3c044325798,42,phase1
baseline_phase1_20260608T162505Z_d3c044325798,wing_000046,v20_a0,2026-06-08T16:25:05.727697+00:00,1.234619079100563,0.48637186206286986,0.22753672609728537,0.46782460879258947,7.759242681800293,-3.925224816687159,NACA2412,0.44070258183813693,3.4587595655134313,0.3725948650442538,20.0,0.0,1.225,0.002426722195616331,0.007200637603882751,0.3370149046673014,analytic,converged,1,0.0,2.600019797682762e-06,d3c044325798,42,phase1
baseline_phase1_20260608T162505Z_d3c044325798,wing_000046,v20_a5,2026-06-08T16:25:05.727700+00:00,1.234619079100563,0.48637186206286986,0.22753672609728537,0.46782460879258947,7.759242681800293,-3.925224816687159,NACA2412,0.44070258183813693,3.4587595655134313,0.3725948650442538,20.0,5.0,1.225,0.3269624957106762,0.01877461909138776,17.415133384019466,analytic,converged,1,0.0,1.600012183189392e-06,d3c044325798,42,phase1
baseline_phase1_20260608T162505Z_d3c044325798,wing_000046,v20_a10,2026-06-08T16:25:05.727702+00:00,1.234619079100563,0.48637186206286986,0.22753672609728537,0.46782460879258947,7.759242681800293,-3.925224816687159,NACA2412,0.44070258183813693,3.4587595655134313,0.3725948650442538,20.0,10.0,1.225,0.6514982692257362,0.053155485750009765,12.25646346813069,analytic,converged,1,0.0,1.600012183189392e-06,d3c044325798,42,phase1
baseline_phase1_20260608T162505Z_d3c044325798,wing_000046,v20_a15,2026-06-08T16:25:05.727705+00:00,1.234619079100563,0.48637186206286986,0.22753672609728537,0.46782460879258947,7.759242681800293,-3.925224816687159,NACA2412,0.44070258183813693,3.4587595655134313,0.3725948650442538,20.0,15.0,1.225,0.976034042740796,0.11034323757974873,8.845435970060093,analytic,converged,1,0.0,1.700012944638729e-06,d3c044325798,42,phase1
baseline_phase1_20260608T162505Z_d3c044325798,wing_000046,v25_a-5,2026-06-08T16:25:05.727707+00:00,1.234619079100563,0.48637186206286986,0.22753672609728537,0.46782460879258947,7.759242681800293,-3.925224816687159,NACA2412,0.44070258183813693,3.4587595655134313,0.3725948650442538,25.0,-5.0,1.225,-0.32210905131944356,0.018433541287494724,-17.47407328281309,analytic,converged,1,0.0,1.600012183189392e-06,d3c044325798,42,phase1
baseline_phase1_20260608T162505Z_d3c044325798,wing_000046,v25_a0,2026-06-08T16:25:05.727709+00:00,1.234619079100563,0.48637186206286986,0.22753672609728537,0.46782460879258947,7.759242681800293,-3.925224816687159,NACA2412,0.44070258183813693,3.4587595655134313,0.3725948650442538,25.0,0.0,1.225,0.002426722195616331,0.007200637603882751,0.3370149046673014,analytic,converged,1,0.0,2.00001522898674e-06,d3c044325798,42,phase1
baseline_phase1_20260608T162505Z_d3c044325798,wing_000046,v25_a5,2026-06-08T16:25:05.727712+00:00,1.234619079100563,0.48637186206286986,0.22753672609728537,0.46782460879258947,7.759242681800293,-3.925224816687159,NACA2412,0.44070258183813693,3.4587595655134313,0.3725948650442538,25.0,5.0,1.225,0.3269624957106762,0.01877461909138776,17.415133384019466,analytic,converged,1,0.0,1.500011421740055e-06,d3c044325798,42,phase1
baseline_phase1_20260608T162505Z_d3c044325798,wing_000046,v25_a10,2026-06-08T16:25:05.727714+00:00,1.234619079100563,0.48637186206286986,0.22753672609728537,0.46782460879258947,7.759242681800293,-3.925224816687159,NACA2412,0.44070258183813693,3.4587595655134313,0.3725948650442538,25.0,10.0,1.225,0.6514982692257362,0.053155485750009765,12.25646346813069,analytic,converged,1,0.0,2.00001522898674e-06,d3c044325798,42,phase1
baseline_phase1_20260608T162505Z_d3c044325798,wing_000046,v25_a15,2026-06-08T16:25:05.727716+00:00,1.234619079100563,0.48637186206286986,0.22753672609728537,0.46782460879258947,7.759242681800293,-3.925224816687159,NACA2412,0.44070258183813693,3.4587595655134313,0.3725948650442538,25.0,15.0,1.225,0.976034042740796,0.11034323757974873,8.845435970060093,analytic,converged,1,0.0,1.5999539755284786e-06,d3c044325798,42,phase1
baseline_phase1_20260608T162505Z_d3c044325798,wing_000047,v15_a-5,2026-06-08T16:25:05.727719+00:00,1.2932455946590358,0.251887984396334,0.16170064368734904,0.6419545738748722,11.214531326156207,-4.821356778212039,NACA4412,0.2674358356351487,6.253777337404781,0.21007203005877895,15.0,-5.0,1.225,-0.2679804554716634,0.011500263115624172,-23.302115158355562,analytic,converged,1,0.0,2.00001522898674e-06,d3c044325798,42,phase1
baseline_phase1_20260608T162505Z_d3c044325798,wing_000047,v15_a0,2026-06-08T16:25:05.727721+00:00,1.2932455946590358,0.251887984396334,0.16170064368734904,0.6419545738748722,11.214531326156207,-4.821356778212039,NACA4412,0.2674358356351487,6.253777337404781,0.21007203005877895,15.0,0.0,1.225,0.12487460868157733,0.00813376387431538,15.35262279691984,analytic,converged,1,0.0,1.8999562598764896e-06,d3c044325798,42,phase1
baseline_phase1_20260608T162505Z_d3c044325798,wing_000047,v15_a5,2026-06-08T16:25:05.727723+00:00,1.2932455946590358,0.251887984396334,0.16170064368734904,0.6419545738748722,11.214531326156207,-4.821356778212039,NACA4412,0.2674358356351487,6.253777337404781,0.21007203005877895,15.0,5.0,1.225,0.517729672834818,0.023250734107963404,22.26723983985929,analytic,converged,1,0.0,1.500011421740055e-06,d3c044325798,42,phase1
baseline_phase1_20260608T162505Z_d3c044325798,wing_000047,v15_a10,2026-06-08T16:25:05.727727+00:00,1.2932455946590358,0.251887984396334,0.16170064368734904,0.6419545738748722,11.214531326156207,-4.821356778212039,NACA4412,0.2674358356351487,6.253777337404781,0.21007203005877895,15.0,10.0,1.225,0.9105847369880588,0.05685117381656826,16.016990958288446,analytic,converged,1,0.0,2.300017513334751e-06,d3c044325798,42,phase1
baseline_phase1_20260608T162505Z_d3c044325798,wing_000047,v15_a15,2026-06-08T16:25:05.727729+00:00,1.2932455946590358,0.251887984396334,0.16170064368734904,0.6419545738748722,11.214531326156207,-4.821356778212039,NACA4412,0.2674358356351487,6.253777337404781,0.21007203005877895,15.0,15.0,1.225,1.3034398011412995,0.10893508300012995,11.965289466385633,analytic,converged,1,0.0,1.800013706088066e-06,d3c044325798,42,phase1
baseline_phase1_20260608T162505Z_d3c044325798,wing_000047,v20_a-5,2026-06-08T16:25:05.727731+00:00,1.2932455946590358,0.251887984396334,0.16170064368734904,0.6419545738748722,11.214531326156207,-4.821356778212039,NACA4412,0.2674358356351487,6.253777337404781,0.21007203005877895,20.0,-5.0,1.225,-0.2679804554716634,0.011500263115624172,-23.302115158355562,analytic,converged,1,0.0,1.600012183189392e-06,d3c044325798,42,phase1
baseline_phase1_20260608T162505Z_d3c044325798,wing_000047,v20_a0,2026-06-08T16:25:05.727734+00:00,1.2932455946590358,0.251887984396334,0.16170064368734904,0.6419545738748722,11.214531326156207,-4.821356778212039,NACA4412,0.2674358356351487,6.253777337404781,0.21007203005877895,20.0,0.0,1.225,0.12487460868157733,0.00813376387431538,15.35262279691984,analytic,converged,1,0.0,1.5999539755284786e-06,d3c044325798,42,phase1
baseline_phase1_20260608T162505Z_d3c044325798,wing_000047,v20_a5,2026-06-08T16:25:05.727736+00:00,1.2932455946590358,0.251887984396334,0.16170064368734904,0.6419545738748722,11.214531326156207,-4.821356778212039,NACA4412,0.2674358356351487,6.253777337404781,0.21007203005877895,20.0,5.0,1.225,0.517729672834818,0.023250734107963404,22.26723983985929,analytic,converged,1,0.0,1.600012183189392e-06,d3c044325798,42,phase1
baseline_phase1_20260608T162505Z_d3c044325798,wing_000047,v20_a10,2026-06-08T16:25:05.727738+00:00,1.2932455946590358,0.251887984396334,0.16170064368734904,0.6419545738748722,11.214531326156207,-4.821356778212039,NACA4412,0.2674358356351487,6.253777337404781,0.21007203005877895,20.0,10.0,1.225,0.9105847369880588,0.05685117381656826,16.016990958288446,analytic,converged,1,0.0,1.9000144675374031e-06,d3c044325798,42,phase1
baseline_phase1_20260608T162505Z_d3c044325798,wing_000047,v20_a15,2026-06-08T16:25:05.727741+00:00,1.2932455946590358,0.251887984396334,0.16170064368734904,0.6419545738748722,11.214531326156207,-4.821356778212039,NACA4412,0.2674358356351487,6.253777337404781,0.21007203005877895,20.0,15.0,1.225,1.3034398011412995,0.10893508300012995,11.965289466385633,analytic,converged,1,0.0,1.500011421740055e-06,d3c044325798,42,phase1
baseline_phase1_20260608T162505Z_d3c044325798,wing_000047,v25_a-5,2026-06-08T16:25:05.727744+00:00,1.2932455946590358,0.251887984396334,0.16170064368734904,0.6419545738748722,11.214531326156207,-4.821356778212039,NACA4412,0.2674358356351487,6.253777337404781,0.21007203005877895,25.0,-5.0,1.225,-0.2679804554716634,0.011500263115624172,-23.302115158355562,analytic,converged,1,0.0,1.600012183189392e-06,d3c044325798,42,phase1
baseline_phase1_20260608T162505Z_d3c044325798,wing_000047,v25_a0,2026-06-08T16:25:05.727746+00:00,1.2932455946590358,0.251887984396334,0.16170064368734904,0.6419545738748722,11.214531326156207,-4.821356778212039,NACA4412,0.2674358356351487,6.253777337404781,0.21007203005877895,25.0,0.0,1.225,0.12487460868157733,0.00813376387431538,15.35262279691984,analytic,converged,1,0.0,1.6999547369778156e-06,d3c044325798,42,phase1
baseline_phase1_20260608T162505Z_d3c044325798,wing_000047,v25_a5,2026-06-08T16:25:05.727749+00:00,1.2932455946590358,0.251887984396334,0.16170064368734904,0.6419545738748722,11.214531326156207,-4.821356778212039,NACA4412,0.2674358356351487,6.253777337404781,0.21007203005877895,25.0,5.0,1.225,0.517729672834818,0.023250734107963404,22.26723983985929,analytic,converged,1,0.0,2.200016751885414e-06,d3c044325798,42,phase1
baseline_phase1_20260608T162505Z_d3c044325798,wing_000047,v25_a10,2026-06-08T16:25:05.727751+00:00,1.2932455946590358,0.251887984396334,0.16170064368734904,0.6419545738748722,11.214531326156207,-4.821356778212039,NACA4412,0.2674358356351487,6.253777337404781,0.21007203005877895,25.0,10.0,1.225,0.9105847369880588,0.05685117381656826,16.016990958288446,analytic,converged,1,0.0,1.600012183189392e-06,d3c044325798,42,phase1
baseline_phase1_20260608T162505Z_d3c044325798,wing_000047,v25_a15,2026-06-08T16:25:05.727754+00:00,1.2932455946590358,0.251887984396334,0.16170064368734904,0.6419545738748722,11.214531326156207,-4.821356778212039,NACA4412,0.2674358356351487,6.253777337404781,0.21007203005877895,25.0,15.0,1.225,1.3034398011412995,0.10893508300012995,11.965289466385633,analytic,converged,1,0.0,1.500011421740055e-06,d3c044325798,42,phase1
baseline_phase1_20260608T162505Z_d3c044325798,wing_000048,v15_a-5,2026-06-08T16:25:05.727756+00:00,1.9654717857007697,0.3828991339115647,0.14343985645783736,0.37461525439482074,3.9374958844838175,-4.417352127005941,NACA2412,0.5172522176426444,7.468463563078757,0.2813265975489706,15.0,-5.0,1.225,-0.433572336200728,0.01662590512576436,-26.078119231466196,analytic,converged,1,0.0,1.600012183189392e-06,d3c044325798,42,phase1
baseline_phase1_20260608T162505Z_d3c044325798,wing_000048,v15_a0,2026-06-08T16:25:05.727758+00:00,1.9654717857007697,0.3828991339115647,0.14343985645783736,0.37461525439482074,3.9374958844838175,-4.417352127005941,NACA2412,0.5172522176426444,7.468463563078757,0.2813265975489706,15.0,0.0,1.225,-0.017370281288198758,0.0072151291189588565,-2.407480310027396,analytic,converged,1,0.0,2.7999631129205227e-06,d3c044325798,42,phase1
baseline_phase1_20260608T162505Z_d3c044325798,wing_000048,v15_a5,2026-06-08T16:25:05.727761+00:00,1.9654717857007697,0.3828991339115647,0.14343985645783736,0.37461525439482074,3.9374958844838175,-4.417352127005941,NACA2412,0.5172522176426444,7.468463563078757,0.2813265975489706,15.0,5.0,1.225,0.39883177362433053,0.015175895124148513,26.280609503533856,analytic,converged,1,0.0,1.700012944638729e-06,d3c044325798,42,phase1
baseline_phase1_20260608T162505Z_d3c044325798,wing_000048,v15_a10,2026-06-08T16:25:05.727763+00:00,1.9654717857007697,0.3828991339115647,0.14343985645783736,0.37461525439482074,3.9374958844838175,-4.417352127005941,NACA2412,0.5172522176426444,7.468463563078757,0.2813265975489706,15.0,10.0,1.225,0.8150338285368598,0.04050820314133333,20.1202167791349,analytic,converged,1,0.0,1.600012183189392e-06,d3c044325798,42,phase1
baseline_phase1_20260608T162505Z_d3c044325798,wing_000048,v15_a15,2026-06-08T16:25:05.727766+00:00,1.9654717857007697,0.3828991339115647,0.14343985645783736,0.37461525439482074,3.9374958844838175,-4.417352127005941,NACA2412,0.5172522176426444,7.468463563078757,0.2813265975489706,15.0,15.0,1.225,1.231235883449389,0.08321205317051329,14.796364667585022,analytic,converged,1,0.0,1.600012183189392e-06,d3c044325798,42,phase1
baseline_phase1_20260608T162505Z_d3c044325798,wing_000048,v20_a-5,2026-06-08T16:25:05.727768+00:00,1.9654717857007697,0.3828991339115647,0.14343985645783736,0.37461525439482074,3.9374958844838175,-4.417352127005941,NACA2412,0.5172522176426444,7.468463563078757,0.2813265975489706,20.0,-5.0,1.225,-0.433572336200728,0.01662590512576436,-26.078119231466196,analytic,converged,1,0.0,1.600012183189392e-06,d3c044325798,42,phase1
baseline_phase1_20260608T162505Z_d3c044325798,wing_000048,v20_a0,2026-06-08T16:25:05.727770+00:00,1.9654717857007697,0.3828991339115647,0.14343985645783736,0.37461525439482074,3.9374958844838175,-4.417352127005941,NACA2412,0.5172522176426444,7.468463563078757,0.2813265975489706,20.0,0.0,1.225,-0.017370281288198758,0.0072151291189588565,-2.407480310027396,analytic,converged,1,0.0,1.5999539755284786e-06,d3c044325798,42,phase1
baseline_phase1_20260608T162505Z_d3c044325798,wing_000048,v20_a5,2026-06-08T16:25:05.727773+00:00,1.9654717857007697,0.3828991339115647,0.14343985645783736,0.37461525439482074,3.9374958844838175,-4.417352127005941,NACA2412,0.5172522176426444,7.468463563078757,0.2813265975489706,20.0,5.0,1.225,0.39883177362433053,0.015175895124148513,26.280609503533856,analytic,converged,1,0.0,1.500011421740055e-06,d3c044325798,42,phase1
baseline_phase1_20260608T162505Z_d3c044325798,wing_000048,v20_a10,2026-06-08T16:25:05.727775+00:00,1.9654717857007697,0.3828991339115647,0.14343985645783736,0.37461525439482074,3.9374958844838175,-4.417352127005941,NACA2412,0.5172522176426444,7.468463563078757,0.2813265975489706,20.0,10.0,1.225,0.8150338285368598,0.04050820314133333,20.1202167791349,analytic,converged,1,0.0,2.5999615900218487e-06,d3c044325798,42,phase1
baseline_phase1_20260608T162505Z_d3c044325798,wing_000048,v20_a15,2026-06-08T16:25:05.727778+00:00,1.9654717857007697,0.3828991339115647,0.14343985645783736,0.37461525439482074,3.9374958844838175,-4.417352127005941,NACA2412,0.5172522176426444,7.468463563078757,0.2813265975489706,20.0,15.0,1.225,1.231235883449389,0.08321205317051329,14.796364667585022,analytic,converged,1,0.0,1.700012944638729e-06,d3c044325798,42,phase1
baseline_phase1_20260608T162505Z_d3c044325798,wing_000048,v25_a-5,2026-06-08T16:25:05.727780+00:00,1.9654717857007697,0.3828991339115647,0.14343985645783736,0.37461525439482074,3.9374958844838175,-4.417352127005941,NACA2412,0.5172522176426444,7.468463563078757,0.2813265975489706,25.0,-5.0,1.225,-0.433572336200728,0.01662590512576436,-26.078119231466196,analytic,converged,1,0.0,1.500011421740055e-06,d3c044325798,42,phase1
baseline_phase1_20260608T162505Z_d3c044325798,wing_000048,v25_a0,2026-06-08T16:25:05.727783+00:00,1.9654717857007697,0.3828991339115647,0.14343985645783736,0.37461525439482074,3.9374958844838175,-4.417352127005941,NACA2412,0.5172522176426444,7.468463563078757,0.2813265975489706,25.0,0.0,1.225,-0.017370281288198758,0.0072151291189588565,-2.407480310027396,analytic,converged,1,0.0,1.600012183189392e-06,d3c044325798,42,phase1
baseline_phase1_20260608T162505Z_d3c044325798,wing_000048,v25_a5,2026-06-08T16:25:05.727785+00:00,1.9654717857007697,0.3828991339115647,0.14343985645783736,0.37461525439482074,3.9374958844838175,-4.417352127005941,NACA2412,0.5172522176426444,7.468463563078757,0.2813265975489706,25.0,5.0,1.225,0.39883177362433053,0.015175895124148513,26.280609503533856,analytic,converged,1,0.0,1.700012944638729e-06,d3c044325798,42,phase1
baseline_phase1_20260608T162505Z_d3c044325798,wing_000048,v25_a10,2026-06-08T16:25:05.727787+00:00,1.9654717857007697,0.3828991339115647,0.14343985645783736,0.37461525439482074,3.9374958844838175,-4.417352127005941,NACA2412,0.5172522176426444,7.468463563078757,0.2813265975489706,25.0,10.0,1.225,0.8150338285368598,0.04050820314133333,20.1202167791349,analytic,converged,1,0.0,1.500011421740055e-06,d3c044325798,42,phase1
baseline_phase1_20260608T162505Z_d3c044325798,wing_000048,v25_a15,2026-06-08T16:25:05.727790+00:00,1.9654717857007697,0.3828991339115647,0.14343985645783736,0.37461525439482074,3.9374958844838175,-4.417352127005941,NACA2412,0.5172522176426444,7.468463563078757,0.2813265975489706,25.0,15.0,1.225,1.231235883449389,0.08321205317051329,14.796364667585022,analytic,converged,1,0.0,1.600012183189392e-06,d3c044325798,42,phase1
baseline_phase1_20260608T162505Z_d3c044325798,wing_000049,v15_a-5,2026-06-08T16:25:05.727793+00:00,1.3369762659906028,0.28010087947704165,0.0872854862477013,0.3116216072247485,14.074735912779726,4.968063014923111,NACA0012,0.2455934257112624,7.278311830397682,0.200559067271212,15.0,-5.0,1.225,-0.2037369003693636,0.00933569844896665,-21.8234234410083,analytic,converged,1,0.0,1.600012183189392e-06,d3c044325798,42,phase1
baseline_phase1_20260608T162505Z_d3c044325798,wing_000049,v15_a0,2026-06-08T16:25:05.727795+00:00,1.3369762659906028,0.28010087947704165,0.0872854862477013,0.3116216072247485,14.074735912779726,4.968063014923111,NACA0012,0.2455934257112624,7.278311830397682,0.200559067271212,15.0,0.0,1.225,0.20115072237627465,0.009281822683250989,21.671467904601357,analytic,converged,1,0.0,1.4999532140791416e-06,d3c044325798,42,phase1
baseline_phase1_20260608T162505Z_d3c044325798,wing_000049,v15_a5,2026-06-08T16:25:05.727797+00:00,1.3369762659906028,0.28010087947704165,0.0872854862477013,0.3116216072247485,14.074735912779726,4.968063014923111,NACA0012,0.2455934257112624,7.278311830397682,0.200559067271212,15.0,5.0,1.225,0.606038345121913,0.026097343194595626,23.22222383339828,analytic,converged,1,0.0,1.700012944638729e-06,d3c044325798,42,phase1
baseline_phase1_20260608T162505Z_d3c044325798,wing_000049,v15_a10,2026-06-08T16:25:05.727800+00:00,1.3369762659906028,0.28010087947704165,0.0872854862477013,0.3116216072247485,14.074735912779726,4.968063014923111,NACA0012,0.2455934257112624,7.278311830397682,0.200559067271212,15.0,10.0,1.225,1.010925967867551,0.059782259983000526,16.910133008605136,analytic,converged,1,0.0,1.500011421740055e-06,d3c044325798,42,phase1
baseline_phase1_20260608T162505Z_d3c044325798,wing_000049,v15_a15,2026-06-08T16:25:05.727802+00:00,1.3369762659906028,0.28010087947704165,0.0872854862477013,0.3116216072247485,14.074735912779726,4.968063014923111,NACA0012,0.2455934257112624,7.278311830397682,0.200559067271212,15.0,15.0,1.225,1.4,0.10804552110730502,12.957501483190542,analytic,stall_limited,1,0.0,1.700012944638729e-06,d3c044325798,42,phase1
baseline_phase1_20260608T162505Z_d3c044325798,wing_000049,v20_a-5,2026-06-08T16:25:05.727805+00:00,1.3369762659906028,0.28010087947704165,0.0872854862477013,0.3116216072247485,14.074735912779726,4.968063014923111,NACA0012,0.2455934257112624,7.278311830397682,0.200559067271212,20.0,-5.0,1.225,-0.2037369003693636,0.00933569844896665,-21.8234234410083,analytic,converged,1,0.0,1.600012183189392e-06,d3c044325798,42,phase1
baseline_phase1_20260608T162505Z_d3c044325798,wing_000049,v20_a0,2026-06-08T16:25:05.727807+00:00,1.3369762659906028,0.28010087947704165,0.0872854862477013,0.3116216072247485,14.074735912779726,4.968063014923111,NACA0012,0.2455934257112624,7.278311830397682,0.200559067271212,20.0,0.0,1.225,0.20115072237627465,0.009281822683250989,21.671467904601357,analytic,converged,1,0.0,1.500011421740055e-06,d3c044325798,42,phase1
baseline_phase1_20260608T162505Z_d3c044325798,wing_000049,v20_a5,2026-06-08T16:25:05.727809+00:00,1.3369762659906028,0.28010087947704165,0.0872854862477013,0.3116216072247485,14.074735912779726,4.968063014923111,NACA0012,0.2455934257112624,7.278311830397682,0.200559067271212,20.0,5.0,1.225,0.606038345121913,0.026097343194595626,23.22222383339828,analytic,converged,1,0.0,3.600027412176132e-06,d3c044325798,42,phase1
baseline_phase1_20260608T162505Z_d3c044325798,wing_000049,v20_a10,2026-06-08T16:25:05.727812+00:00,1.3369762659906028,0.28010087947704165,0.0872854862477013,0.3116216072247485,14.074735912779726,4.968063014923111,NACA0012,0.2455934257112624,7.278311830397682,0.200559067271212,20.0,10.0,1.225,1.010925967867551,0.059782259983000526,16.910133008605136,analytic,converged,1,0.0,1.7999554984271526e-06,d3c044325798,42,phase1
baseline_phase1_20260608T162505Z_d3c044325798,wing_000049,v20_a15,2026-06-08T16:25:05.727814+00:00,1.3369762659906028,0.28010087947704165,0.0872854862477013,0.3116216072247485,14.074735912779726,4.968063014923111,NACA0012,0.2455934257112624,7.278311830397682,0.200559067271212,20.0,15.0,1.225,1.4,0.10804552110730502,12.957501483190542,analytic,stall_limited,1,0.0,1.500011421740055e-06,d3c044325798,42,phase1
baseline_phase1_20260608T162505Z_d3c044325798,wing_000049,v25_a-5,2026-06-08T16:25:05.727816+00:00,1.3369762659906028,0.28010087947704165,0.0872854862477013,0.3116216072247485,14.074735912779726,4.968063014923111,NACA0012,0.2455934257112624,7.278311830397682,0.200559067271212,25.0,-5.0,1.225,-0.2037369003693636,0.00933569844896665,-21.8234234410083,analytic,converged,1,0.0,1.700012944638729e-06,d3c044325798,42,phase1
baseline_phase1_20260608T162505Z_d3c044325798,wing_000049,v25_a0,2026-06-08T16:25:05.727819+00:00,1.3369762659906028,0.28010087947704165,0.0872854862477013,0.3116216072247485,14.074735912779726,4.968063014923111,NACA0012,0.2455934257112624,7.278311830397682,0.200559067271212,25.0,0.0,1.225,0.20115072237627465,0.009281822683250989,21.671467904601357,analytic,converged,1,0.0,1.4999532140791416e-06,d3c044325798,42,phase1
baseline_phase1_20260608T162505Z_d3c044325798,wing_000049,v25_a5,2026-06-08T16:25:05.727821+00:00,1.3369762659906028,0.28010087947704165,0.0872854862477013,0.3116216072247485,14.074735912779726,4.968063014923111,NACA0012,0.2455934257112624,7.278311830397682,0.200559067271212,25.0,5.0,1.225,0.606038345121913,0.026097343194595626,23.22222383339828,analytic,converged,1,0.0,1.600012183189392e-06,d3c044325798,42,phase1
baseline_phase1_20260608T162505Z_d3c044325798,wing_000049,v25_a10,2026-06-08T16:25:05.727823+00:00,1.3369762659906028,0.28010087947704165,0.0872854862477013,0.3116216072247485,14.074735912779726,4.968063014923111,NACA0012,0.2455934257112624,7.278311830397682,0.200559067271212,25.0,10.0,1.225,1.010925967867551,0.059782259983000526,16.910133008605136,analytic,converged,1,0.0,1.500011421740055e-06,d3c044325798,42,phase1
baseline_phase1_20260608T162505Z_d3c044325798,wing_000049,v25_a15,2026-06-08T16:25:05.727825+00:00,1.3369762659906028,0.28010087947704165,0.0872854862477013,0.3116216072247485,14.074735912779726,4.968063014923111,NACA0012,0.2455934257112624,7.278311830397682,0.200559067271212,25.0,15.0,1.225,1.4,0.10804552110730502,12.957501483190542,analytic,stall_limited,1,0.0,1.400010660290718e-06,d3c044325798,42,phase1
baseline_phase1_20260608T162505Z_d3c044325798,wing_000050,v15_a-5,2026-06-08T16:25:05.727828+00:00,1.9514731065244937,0.2319105018985776,0.17772679563389351,0.7663594109749265,10.905474443343811,-2.048393967674933,NACA4412,0.39969808478199487,9.527809690570495,0.2060131501956148,15.0,-5.0,1.225,-0.17542864472406233,0.00840959266378733,-20.86054006866209,analytic,converged,1,0.0,1.500011421740055e-06,d3c044325798,42,phase1
baseline_phase1_20260608T162505Z_d3c044325798,wing_000050,v15_a0,2026-06-08T16:25:05.727830+00:00,1.9514731065244937,0.2319105018985776,0.17772679563389351,0.7663594109749265,10.905474443343811,-2.048393967674933,NACA4412,0.39969808478199487,9.527809690570495,0.2060131501956148,15.0,0.0,1.225,0.25790033986785527,0.00981421893883406,26.278233802933084,analytic,converged,1,0.0,1.500011421740055e-06,d3c044325798,42,phase1
baseline_phase1_20260608T162505Z_d3c044325798,wing_000050,v15_a5,2026-06-08T16:25:05.727833+00:00,1.9514731065244937,0.2319105018985776,0.17772679563389351,0.7663594109749265,10.905474443343811,-2.048393967674933,NACA4412,0.39969808478199487,9.527809690570495,0.2060131501956148,15.0,5.0,1.225,0.6912293244597728,0.025979431289767645,26.60679199440455,analytic,converged,1,0.0,1.800013706088066e-06,d3c044325798,42,phase1
baseline_phase1_20260608T162505Z_d3c044325798,wing_000050,v15_a10,2026-06-08T16:25:05.727835+00:00,1.9514731065244937,0.2319105018985776,0.17772679563389351,0.7663594109749265,10.905474443343811,-2.048393967674933,NACA4412,0.39969808478199487,9.527809690570495,0.2060131501956148,15.0,10.0,1.225,1.1245583090516904,0.05690522971658809,19.76195008178444,analytic,converged,1,0.0,2.300017513334751e-06,d3c044325798,42,phase1
baseline_phase1_20260608T162505Z_d3c044325798,wing_000050,v15_a15,2026-06-08T16:25:05.727837+00:00,1.9514731065244937,0.2319105018985776,0.17772679563389351,0.7663594109749265,10.905474443343811,-2.048393967674933,NACA4412,0.39969808478199487,9.527809690570495,0.2060131501956148,15.0,15.0,1.225,1.4,0.0842360841741339,16.619955850581825,analytic,stall_limited,1,0.0,1.500011421740055e-06,d3c044325798,42,phase1
baseline_phase1_20260608T162505Z_d3c044325798,wing_000050,v20_a-5,2026-06-08T16:25:05.727839+00:00,1.9514731065244937,0.2319105018985776,0.17772679563389351,0.7663594109749265,10.905474443343811,-2.048393967674933,NACA4412,0.39969808478199487,9.527809690570495,0.2060131501956148,20.0,-5.0,1.225,-0.17542864472406233,0.00840959266378733,-20.86054006866209,analytic,converged,1,0.0,1.500011421740055e-06,d3c044325798,42,phase1
baseline_phase1_20260608T162505Z_d3c044325798,wing_000050,v20_a0,2026-06-08T16:25:05.727842+00:00,1.9514731065244937,0.2319105018985776,0.17772679563389351,0.7663594109749265,10.905474443343811,-2.048393967674933,NACA4412,0.39969808478199487,9.527809690570495,0.2060131501956148,20.0,0.0,1.225,0.25790033986785527,0.00981421893883406,26.278233802933084,analytic,converged,1,0.0,1.3999524526298046e-06,d3c044325798,42,phase1
baseline_phase1_20260608T162505Z_d3c044325798,wing_000050,v20_a5,2026-06-08T16:25:05.727844+00:00,1.9514731065244937,0.2319105018985776,0.17772679563389351,0.7663594109749265,10.905474443343811,-2.048393967674933,NACA4412,0.39969808478199487,9.527809690570495,0.2060131501956148,20.0,5.0,1.225,0.6912293244597728,0.025979431289767645,26.60679199440455,analytic,converged,1,0.0,2.100015990436077e-06,d3c044325798,42,phase1
baseline_phase1_20260608T162505Z_d3c044325798,wing_000050,v20_a10,2026-06-08T16:25:05.727846+00:00,1.9514731065244937,0.2319105018985776,0.17772679563389351,0.7663594109749265,10.905474443343811,-2.048393967674933,NACA4412,0.39969808478199487,9.527809690570495,0.2060131501956148,20.0,10.0,1.225,1.1245583090516904,0.05690522971658809,19.76195008178444,analytic,converged,1,0.0,2.0999577827751637e-06,d3c044325798,42,phase1
baseline_phase1_20260608T162505Z_d3c044325798,wing_000050,v20_a15,2026-06-08T16:25:05.727848+00:00,1.9514731065244937,0.2319105018985776,0.17772679563389351,0.7663594109749265,10.905474443343811,-2.048393967674933,NACA4412,0.39969808478199487,9.527809690570495,0.2060131501956148,20.0,15.0,1.225,1.4,0.0842360841741339,16.619955850581825,analytic,stall_limited,1,0.0,2.700020559132099e-06,d3c044325798,42,phase1
baseline_phase1_20260608T162505Z_d3c044325798,wing_000050,v25_a-5,2026-06-08T16:25:05.727851+00:00,1.9514731065244937,0.2319105018985776,0.17772679563389351,0.7663594109749265,10.905474443343811,-2.048393967674933,NACA4412,0.39969808478199487,9.527809690570495,0.2060131501956148,25.0,-5.0,1.225,-0.17542864472406233,0.00840959266378733,-20.86054006866209,analytic,converged,1,0.0,1.400010660290718e-06,d3c044325798,42,phase1
baseline_phase1_20260608T162505Z_d3c044325798,wing_000050,v25_a0,2026-06-08T16:25:05.727853+00:00,1.9514731065244937,0.2319105018985776,0.17772679563389351,0.7663594109749265,10.905474443343811,-2.048393967674933,NACA4412,0.39969808478199487,9.527809690570495,0.2060131501956148,25.0,0.0,1.225,0.25790033986785527,0.00981421893883406,26.278233802933084,analytic,converged,1,0.0,1.500011421740055e-06,d3c044325798,42,phase1
baseline_phase1_20260608T162505Z_d3c044325798,wing_000050,v25_a5,2026-06-08T16:25:05.727856+00:00,1.9514731065244937,0.2319105018985776,0.17772679563389351,0.7663594109749265,10.905474443343811,-2.048393967674933,NACA4412,0.39969808478199487,9.527809690570495,0.2060131501956148,25.0,5.0,1.225,0.6912293244597728,0.025979431289767645,26.60679199440455,analytic,converged,1,0.0,1.600012183189392e-06,d3c044325798,42,phase1
baseline_phase1_20260608T162505Z_d3c044325798,wing_000050,v25_a10,2026-06-08T16:25:05.727858+00:00,1.9514731065244937,0.2319105018985776,0.17772679563389351,0.7663594109749265,10.905474443343811,-2.048393967674933,NACA4412,0.39969808478199487,9.527809690570495,0.2060131501956148,25.0,10.0,1.225,1.1245583090516904,0.05690522971658809,19.76195008178444,analytic,converged,1,0.0,1.9999570213258266e-06,d3c044325798,42,phase1
baseline_phase1_20260608T162505Z_d3c044325798,wing_000050,v25_a15,2026-06-08T16:25:05.727861+00:00,1.9514731065244937,0.2319105018985776,0.17772679563389351,0.7663594109749265,10.905474443343811,-2.048393967674933,NACA4412,0.39969808478199487,9.527809690570495,0.2060131501956148,25.0,15.0,1.225,1.4,0.0842360841741339,16.619955850581825,analytic,stall_limited,1,0.0,1.500011421740055e-06,d3c044325798,42,phase1
baseline_phase1_20260608T162505Z_d3c044325798,wing_000051,v15_a-5,2026-06-08T16:25:05.727863+00:00,1.5386226526666715,0.17368867813849986,0.0826044271157475,0.4755890136366775,11.628657335529088,-1.5754940030758835,NACA2412,0.19716918873323427,12.006742445453849,0.13354163909537237,15.0,-5.0,1.225,-0.3413302525010748,0.010833754401755205,-31.506183345431477,analytic,converged,1,0.0,1.500011421740055e-06,d3c044325798,42,phase1
baseline_phase1_20260608T162505Z_d3c044325798,wing_000051,v15_a0,2026-06-08T16:25:05.727865+00:00,1.5386226526666715,0.17368867813849986,0.0826044271157475,0.4755890136366775,11.628657335529088,-1.5754940030758835,NACA2412,0.19716918873323427,12.006742445453849,0.13354163909537237,15.0,0.0,1.225,0.10924135690483881,0.007572203265206438,14.42662763779633,analytic,converged,1,0.0,1.700012944638729e-06,d3c044325798,42,phase1
baseline_phase1_20260608T162505Z_d3c044325798,wing_000051,v15_a5,2026-06-08T16:25:05.727867+00:00,1.5386226526666715,0.17368867813849986,0.0826044271157475,0.4755890136366775,11.628657335529088,-1.5754940030758835,NACA2412,0.19716918873323427,12.006742445453849,0.13354163909537237,15.0,5.0,1.225,0.5598129663107525,0.016974440639341577,32.97975928663456,analytic,converged,1,0.0,1.400010660290718e-06,d3c044325798,42,phase1
baseline_phase1_20260608T162505Z_d3c044325798,wing_000051,v15_a10,2026-06-08T16:25:05.727870+00:00,1.5386226526666715,0.17368867813849986,0.0826044271157475,0.4755890136366775,11.628657335529088,-1.5754940030758835,NACA2412,0.19716918873323427,12.006742445453849,0.13354163909537237,15.0,10.0,1.225,1.010384575716666,0.039040466524160614,25.880443183008037,analytic,converged,1,0.0,1.2999516911804676e-06,d3c044325798,42,phase1
baseline_phase1_20260608T162505Z_d3c044325798,wing_000051,v15_a15,2026-06-08T16:25:05.727872+00:00,1.5386226526666715,0.17368867813849986,0.0826044271157475,0.4755890136366775,11.628657335529088,-1.5754940030758835,NACA2412,0.19716918873323427,12.006742445453849,0.13354163909537237,15.0,15.0,1.225,1.4,0.06833108136135863,20.48848008999464,analytic,stall_limited,1,0.0,1.400010660290718e-06,d3c044325798,42,phase1
baseline_phase1_20260608T162505Z_d3c044325798,wing_000051,v20_a-5,2026-06-08T16:25:05.727874+00:00,1.5386226526666715,0.17368867813849986,0.0826044271157475,0.4755890136366775,11.628657335529088,-1.5754940030758835,NACA2412,0.19716918873323427,12.006742445453849,0.13354163909537237,20.0,-5.0,1.225,-0.3413302525010748,0.010833754401755205,-31.506183345431477,analytic,converged,1,0.0,1.400010660290718e-06,d3c044325798,42,phase1
baseline_phase1_20260608T162505Z_d3c044325798,wing_000051,v20_a0,2026-06-08T16:25:05.727876+00:00,1.5386226526666715,0.17368867813849986,0.0826044271157475,0.4755890136366775,11.628657335529088,-1.5754940030758835,NACA2412,0.19716918873323427,12.006742445453849,0.13354163909537237,20.0,0.0,1.225,0.10924135690483881,0.007572203265206438,14.42662763779633,analytic,converged,1,0.0,1.3999524526298046e-06,d3c044325798,42,phase1
baseline_phase1_20260608T162505Z_d3c044325798,wing_000051,v20_a5,2026-06-08T16:25:05.727879+00:00,1.5386226526666715,0.17368867813849986,0.0826044271157475,0.4755890136366775,11.628657335529088,-1.5754940030758835,NACA2412,0.19716918873323427,12.006742445453849,0.13354163909537237,20.0,5.0,1.225,0.5598129663107525,0.016974440639341577,32.97975928663456,analytic,converged,1,0.0,1.400010660290718e-06,d3c044325798,42,phase1
baseline_phase1_20260608T162505Z_d3c044325798,wing_000051,v20_a10,2026-06-08T16:25:05.727881+00:00,1.5386226526666715,0.17368867813849986,0.0826044271157475,0.4755890136366775,11.628657335529088,-1.5754940030758835,NACA2412,0.19716918873323427,12.006742445453849,0.13354163909537237,20.0,10.0,1.225,1.010384575716666,0.039040466524160614,25.880443183008037,analytic,converged,1,0.0,1.500011421740055e-06,d3c044325798,42,phase1
baseline_phase1_20260608T162505Z_d3c044325798,wing_000051,v20_a15,2026-06-08T16:25:05.727883+00:00,1.5386226526666715,0.17368867813849986,0.0826044271157475,0.4755890136366775,11.628657335529088,-1.5754940030758835,NACA2412,0.19716918873323427,12.006742445453849,0.13354163909537237,20.0,15.0,1.225,1.4,0.06833108136135863,20.48848008999464,analytic,stall_limited,1,0.0,1.500011421740055e-06,d3c044325798,42,phase1
baseline_phase1_20260608T162505Z_d3c044325798,wing_000051,v25_a-5,2026-06-08T16:25:05.727885+00:00,1.5386226526666715,0.17368867813849986,0.0826044271157475,0.4755890136366775,11.628657335529088,-1.5754940030758835,NACA2412,0.19716918873323427,12.006742445453849,0.13354163909537237,25.0,-5.0,1.225,-0.3413302525010748,0.010833754401755205,-31.506183345431477,analytic,converged,1,0.0,1.400010660290718e-06,d3c044325798,42,phase1
baseline_phase1_20260608T162505Z_d3c044325798,wing_000051,v25_a0,2026-06-08T16:25:05.727888+00:00,1.5386226526666715,0.17368867813849986,0.0826044271157475,0.4755890136366775,11.628657335529088,-1.5754940030758835,NACA2412,0.19716918873323427,12.006742445453849,0.13354163909537237,25.0,0.0,1.225,0.10924135690483881,0.007572203265206438,14.42662763779633,analytic,converged,1,0.0,1.400010660290718e-06,d3c044325798,42,phase1
baseline_phase1_20260608T162505Z_d3c044325798,wing_000051,v25_a5,2026-06-08T16:25:05.727890+00:00,1.5386226526666715,0.17368867813849986,0.0826044271157475,0.4755890136366775,11.628657335529088,-1.5754940030758835,NACA2412,0.19716918873323427,12.006742445453849,0.13354163909537237,25.0,5.0,1.225,0.5598129663107525,0.016974440639341577,32.97975928663456,analytic,converged,1,0.0,1.400010660290718e-06,d3c044325798,42,phase1
baseline_phase1_20260608T162505Z_d3c044325798,wing_000051,v25_a10,2026-06-08T16:25:05.727892+00:00,1.5386226526666715,0.17368867813849986,0.0826044271157475,0.4755890136366775,11.628657335529088,-1.5754940030758835,NACA2412,0.19716918873323427,12.006742445453849,0.13354163909537237,25.0,10.0,1.225,1.010384575716666,0.039040466524160614,25.880443183008037,analytic,converged,1,0.0,1.500011421740055e-06,d3c044325798,42,phase1
baseline_phase1_20260608T162505Z_d3c044325798,wing_000051,v25_a15,2026-06-08T16:25:05.727896+00:00,1.5386226526666715,0.17368867813849986,0.0826044271157475,0.4755890136366775,11.628657335529088,-1.5754940030758835,NACA2412,0.19716918873323427,12.006742445453849,0.13354163909537237,25.0,15.0,1.225,1.4,0.06833108136135863,20.48848008999464,analytic,stall_limited,1,0.0,1.400010660290718e-06,d3c044325798,42,phase1
baseline_phase1_20260608T162505Z_d3c044325798,wing_000052,v15_a-5,2026-06-08T16:25:05.727898+00:00,1.6930581076658975,0.3867793703613232,0.07522170735806538,0.19448221162311333,1.4667003595654817,2.9321471779059234,NACA2412,0.3910973351915966,7.329238780236057,0.26601783717972444,15.0,-5.0,1.225,-0.12730332594241348,0.00802804098098064,-15.85733384321403,analytic,converged,1,0.0,1.500011421740055e-06,d3c044325798,42,phase1
baseline_phase1_20260608T162505Z_d3c044325798,wing_000052,v15_a0,2026-06-08T16:25:05.727900+00:00,1.6930581076658975,0.3867793703613232,0.07522170735806538,0.19448221162311333,1.4667003595654817,2.9321471779059234,NACA2412,0.3910973351915966,7.329238780236057,0.26601783717972444,15.0,0.0,1.225,0.28765571324486366,0.011427838010931632,25.171490265236365,analytic,converged,1,0.0,1.300009898841381e-06,d3c044325798,42,phase1
baseline_phase1_20260608T162505Z_d3c044325798,wing_000052,v15_a5,2026-06-08T16:25:05.727903+00:00,1.6930581076658975,0.3867793703613232,0.07522170735806538,0.19448221162311333,1.4667003595654817,2.9321471779059234,NACA2412,0.3910973351915966,7.329238780236057,0.26601783717972444,15.0,5.0,1.225,0.7026147524321409,0.03242358771378262,21.669864502177635,analytic,converged,1,0.0,1.300009898841381e-06,d3c044325798,42,phase1
baseline_phase1_20260608T162505Z_d3c044325798,wing_000052,v15_a10,2026-06-08T16:25:05.727905+00:00,1.6930581076658975,0.3867793703613232,0.07522170735806538,0.19448221162311333,1.4667003595654817,2.9321471779059234,NACA2412,0.3910973351915966,7.329238780236057,0.26601783717972444,15.0,10.0,1.225,1.117573791619418,0.07101529008953358,15.737086903544578,analytic,converged,1,0.0,1.400010660290718e-06,d3c044325798,42,phase1
baseline_phase1_20260608T162505Z_d3c044325798,wing_000052,v15_a15,2026-06-08T16:25:05.727908+00:00,1.6930581076658975,0.3867793703613232,0.07522170735806538,0.19448221162311333,1.4667003595654817,2.9321471779059234,NACA2412,0.3910973351915966,7.329238780236057,0.26601783717972444,15.0,15.0,1.225,1.4,0.10734479966148372,13.042084986091156,analytic,stall_limited,1,0.0,1.500011421740055e-06,d3c044325798,42,phase1
baseline_phase1_20260608T162505Z_d3c044325798,wing_000052,v20_a-5,2026-06-08T16:25:05.727910+00:00,1.6930581076658975,0.3867793703613232,0.07522170735806538,0.19448221162311333,1.4667003595654817,2.9321471779059234,NACA2412,0.3910973351915966,7.329238780236057,0.26601783717972444,20.0,-5.0,1.225,-0.12730332594241348,0.00802804098098064,-15.85733384321403,analytic,converged,1,0.0,1.400010660290718e-06,d3c044325798,42,phase1
baseline_phase1_20260608T162505Z_d3c044325798,wing_000052,v20_a0,2026-06-08T16:25:05.727912+00:00,1.6930581076658975,0.3867793703613232,0.07522170735806538,0.19448221162311333,1.4667003595654817,2.9321471779059234,NACA2412,0.3910973351915966,7.329238780236057,0.26601783717972444,20.0,0.0,1.225,0.28765571324486366,0.011427838010931632,25.171490265236365,analytic,converged,1,0.0,1.500011421740055e-06,d3c044325798,42,phase1
baseline_phase1_20260608T162505Z_d3c044325798,wing_000052,v20_a5,2026-06-08T16:25:05.727916+00:00,1.6930581076658975,0.3867793703613232,0.07522170735806538,0.19448221162311333,1.4667003595654817,2.9321471779059234,NACA2412,0.3910973351915966,7.329238780236057,0.26601783717972444,20.0,5.0,1.225,0.7026147524321409,0.03242358771378262,21.669864502177635,analytic,converged,1,0.0,2.300017513334751e-06,d3c044325798,42,phase1
baseline_phase1_20260608T162505Z_d3c044325798,wing_000052,v20_a10,2026-06-08T16:25:05.727918+00:00,1.6930581076658975,0.3867793703613232,0.07522170735806538,0.19448221162311333,1.4667003595654817,2.9321471779059234,NACA2412,0.3910973351915966,7.329238780236057,0.26601783717972444,20.0,10.0,1.225,1.117573791619418,0.07101529008953358,15.737086903544578,analytic,converged,1,0.0,1.4999532140791416e-06,d3c044325798,42,phase1
baseline_phase1_20260608T162505Z_d3c044325798,wing_000052,v20_a15,2026-06-08T16:25:05.727921+00:00,1.6930581076658975,0.3867793703613232,0.07522170735806538,0.19448221162311333,1.4667003595654817,2.9321471779059234,NACA2412,0.3910973351915966,7.329238780236057,0.26601783717972444,20.0,15.0,1.225,1.4,0.10734479966148372,13.042084986091156,analytic,stall_limited,1,0.0,1.600012183189392e-06,d3c044325798,42,phase1
baseline_phase1_20260608T162505Z_d3c044325798,wing_000052,v25_a-5,2026-06-08T16:25:05.727923+00:00,1.6930581076658975,0.3867793703613232,0.07522170735806538,0.19448221162311333,1.4667003595654817,2.9321471779059234,NACA2412,0.3910973351915966,7.329238780236057,0.26601783717972444,25.0,-5.0,1.225,-0.12730332594241348,0.00802804098098064,-15.85733384321403,analytic,converged,1,0.0,1.500011421740055e-06,d3c044325798,42,phase1
baseline_phase1_20260608T162505Z_d3c044325798,wing_000052,v25_a0,2026-06-08T16:25:05.727925+00:00,1.6930581076658975,0.3867793703613232,0.07522170735806538,0.19448221162311333,1.4667003595654817,2.9321471779059234,NACA2412,0.3910973351915966,7.329238780236057,0.26601783717972444,25.0,0.0,1.225,0.28765571324486366,0.011427838010931632,25.171490265236365,analytic,converged,1,0.0,2.3999600671231747e-06,d3c044325798,42,phase1
baseline_phase1_20260608T162505Z_d3c044325798,wing_000052,v25_a5,2026-06-08T16:25:05.727928+00:00,1.6930581076658975,0.3867793703613232,0.07522170735806538,0.19448221162311333,1.4667003595654817,2.9321471779059234,NACA2412,0.3910973351915966,7.329238780236057,0.26601783717972444,25.0,5.0,1.225,0.7026147524321409,0.03242358771378262,21.669864502177635,analytic,converged,1,0.0,1.500011421740055e-06,d3c044325798,42,phase1
baseline_phase1_20260608T162505Z_d3c044325798,wing_000052,v25_a10,2026-06-08T16:25:05.727931+00:00,1.6930581076658975,0.3867793703613232,0.07522170735806538,0.19448221162311333,1.4667003595654817,2.9321471779059234,NACA2412,0.3910973351915966,7.329238780236057,0.26601783717972444,25.0,10.0,1.225,1.117573791619418,0.07101529008953358,15.737086903544578,analytic,converged,1,0.0,1.400010660290718e-06,d3c044325798,42,phase1
baseline_phase1_20260608T162505Z_d3c044325798,wing_000052,v25_a15,2026-06-08T16:25:05.727933+00:00,1.6930581076658975,0.3867793703613232,0.07522170735806538,0.19448221162311333,1.4667003595654817,2.9321471779059234,NACA2412,0.3910973351915966,7.329238780236057,0.26601783717972444,25.0,15.0,1.225,1.4,0.10734479966148372,13.042084986091156,analytic,stall_limited,1,0.0,1.600012183189392e-06,d3c044325798,42,phase1
baseline_phase1_20260608T162505Z_d3c044325798,wing_000053,v15_a-5,2026-06-08T16:25:05.727935+00:00,1.9869341086647925,0.49985083561958643,0.27608390648904285,0.5523325896751279,23.63238551382127,4.248714050687562,NACA4412,0.7708656025968276,5.121394882423309,0.3987224934151724,15.0,-5.0,1.225,0.07949812243794332,0.007662122040084326,10.375470662311248,analytic,converged,1,0.0,1.400010660290718e-06,d3c044325798,42,phase1
baseline_phase1_20260608T162505Z_d3c044325798,wing_000053,v15_a0,2026-06-08T16:25:05.727937+00:00,1.9869341086647925,0.49985083561958643,0.27608390648904285,0.5523325896751279,23.63238551382127,4.248714050687562,NACA4412,0.7708656025968276,5.121394882423309,0.3987224934151724,15.0,0.0,1.225,0.43302516343115516,0.020911002403795793,20.708006008958797,analytic,converged,1,0.0,1.3999524526298046e-06,d3c044325798,42,phase1
baseline_phase1_20260608T162505Z_d3c044325798,wing_000053,v15_a5,2026-06-08T16:25:05.727940+00:00,1.9869341086647925,0.49985083561958643,0.27608390648904285,0.5523325896751279,23.63238551382127,4.248714050687562,NACA4412,0.7708656025968276,5.121394882423309,0.3987224934151724,15.0,5.0,1.225,0.7865522044243669,0.0524374424437022,14.999820124118825,analytic,converged,1,0.0,1.500011421740055e-06,d3c044325798,42,phase1
baseline_phase1_20260608T162505Z_d3c044325798,wing_000053,v15_a10,2026-06-08T16:25:05.727942+00:00,1.9869341086647925,0.49985083561958643,0.27608390648904285,0.5523325896751279,23.63238551382127,4.248714050687562,NACA4412,0.7708656025968276,5.121394882423309,0.3987224934151724,15.0,10.0,1.225,1.1400792454175788,0.10224144215980356,11.150852544075354,analytic,converged,1,0.0,1.400010660290718e-06,d3c044325798,42,phase1
baseline_phase1_20260608T162505Z_d3c044325798,wing_000053,v15_a15,2026-06-08T16:25:05.727945+00:00,1.9869341086647925,0.49985083561958643,0.27608390648904285,0.5523325896751279,23.63238551382127,4.248714050687562,NACA4412,0.7708656025968276,5.121394882423309,0.3987224934151724,15.0,15.0,1.225,1.4,0.15051742936616028,9.301248406217809,analytic,stall_limited,1,0.0,1.500011421740055e-06,d3c044325798,42,phase1
baseline_phase1_20260608T162505Z_d3c044325798,wing_000053,v20_a-5,2026-06-08T16:25:05.727947+00:00,1.9869341086647925,0.49985083561958643,0.27608390648904285,0.5523325896751279,23.63238551382127,4.248714050687562,NACA4412,0.7708656025968276,5.121394882423309,0.3987224934151724,20.0,-5.0,1.225,0.07949812243794332,0.007662122040084326,10.375470662311248,analytic,converged,1,0.0,1.500011421740055e-06,d3c044325798,42,phase1
baseline_phase1_20260608T162505Z_d3c044325798,wing_000053,v20_a0,2026-06-08T16:25:05.727950+00:00,1.9869341086647925,0.49985083561958643,0.27608390648904285,0.5523325896751279,23.63238551382127,4.248714050687562,NACA4412,0.7708656025968276,5.121394882423309,0.3987224934151724,20.0,0.0,1.225,0.43302516343115516,0.020911002403795793,20.708006008958797,analytic,converged,1,0.0,1.500011421740055e-06,d3c044325798,42,phase1
baseline_phase1_20260608T162505Z_d3c044325798,wing_000053,v20_a5,2026-06-08T16:25:05.727952+00:00,1.9869341086647925,0.49985083561958643,0.27608390648904285,0.5523325896751279,23.63238551382127,4.248714050687562,NACA4412,0.7708656025968276,5.121394882423309,0.3987224934151724,20.0,5.0,1.225,0.7865522044243669,0.0524374424437022,14.999820124118825,analytic,converged,1,0.0,1.400010660290718e-06,d3c044325798,42,phase1
baseline_phase1_20260608T162505Z_d3c044325798,wing_000053,v20_a10,2026-06-08T16:25:05.727955+00:00,1.9869341086647925,0.49985083561958643,0.27608390648904285,0.5523325896751279,23.63238551382127,4.248714050687562,NACA4412,0.7708656025968276,5.121394882423309,0.3987224934151724,20.0,10.0,1.225,1.1400792454175788,0.10224144215980356,11.150852544075354,analytic,converged,1,0.0,1.500011421740055e-06,d3c044325798,42,phase1
baseline_phase1_20260608T162505Z_d3c044325798,wing_000053,v20_a15,2026-06-08T16:25:05.727957+00:00,1.9869341086647925,0.49985083561958643,0.27608390648904285,0.5523325896751279,23.63238551382127,4.248714050687562,NACA4412,0.7708656025968276,5.121394882423309,0.3987224934151724,20.0,15.0,1.225,1.4,0.15051742936616028,9.301248406217809,analytic,stall_limited,1,0.0,1.500011421740055e-06,d3c044325798,42,phase1
baseline_phase1_20260608T162505Z_d3c044325798,wing_000053,v25_a-5,2026-06-08T16:25:05.727959+00:00,1.9869341086647925,0.49985083561958643,0.27608390648904285,0.5523325896751279,23.63238551382127,4.248714050687562,NACA4412,0.7708656025968276,5.121394882423309,0.3987224934151724,25.0,-5.0,1.225,0.07949812243794332,0.007662122040084326,10.375470662311248,analytic,converged,1,0.0,1.400010660290718e-06,d3c044325798,42,phase1
baseline_phase1_20260608T162505Z_d3c044325798,wing_000053,v25_a0,2026-06-08T16:25:05.727962+00:00,1.9869341086647925,0.49985083561958643,0.27608390648904285,0.5523325896751279,23.63238551382127,4.248714050687562,NACA4412,0.7708656025968276,5.121394882423309,0.3987224934151724,25.0,0.0,1.225,0.43302516343115516,0.020911002403795793,20.708006008958797,analytic,converged,1,0.0,2.400018274784088e-06,d3c044325798,42,phase1
baseline_phase1_20260608T162505Z_d3c044325798,wing_000053,v25_a5,2026-06-08T16:25:05.727964+00:00,1.9869341086647925,0.49985083561958643,0.27608390648904285,0.5523325896751279,23.63238551382127,4.248714050687562,NACA4412,0.7708656025968276,5.121394882423309,0.3987224934151724,25.0,5.0,1.225,0.7865522044243669,0.0524374424437022,14.999820124118825,analytic,converged,1,0.0,1.3999524526298046e-06,d3c044325798,42,phase1
baseline_phase1_20260608T162505Z_d3c044325798,wing_000053,v25_a10,2026-06-08T16:25:05.727966+00:00,1.9869341086647925,0.49985083561958643,0.27608390648904285,0.5523325896751279,23.63238551382127,4.248714050687562,NACA4412,0.7708656025968276,5.121394882423309,0.3987224934151724,25.0,10.0,1.225,1.1400792454175788,0.10224144215980356,11.150852544075354,analytic,converged,1,0.0,1.300009898841381e-06,d3c044325798,42,phase1
baseline_phase1_20260608T162505Z_d3c044325798,wing_000053,v25_a15,2026-06-08T16:25:05.727969+00:00,1.9869341086647925,0.49985083561958643,0.27608390648904285,0.5523325896751279,23.63238551382127,4.248714050687562,NACA4412,0.7708656025968276,5.121394882423309,0.3987224934151724,25.0,15.0,1.225,1.4,0.15051742936616028,9.301248406217809,analytic,stall_limited,1,0.0,1.400010660290718e-06,d3c044325798,42,phase1
baseline_phase1_20260608T162505Z_d3c044325798,wing_000054,v15_a-5,2026-06-08T16:25:05.727971+00:00,1.5786393115769364,0.1808001686423779,0.167884481468544,0.9285637437685078,16.749685842516694,4.712741521172038,NACA4412,0.27522364800427535,9.054825390648812,0.17442206041476974,15.0,-5.0,1.225,0.1140523332239953,0.007737971749493115,14.7393059727139,analytic,converged,1,0.0,1.3999524526298046e-06,d3c044325798,42,phase1
baseline_phase1_20260608T162505Z_d3c044325798,wing_000054,v15_a0,2026-06-08T16:25:05.727974+00:00,1.5786393115769364,0.1808001686423779,0.167884481468544,0.9285637437685078,16.749685842516694,4.712741521172038,NACA4412,0.27522364800427535,9.054825390648812,0.17442206041476974,15.0,0.0,1.225,0.5344843291729461,0.019014655820044524,28.10907198275517,analytic,converged,1,0.0,1.500011421740055e-06,d3c044325798,42,phase1
baseline_phase1_20260608T162505Z_d3c044325798,wing_000054,v15_a5,2026-06-08T16:25:05.727976+00:00,1.5786393115769364,0.1808001686423779,0.167884481468544,0.9285637437685078,16.749685842516694,4.712741521172038,NACA4412,0.27522364800427535,9.054825390648812,0.17442206041476974,15.0,5.0,1.225,0.954916325121897,0.044912190387914025,21.261851556874124,analytic,converged,1,0.0,1.600012183189392e-06,d3c044325798,42,phase1
baseline_phase1_20260608T162505Z_d3c044325798,wing_000054,v15_a10,2026-06-08T16:25:05.727978+00:00,1.5786393115769364,0.1808001686423779,0.167884481468544,0.9285637437685078,16.749685842516694,4.712741521172038,NACA4412,0.27522364800427535,9.054825390648812,0.17442206041476974,15.0,10.0,1.225,1.3753483210708477,0.0854305754531016,16.099017404206364,analytic,converged,1,0.0,1.400010660290718e-06,d3c044325798,42,phase1
baseline_phase1_20260608T162505Z_d3c044325798,wing_000054,v15_a15,2026-06-08T16:25:05.727980+00:00,1.5786393115769364,0.1808001686423779,0.167884481468544,0.9285637437685078,16.749685842516694,4.712741521172038,NACA4412,0.27522364800427535,9.054825390648812,0.17442206041476974,15.0,15.0,1.225,1.4,0.08826011078644604,15.862205332910094,analytic,stall_limited,1,0.0,1.700012944638729e-06,d3c044325798,42,phase1
baseline_phase1_20260608T162505Z_d3c044325798,wing_000054,v20_a-5,2026-06-08T16:25:05.727983+00:00,1.5786393115769364,0.1808001686423779,0.167884481468544,0.9285637437685078,16.749685842516694,4.712741521172038,NACA4412,0.27522364800427535,9.054825390648812,0.17442206041476974,20.0,-5.0,1.225,0.1140523332239953,0.007737971749493115,14.7393059727139,analytic,converged,1,0.0,1.4999532140791416e-06,d3c044325798,42,phase1
baseline_phase1_20260608T162505Z_d3c044325798,wing_000054,v20_a0,2026-06-08T16:25:05.727985+00:00,1.5786393115769364,0.1808001686423779,0.167884481468544,0.9285637437685078,16.749685842516694,4.712741521172038,NACA4412,0.27522364800427535,9.054825390648812,0.17442206041476974,20.0,0.0,1.225,0.5344843291729461,0.019014655820044524,28.10907198275517,analytic,converged,1,0.0,1.400010660290718e-06,d3c044325798,42,phase1
baseline_phase1_20260608T162505Z_d3c044325798,wing_000054,v20_a5,2026-06-08T16:25:05.727988+00:00,1.5786393115769364,0.1808001686423779,0.167884481468544,0.9285637437685078,16.749685842516694,4.712741521172038,NACA4412,0.27522364800427535,9.054825390648812,0.17442206041476974,20.0,5.0,1.225,0.954916325121897,0.044912190387914025,21.261851556874124,analytic,converged,1,0.0,1.400010660290718e-06,d3c044325798,42,phase1
baseline_phase1_20260608T162505Z_d3c044325798,wing_000054,v20_a10,2026-06-08T16:25:05.727990+00:00,1.5786393115769364,0.1808001686423779,0.167884481468544,0.9285637437685078,16.749685842516694,4.712741521172038,NACA4412,0.27522364800427535,9.054825390648812,0.17442206041476974,20.0,10.0,1.225,1.3753483210708477,0.0854305754531016,16.099017404206364,analytic,converged,1,0.0,1.3999524526298046e-06,d3c044325798,42,phase1
baseline_phase1_20260608T162505Z_d3c044325798,wing_000054,v20_a15,2026-06-08T16:25:05.727992+00:00,1.5786393115769364,0.1808001686423779,0.167884481468544,0.9285637437685078,16.749685842516694,4.712741521172038,NACA4412,0.27522364800427535,9.054825390648812,0.17442206041476974,20.0,15.0,1.225,1.4,0.08826011078644604,15.862205332910094,analytic,stall_limited,1,0.0,1.500011421740055e-06,d3c044325798,42,phase1
baseline_phase1_20260608T162505Z_d3c044325798,wing_000054,v25_a-5,2026-06-08T16:25:05.727995+00:00,1.5786393115769364,0.1808001686423779,0.167884481468544,0.9285637437685078,16.749685842516694,4.712741521172038,NACA4412,0.27522364800427535,9.054825390648812,0.17442206041476974,25.0,-5.0,1.225,0.1140523332239953,0.007737971749493115,14.7393059727139,analytic,converged,1,0.0,2.200016751885414e-06,d3c044325798,42,phase1
baseline_phase1_20260608T162505Z_d3c044325798,wing_000054,v25_a0,2026-06-08T16:25:05.727997+00:00,1.5786393115769364,0.1808001686423779,0.167884481468544,0.9285637437685078,16.749685842516694,4.712741521172038,NACA4412,0.27522364800427535,9.054825390648812,0.17442206041476974,25.0,0.0,1.225,0.5344843291729461,0.019014655820044524,28.10907198275517,analytic,converged,1,0.0,1.500011421740055e-06,d3c044325798,42,phase1
baseline_phase1_20260608T162505Z_d3c044325798,wing_000054,v25_a5,2026-06-08T16:25:05.727999+00:00,1.5786393115769364,0.1808001686423779,0.167884481468544,0.9285637437685078,16.749685842516694,4.712741521172038,NACA4412,0.27522364800427535,9.054825390648812,0.17442206041476974,25.0,5.0,1.225,0.954916325121897,0.044912190387914025,21.261851556874124,analytic,converged,1,0.0,1.500011421740055e-06,d3c044325798,42,phase1
baseline_phase1_20260608T162505Z_d3c044325798,wing_000054,v25_a10,2026-06-08T16:25:05.728002+00:00,1.5786393115769364,0.1808001686423779,0.167884481468544,0.9285637437685078,16.749685842516694,4.712741521172038,NACA4412,0.27522364800427535,9.054825390648812,0.17442206041476974,25.0,10.0,1.225,1.3753483210708477,0.0854305754531016,16.099017404206364,analytic,converged,1,0.0,2.1999585442245007e-06,d3c044325798,42,phase1
baseline_phase1_20260608T162505Z_d3c044325798,wing_000054,v25_a15,2026-06-08T16:25:05.728004+00:00,1.5786393115769364,0.1808001686423779,0.167884481468544,0.9285637437685078,16.749685842516694,4.712741521172038,NACA4412,0.27522364800427535,9.054825390648812,0.17442206041476974,25.0,15.0,1.225,1.4,0.08826011078644604,15.862205332910094,analytic,stall_limited,1,0.0,1.500011421740055e-06,d3c044325798,42,phase1
baseline_phase1_20260608T162505Z_d3c044325798,wing_000055,v15_a-5,2026-06-08T16:25:05.728006+00:00,1.8522155830121627,0.19590537001142033,0.0648137258562419,0.33084200730415697,29.738837357046954,-2.5503194583283957,NACA0012,0.24145398607746296,14.20851492943443,0.1413452022515026,15.0,-5.0,1.225,-0.5223999266099444,0.014392646695146404,-36.29630725154339,analytic,converged,1,0.0,1.300009898841381e-06,d3c044325798,42,phase1
baseline_phase1_20260608T162505Z_d3c044325798,wing_000055,v15_a0,2026-06-08T16:25:05.728008+00:00,1.8522155830121627,0.19590537001142033,0.0648137258562419,0.33084200730415697,29.738837357046954,-2.5503194583283957,NACA0012,0.24145398607746296,14.20851492943443,0.1413452022515026,15.0,0.0,1.225,-0.106155600443984,0.007497008128996498,-14.159728603387991,analytic,converged,1,0.0,1.3999524526298046e-06,d3c044325798,42,phase1
baseline_phase1_20260608T162505Z_d3c044325798,wing_000055,v15_a5,2026-06-08T16:25:05.728011+00:00,1.8522155830121627,0.19590537001142033,0.0648137258562419,0.33084200730415697,29.738837357046954,-2.5503194583283957,NACA0012,0.24145398607746296,14.20851492943443,0.1413452022515026,15.0,5.0,1.225,0.3100887257219763,0.009734279241977662,31.855334947118,analytic,converged,1,0.0,1.500011421740055e-06,d3c044325798,42,phase1
baseline_phase1_20260608T162505Z_d3c044325798,wing_000055,v15_a10,2026-06-08T16:25:05.728013+00:00,1.8522155830121627,0.19590537001142033,0.0648137258562419,0.33084200730415697,29.738837357046954,-2.5503194583283957,NACA0012,0.24145398607746296,14.20851492943443,0.1413452022515026,15.0,10.0,1.225,0.7263330518879366,0.021104460034089893,34.41609265125456,analytic,converged,1,0.0,1.500011421740055e-06,d3c044325798,42,phase1
baseline_phase1_20260608T162505Z_d3c044325798,wing_000055,v15_a15,2026-06-08T16:25:05.728016+00:00,1.8522155830121627,0.19590537001142033,0.0648137258562419,0.33084200730415697,29.738837357046954,-2.5503194583283957,NACA0012,0.24145398607746296,14.20851492943443,0.1413452022515026,15.0,15.0,1.225,1.142577378053897,0.04160755050533319,27.460818149038676,analytic,converged,1,0.0,1.400010660290718e-06,d3c044325798,42,phase1
baseline_phase1_20260608T162505Z_d3c044325798,wing_000055,v20_a-5,2026-06-08T16:25:05.728018+00:00,1.8522155830121627,0.19590537001142033,0.0648137258562419,0.33084200730415697,29.738837357046954,-2.5503194583283957,NACA0012,0.24145398607746296,14.20851492943443,0.1413452022515026,20.0,-5.0,1.225,-0.5223999266099444,0.014392646695146404,-36.29630725154339,analytic,converged,1,0.0,1.500011421740055e-06,d3c044325798,42,phase1
baseline_phase1_20260608T162505Z_d3c044325798,wing_000055,v20_a0,2026-06-08T16:25:05.728021+00:00,1.8522155830121627,0.19590537001142033,0.0648137258562419,0.33084200730415697,29.738837357046954,-2.5503194583283957,NACA0012,0.24145398607746296,14.20851492943443,0.1413452022515026,20.0,0.0,1.225,-0.106155600443984,0.007497008128996498,-14.159728603387991,analytic,converged,1,0.0,1.800013706088066e-06,d3c044325798,42,phase1
baseline_phase1_20260608T162505Z_d3c044325798,wing_000055,v20_a5,2026-06-08T16:25:05.728023+00:00,1.8522155830121627,0.19590537001142033,0.0648137258562419,0.33084200730415697,29.738837357046954,-2.5503194583283957,NACA0012,0.24145398607746296,14.20851492943443,0.1413452022515026,20.0,5.0,1.225,0.3100887257219763,0.009734279241977662,31.855334947118,analytic,converged,1,0.0,1.500011421740055e-06,d3c044325798,42,phase1
baseline_phase1_20260608T162505Z_d3c044325798,wing_000055,v20_a10,2026-06-08T16:25:05.728025+00:00,1.8522155830121627,0.19590537001142033,0.0648137258562419,0.33084200730415697,29.738837357046954,-2.5503194583283957,NACA0012,0.24145398607746296,14.20851492943443,0.1413452022515026,20.0,10.0,1.225,0.7263330518879366,0.021104460034089893,34.41609265125456,analytic,converged,1,0.0,1.500011421740055e-06,d3c044325798,42,phase1
baseline_phase1_20260608T162505Z_d3c044325798,wing_000055,v20_a15,2026-06-08T16:25:05.728028+00:00,1.8522155830121627,0.19590537001142033,0.0648137258562419,0.33084200730415697,29.738837357046954,-2.5503194583283957,NACA0012,0.24145398607746296,14.20851492943443,0.1413452022515026,20.0,15.0,1.225,1.142577378053897,0.04160755050533319,27.460818149038676,analytic,converged,1,0.0,1.5999539755284786e-06,d3c044325798,42,phase1
baseline_phase1_20260608T162505Z_d3c044325798,wing_000055,v25_a-5,2026-06-08T16:25:05.728030+00:00,1.8522155830121627,0.19590537001142033,0.0648137258562419,0.33084200730415697,29.738837357046954,-2.5503194583283957,NACA0012,0.24145398607746296,14.20851492943443,0.1413452022515026,25.0,-5.0,1.225,-0.5223999266099444,0.014392646695146404,-36.29630725154339,analytic,converged,1,0.0,1.400010660290718e-06,d3c044325798,42,phase1
baseline_phase1_20260608T162505Z_d3c044325798,wing_000055,v25_a0,2026-06-08T16:25:05.728032+00:00,1.8522155830121627,0.19590537001142033,0.0648137258562419,0.33084200730415697,29.738837357046954,-2.5503194583283957,NACA0012,0.24145398607746296,14.20851492943443,0.1413452022515026,25.0,0.0,1.225,-0.106155600443984,0.007497008128996498,-14.159728603387991,analytic,converged,1,0.0,1.500011421740055e-06,d3c044325798,42,phase1
baseline_phase1_20260608T162505Z_d3c044325798,wing_000055,v25_a5,2026-06-08T16:25:05.728036+00:00,1.8522155830121627,0.19590537001142033,0.0648137258562419,0.33084200730415697,29.738837357046954,-2.5503194583283957,NACA0012,0.24145398607746296,14.20851492943443,0.1413452022515026,25.0,5.0,1.225,0.3100887257219763,0.009734279241977662,31.855334947118,analytic,converged,1,0.0,1.4999532140791416e-06,d3c044325798,42,phase1
baseline_phase1_20260608T162505Z_d3c044325798,wing_000055,v25_a10,2026-06-08T16:25:05.728038+00:00,1.8522155830121627,0.19590537001142033,0.0648137258562419,0.33084200730415697,29.738837357046954,-2.5503194583283957,NACA0012,0.24145398607746296,14.20851492943443,0.1413452022515026,25.0,10.0,1.225,0.7263330518879366,0.021104460034089893,34.41609265125456,analytic,converged,1,0.0,1.400010660290718e-06,d3c044325798,42,phase1
baseline_phase1_20260608T162505Z_d3c044325798,wing_000055,v25_a15,2026-06-08T16:25:05.728041+00:00,1.8522155830121627,0.19590537001142033,0.0648137258562419,0.33084200730415697,29.738837357046954,-2.5503194583283957,NACA0012,0.24145398607746296,14.20851492943443,0.1413452022515026,25.0,15.0,1.225,1.142577378053897,0.04160755050533319,27.460818149038676,analytic,converged,1,0.0,1.500011421740055e-06,d3c044325798,42,phase1
baseline_phase1_20260608T162505Z_d3c044325798,wing_000056,v15_a-5,2026-06-08T16:25:05.728043+00:00,1.0563428308499196,0.47496592732506837,0.09536826654310879,0.2007897010217291,15.29689842048487,1.949508915216093,NACA2412,0.3012342184406086,3.704294226812832,0.32727526954011926,15.0,-5.0,1.225,-0.13283692167753744,0.008983870536528719,-14.786157162151666,analytic,converged,1,0.0,1.4999532140791416e-06,d3c044325798,42,phase1
baseline_phase1_20260608T162505Z_d3c044325798,wing_000056,v15_a0,2026-06-08T16:25:05.728046+00:00,1.0563428308499196,0.47496592732506837,0.09536826654310879,0.2007897010217291,15.29689842048487,1.949508915216093,NACA2412,0.3012342184406086,3.704294226812832,0.32727526954011926,15.0,0.0,1.225,0.19511571146502946,0.011048665887661985,17.65966257364291,analytic,converged,1,0.0,1.500011421740055e-06,d3c044325798,42,phase1
baseline_phase1_20260608T162505Z_d3c044325798,wing_000056,v15_a5,2026-06-08T16:25:05.728048+00:00,1.0563428308499196,0.47496592732506837,0.09536826654310879,0.2007897010217291,15.29689842048487,1.949508915216093,NACA2412,0.3012342184406086,3.704294226812832,0.32727526954011926,15.0,5.0,1.225,0.5230683446075963,0.03485939029795895,15.0050916019097,analytic,converged,1,0.0,1.400010660290718e-06,d3c044325798,42,phase1
baseline_phase1_20260608T162505Z_d3c044325798,wing_000056,v15_a10,2026-06-08T16:25:05.728052+00:00,1.0563428308499196,0.47496592732506837,0.09536826654310879,0.2007897010217291,15.29689842048487,1.949508915216093,NACA2412,0.3012342184406086,3.704294226812832,0.32727526954011926,15.0,10.0,1.225,0.8510209777501634,0.08041604376741965,10.58272625561508,analytic,converged,1,0.0,1.5999539755284786e-06,d3c044325798,42,phase1
baseline_phase1_20260608T162505Z_d3c044325798,wing_000056,v15_a15,2026-06-08T16:25:05.728054+00:00,1.0563428308499196,0.47496592732506837,0.09536826654310879,0.2007897010217291,15.29689842048487,1.949508915216093,NACA2412,0.3012342184406086,3.704294226812832,0.32727526954011926,15.0,15.0,1.225,1.1789736108927302,0.14771862629604404,7.981211580792392,analytic,converged,1,0.0,1.600012183189392e-06,d3c044325798,42,phase1
baseline_phase1_20260608T162505Z_d3c044325798,wing_000056,v20_a-5,2026-06-08T16:25:05.728057+00:00,1.0563428308499196,0.47496592732506837,0.09536826654310879,0.2007897010217291,15.29689842048487,1.949508915216093,NACA2412,0.3012342184406086,3.704294226812832,0.32727526954011926,20.0,-5.0,1.225,-0.13283692167753744,0.008983870536528719,-14.786157162151666,analytic,converged,1,0.0,1.5999539755284786e-06,d3c044325798,42,phase1
baseline_phase1_20260608T162505Z_d3c044325798,wing_000056,v20_a0,2026-06-08T16:25:05.728059+00:00,1.0563428308499196,0.47496592732506837,0.09536826654310879,0.2007897010217291,15.29689842048487,1.949508915216093,NACA2412,0.3012342184406086,3.704294226812832,0.32727526954011926,20.0,0.0,1.225,0.19511571146502946,0.011048665887661985,17.65966257364291,analytic,converged,1,0.0,1.500011421740055e-06,d3c044325798,42,phase1
baseline_phase1_20260608T162505Z_d3c044325798,wing_000056,v20_a5,2026-06-08T16:25:05.728062+00:00,1.0563428308499196,0.47496592732506837,0.09536826654310879,0.2007897010217291,15.29689842048487,1.949508915216093,NACA2412,0.3012342184406086,3.704294226812832,0.32727526954011926,20.0,5.0,1.225,0.5230683446075963,0.03485939029795895,15.0050916019097,analytic,converged,1,0.0,1.500011421740055e-06,d3c044325798,42,phase1
baseline_phase1_20260608T162505Z_d3c044325798,wing_000056,v20_a10,2026-06-08T16:25:05.728064+00:00,1.0563428308499196,0.47496592732506837,0.09536826654310879,0.2007897010217291,15.29689842048487,1.949508915216093,NACA2412,0.3012342184406086,3.704294226812832,0.32727526954011926,20.0,10.0,1.225,0.8510209777501634,0.08041604376741965,10.58272625561508,analytic,converged,1,0.0,1.4999532140791416e-06,d3c044325798,42,phase1
baseline_phase1_20260608T162505Z_d3c044325798,wing_000056,v20_a15,2026-06-08T16:25:05.728067+00:00,1.0563428308499196,0.47496592732506837,0.09536826654310879,0.2007897010217291,15.29689842048487,1.949508915216093,NACA2412,0.3012342184406086,3.704294226812832,0.32727526954011926,20.0,15.0,1.225,1.1789736108927302,0.14771862629604404,7.981211580792392,analytic,converged,1,0.0,1.400010660290718e-06,d3c044325798,42,phase1
baseline_phase1_20260608T162505Z_d3c044325798,wing_000056,v25_a-5,2026-06-08T16:25:05.728069+00:00,1.0563428308499196,0.47496592732506837,0.09536826654310879,0.2007897010217291,15.29689842048487,1.949508915216093,NACA2412,0.3012342184406086,3.704294226812832,0.32727526954011926,25.0,-5.0,1.225,-0.13283692167753744,0.008983870536528719,-14.786157162151666,analytic,converged,1,0.0,1.500011421740055e-06,d3c044325798,42,phase1
baseline_phase1_20260608T162505Z_d3c044325798,wing_000056,v25_a0,2026-06-08T16:25:05.728071+00:00,1.0563428308499196,0.47496592732506837,0.09536826654310879,0.2007897010217291,15.29689842048487,1.949508915216093,NACA2412,0.3012342184406086,3.704294226812832,0.32727526954011926,25.0,0.0,1.225,0.19511571146502946,0.011048665887661985,17.65966257364291,analytic,converged,1,0.0,1.3999524526298046e-06,d3c044325798,42,phase1
baseline_phase1_20260608T162505Z_d3c044325798,wing_000056,v25_a5,2026-06-08T16:25:05.728074+00:00,1.0563428308499196,0.47496592732506837,0.09536826654310879,0.2007897010217291,15.29689842048487,1.949508915216093,NACA2412,0.3012342184406086,3.704294226812832,0.32727526954011926,25.0,5.0,1.225,0.5230683446075963,0.03485939029795895,15.0050916019097,analytic,converged,1,0.0,1.400010660290718e-06,d3c044325798,42,phase1
baseline_phase1_20260608T162505Z_d3c044325798,wing_000056,v25_a10,2026-06-08T16:25:05.728125+00:00,1.0563428308499196,0.47496592732506837,0.09536826654310879,0.2007897010217291,15.29689842048487,1.949508915216093,NACA2412,0.3012342184406086,3.704294226812832,0.32727526954011926,25.0,10.0,1.225,0.8510209777501634,0.08041604376741965,10.58272625561508,analytic,converged,1,0.0,2.700020559132099e-06,d3c044325798,42,phase1
baseline_phase1_20260608T162505Z_d3c044325798,wing_000056,v25_a15,2026-06-08T16:25:05.728127+00:00,1.0563428308499196,0.47496592732506837,0.09536826654310879,0.2007897010217291,15.29689842048487,1.949508915216093,NACA2412,0.3012342184406086,3.704294226812832,0.32727526954011926,25.0,15.0,1.225,1.1789736108927302,0.14771862629604404,7.981211580792392,analytic,converged,1,0.0,1.400010660290718e-06,d3c044325798,42,phase1
baseline_phase1_20260608T162505Z_d3c044325798,wing_000057,v15_a-5,2026-06-08T16:25:05.728130+00:00,1.4926210839461331,0.2859257292089046,0.1971859024067611,0.6896402885893913,10.262240927455819,-2.620538263325866,NACA0012,0.36055130362457993,6.17919746189664,0.2442724953305824,15.0,-5.0,1.225,-0.4953312791729239,0.022069303815401738,-22.44435453497368,analytic,converged,1,0.0,2.400018274784088e-06,d3c044325798,42,phase1
baseline_phase1_20260608T162505Z_d3c044325798,wing_000057,v15_a0,2026-06-08T16:25:05.728132+00:00,1.4926210839461331,0.2859257292089046,0.1971859024067611,0.6896402885893913,10.262240927455819,-2.620538263325866,NACA0012,0.36055130362457993,6.17919746189664,0.2442724953305824,15.0,0.0,1.225,-0.10285096744778023,0.007841085405558734,-13.116929879996807,analytic,converged,1,0.0,1.4999532140791416e-06,d3c044325798,42,phase1
baseline_phase1_20260608T162505Z_d3c044325798,wing_000057,v15_a5,2026-06-08T16:25:05.728135+00:00,1.4926210839461331,0.2859257292089046,0.1971859024067611,0.6896402885893913,10.262240927455819,-2.620538263325866,NACA0012,0.36055130362457993,6.17919746189664,0.2442724953305824,15.0,5.0,1.225,0.28962934427736337,0.01228375075509117,23.578249840124972,analytic,converged,1,0.0,1.500011421740055e-06,d3c044325798,42,phase1
baseline_phase1_20260608T162505Z_d3c044325798,wing_000057,v15_a10,2026-06-08T16:25:05.728137+00:00,1.4926210839461331,0.2859257292089046,0.1971859024067611,0.6896402885893913,10.262240927455819,-2.620538263325866,NACA0012,0.36055130362457993,6.17919746189664,0.2442724953305824,15.0,10.0,1.225,0.682109656002507,0.03539729986399904,19.270104178094364,analytic,converged,1,0.0,1.500011421740055e-06,d3c044325798,42,phase1
baseline_phase1_20260608T162505Z_d3c044325798,wing_000057,v15_a15,2026-06-08T16:25:05.728139+00:00,1.4926210839461331,0.2859257292089046,0.1971859024067611,0.6896402885893913,10.262240927455819,-2.620538263325866,NACA0012,0.36055130362457993,6.17919746189664,0.2442724953305824,15.0,15.0,1.225,1.0745899677276507,0.07718173273228236,13.92285362982254,analytic,converged,1,0.0,1.500011421740055e-06,d3c044325798,42,phase1
baseline_phase1_20260608T162505Z_d3c044325798,wing_000057,v20_a-5,2026-06-08T16:25:05.728142+00:00,1.4926210839461331,0.2859257292089046,0.1971859024067611,0.6896402885893913,10.262240927455819,-2.620538263325866,NACA0012,0.36055130362457993,6.17919746189664,0.2442724953305824,20.0,-5.0,1.225,-0.4953312791729239,0.022069303815401738,-22.44435453497368,analytic,converged,1,0.0,1.400010660290718e-06,d3c044325798,42,phase1
baseline_phase1_20260608T162505Z_d3c044325798,wing_000057,v20_a0,2026-06-08T16:25:05.728145+00:00,1.4926210839461331,0.2859257292089046,0.1971859024067611,0.6896402885893913,10.262240927455819,-2.620538263325866,NACA0012,0.36055130362457993,6.17919746189664,0.2442724953305824,20.0,0.0,1.225,-0.10285096744778023,0.007841085405558734,-13.116929879996807,analytic,converged,1,0.0,1.5999539755284786e-06,d3c044325798,42,phase1
baseline_phase1_20260608T162505Z_d3c044325798,wing_000057,v20_a5,2026-06-08T16:25:05.728147+00:00,1.4926210839461331,0.2859257292089046,0.1971859024067611,0.6896402885893913,10.262240927455819,-2.620538263325866,NACA0012,0.36055130362457993,6.17919746189664,0.2442724953305824,20.0,5.0,1.225,0.28962934427736337,0.01228375075509117,23.578249840124972,analytic,converged,1,0.0,1.600012183189392e-06,d3c044325798,42,phase1
baseline_phase1_20260608T162505Z_d3c044325798,wing_000057,v20_a10,2026-06-08T16:25:05.728150+00:00,1.4926210839461331,0.2859257292089046,0.1971859024067611,0.6896402885893913,10.262240927455819,-2.620538263325866,NACA0012,0.36055130362457993,6.17919746189664,0.2442724953305824,20.0,10.0,1.225,0.682109656002507,0.03539729986399904,19.270104178094364,analytic,converged,1,0.0,1.500011421740055e-06,d3c044325798,42,phase1
baseline_phase1_20260608T162505Z_d3c044325798,wing_000057,v20_a15,2026-06-08T16:25:05.728152+00:00,1.4926210839461331,0.2859257292089046,0.1971859024067611,0.6896402885893913,10.262240927455819,-2.620538263325866,NACA0012,0.36055130362457993,6.17919746189664,0.2442724953305824,20.0,15.0,1.225,1.0745899677276507,0.07718173273228236,13.92285362982254,analytic,converged,1,0.0,1.4999532140791416e-06,d3c044325798,42,phase1
baseline_phase1_20260608T162505Z_d3c044325798,wing_000057,v25_a-5,2026-06-08T16:25:05.728155+00:00,1.4926210839461331,0.2859257292089046,0.1971859024067611,0.6896402885893913,10.262240927455819,-2.620538263325866,NACA0012,0.36055130362457993,6.17919746189664,0.2442724953305824,25.0,-5.0,1.225,-0.4953312791729239,0.022069303815401738,-22.44435453497368,analytic,converged,1,0.0,1.500011421740055e-06,d3c044325798,42,phase1
baseline_phase1_20260608T162505Z_d3c044325798,wing_000057,v25_a0,2026-06-08T16:25:05.728157+00:00,1.4926210839461331,0.2859257292089046,0.1971859024067611,0.6896402885893913,10.262240927455819,-2.620538263325866,NACA0012,0.36055130362457993,6.17919746189664,0.2442724953305824,25.0,0.0,1.225,-0.10285096744778023,0.007841085405558734,-13.116929879996807,analytic,converged,1,0.0,1.600012183189392e-06,d3c044325798,42,phase1
baseline_phase1_20260608T162505Z_d3c044325798,wing_000057,v25_a5,2026-06-08T16:25:05.728159+00:00,1.4926210839461331,0.2859257292089046,0.1971859024067611,0.6896402885893913,10.262240927455819,-2.620538263325866,NACA0012,0.36055130362457993,6.17919746189664,0.2442724953305824,25.0,5.0,1.225,0.28962934427736337,0.01228375075509117,23.578249840124972,analytic,converged,1,0.0,1.500011421740055e-06,d3c044325798,42,phase1
baseline_phase1_20260608T162505Z_d3c044325798,wing_000057,v25_a10,2026-06-08T16:25:05.728162+00:00,1.4926210839461331,0.2859257292089046,0.1971859024067611,0.6896402885893913,10.262240927455819,-2.620538263325866,NACA0012,0.36055130362457993,6.17919746189664,0.2442724953305824,25.0,10.0,1.225,0.682109656002507,0.03539729986399904,19.270104178094364,analytic,converged,1,0.0,1.400010660290718e-06,d3c044325798,42,phase1
baseline_phase1_20260608T162505Z_d3c044325798,wing_000057,v25_a15,2026-06-08T16:25:05.728164+00:00,1.4926210839461331,0.2859257292089046,0.1971859024067611,0.6896402885893913,10.262240927455819,-2.620538263325866,NACA0012,0.36055130362457993,6.17919746189664,0.2442724953305824,25.0,15.0,1.225,1.0745899677276507,0.07718173273228236,13.92285362982254,analytic,converged,1,0.0,1.6999547369778156e-06,d3c044325798,42,phase1
baseline_phase1_20260608T162505Z_d3c044325798,wing_000058,v15_a-5,2026-06-08T16:25:05.728167+00:00,1.6901168365388837,0.27696474463924725,0.2558071504624707,0.9236090708789135,15.221639390542967,4.331863890258711,NACA2412,0.45022337497307074,6.344617094399107,0.26652598365119406,15.0,-5.0,1.225,-0.06499776815603756,0.0074493576368131935,-8.725284960790706,analytic,converged,1,0.0,2.500019036233425e-06,d3c044325798,42,phase1
baseline_phase1_20260608T162505Z_d3c044325798,wing_000058,v15_a0,2026-06-08T16:25:05.728169+00:00,1.6901168365388837,0.27696474463924725,0.2558071504624707,0.9236090708789135,15.221639390542967,4.331863890258711,NACA2412,0.45022337497307074,6.344617094399107,0.26652598365119406,15.0,0.0,1.225,0.3246453057902369,0.013420768499202115,24.18977019159056,analytic,converged,1,0.0,1.400010660290718e-06,d3c044325798,42,phase1
baseline_phase1_20260608T162505Z_d3c044325798,wing_000058,v15_a5,2026-06-08T16:25:05.728171+00:00,1.6901168365388837,0.27696474463924725,0.2558071504624707,0.9236090708789135,15.221639390542967,4.331863890258711,NACA2412,0.45022337497307074,6.344617094399107,0.26652598365119406,15.0,5.0,1.225,0.7142883797365114,0.037314312615135355,19.14247723397116,analytic,converged,1,0.0,1.400010660290718e-06,d3c044325798,42,phase1
baseline_phase1_20260608T162505Z_d3c044325798,wing_000058,v15_a10,2026-06-08T16:25:05.728174+00:00,1.6901168365388837,0.27696474463924725,0.2558071504624707,0.9236090708789135,15.221639390542967,4.331863890258711,NACA2412,0.45022337497307074,6.344617094399107,0.26652598365119406,15.0,10.0,1.225,1.103931453682786,0.07912998998461294,13.950860525793681,analytic,converged,1,0.0,1.500011421740055e-06,d3c044325798,42,phase1
baseline_phase1_20260608T162505Z_d3c044325798,wing_000058,v15_a15,2026-06-08T16:25:05.728176+00:00,1.6901168365388837,0.27696474463924725,0.2558071504624707,0.9236090708789135,15.221639390542967,4.331863890258711,NACA2412,0.45022337497307074,6.344617094399107,0.26652598365119406,15.0,15.0,1.225,1.4,0.12288627994364919,11.39264693049529,analytic,stall_limited,1,0.0,1.500011421740055e-06,d3c044325798,42,phase1
baseline_phase1_20260608T162505Z_d3c044325798,wing_000058,v20_a-5,2026-06-08T16:25:05.728178+00:00,1.6901168365388837,0.27696474463924725,0.2558071504624707,0.9236090708789135,15.221639390542967,4.331863890258711,NACA2412,0.45022337497307074,6.344617094399107,0.26652598365119406,20.0,-5.0,1.225,-0.06499776815603756,0.0074493576368131935,-8.725284960790706,analytic,converged,1,0.0,1.500011421740055e-06,d3c044325798,42,phase1
baseline_phase1_20260608T162505Z_d3c044325798,wing_000058,v20_a0,2026-06-08T16:25:05.728180+00:00,1.6901168365388837,0.27696474463924725,0.2558071504624707,0.9236090708789135,15.221639390542967,4.331863890258711,NACA2412,0.45022337497307074,6.344617094399107,0.26652598365119406,20.0,0.0,1.225,0.3246453057902369,0.013420768499202115,24.18977019159056,analytic,converged,1,0.0,1.700012944638729e-06,d3c044325798,42,phase1
baseline_phase1_20260608T162505Z_d3c044325798,wing_000058,v20_a5,2026-06-08T16:25:05.728184+00:00,1.6901168365388837,0.27696474463924725,0.2558071504624707,0.9236090708789135,15.221639390542967,4.331863890258711,NACA2412,0.45022337497307074,6.344617094399107,0.26652598365119406,20.0,5.0,1.225,0.7142883797365114,0.037314312615135355,19.14247723397116,analytic,converged,1,0.0,1.4999532140791416e-06,d3c044325798,42,phase1
baseline_phase1_20260608T162505Z_d3c044325798,wing_000058,v20_a10,2026-06-08T16:25:05.728186+00:00,1.6901168365388837,0.27696474463924725,0.2558071504624707,0.9236090708789135,15.221639390542967,4.331863890258711,NACA2412,0.45022337497307074,6.344617094399107,0.26652598365119406,20.0,10.0,1.225,1.103931453682786,0.07912998998461294,13.950860525793681,analytic,converged,1,0.0,1.500011421740055e-06,d3c044325798,42,phase1
baseline_phase1_20260608T162505Z_d3c044325798,wing_000058,v20_a15,2026-06-08T16:25:05.728189+00:00,1.6901168365388837,0.27696474463924725,0.2558071504624707,0.9236090708789135,15.221639390542967,4.331863890258711,NACA2412,0.45022337497307074,6.344617094399107,0.26652598365119406,20.0,15.0,1.225,1.4,0.12288627994364919,11.39264693049529,analytic,stall_limited,1,0.0,1.600012183189392e-06,d3c044325798,42,phase1
baseline_phase1_20260608T162505Z_d3c044325798,wing_000058,v25_a-5,2026-06-08T16:25:05.728191+00:00,1.6901168365388837,0.27696474463924725,0.2558071504624707,0.9236090708789135,15.221639390542967,4.331863890258711,NACA2412,0.45022337497307074,6.344617094399107,0.26652598365119406,25.0,-5.0,1.225,-0.06499776815603756,0.0074493576368131935,-8.725284960790706,analytic,converged,1,0.0,1.4999532140791416e-06,d3c044325798,42,phase1
baseline_phase1_20260608T162505Z_d3c044325798,wing_000058,v25_a0,2026-06-08T16:25:05.728193+00:00,1.6901168365388837,0.27696474463924725,0.2558071504624707,0.9236090708789135,15.221639390542967,4.331863890258711,NACA2412,0.45022337497307074,6.344617094399107,0.26652598365119406,25.0,0.0,1.225,0.3246453057902369,0.013420768499202115,24.18977019159056,analytic,converged,1,0.0,1.600012183189392e-06,d3c044325798,42,phase1
baseline_phase1_20260608T162505Z_d3c044325798,wing_000058,v25_a5,2026-06-08T16:25:05.728196+00:00,1.6901168365388837,0.27696474463924725,0.2558071504624707,0.9236090708789135,15.221639390542967,4.331863890258711,NACA2412,0.45022337497307074,6.344617094399107,0.26652598365119406,25.0,5.0,1.225,0.7142883797365114,0.037314312615135355,19.14247723397116,analytic,converged,1,0.0,1.400010660290718e-06,d3c044325798,42,phase1
baseline_phase1_20260608T162505Z_d3c044325798,wing_000058,v25_a10,2026-06-08T16:25:05.728198+00:00,1.6901168365388837,0.27696474463924725,0.2558071504624707,0.9236090708789135,15.221639390542967,4.331863890258711,NACA2412,0.45022337497307074,6.344617094399107,0.26652598365119406,25.0,10.0,1.225,1.103931453682786,0.07912998998461294,13.950860525793681,analytic,converged,1,0.0,1.5999539755284786e-06,d3c044325798,42,phase1
baseline_phase1_20260608T162505Z_d3c044325798,wing_000058,v25_a15,2026-06-08T16:25:05.728201+00:00,1.6901168365388837,0.27696474463924725,0.2558071504624707,0.9236090708789135,15.221639390542967,4.331863890258711,NACA2412,0.45022337497307074,6.344617094399107,0.26652598365119406,25.0,15.0,1.225,1.4,0.12288627994364919,11.39264693049529,analytic,stall_limited,1,0.0,1.400010660290718e-06,d3c044325798,42,phase1
baseline_phase1_20260608T162505Z_d3c044325798,wing_000059,v15_a-5,2026-06-08T16:25:05.728203+00:00,1.1421984771342015,0.1902620298680316,0.10136722716526561,0.5327769667735351,12.723908720345923,-1.2375521536359875,NACA2412,0.16654924663560536,7.83322283061462,0.1503307997380323,15.0,-5.0,1.225,-0.29937885247045526,0.011484823718226577,-26.067344159173885,analytic,converged,1,0.0,2.6999623514711857e-06,d3c044325798,42,phase1
baseline_phase1_20260608T162505Z_d3c044325798,wing_000059,v15_a0,2026-06-08T16:25:05.728205+00:00,1.1421984771342015,0.1902620298680316,0.10136722716526561,0.5327769667735351,12.723908720345923,-1.2375521536359875,NACA2412,0.16654924663560536,7.83322283061462,0.1503307997380323,15.0,0.0,1.225,0.11426770387256725,0.007824220061059727,14.604357109185223,analytic,converged,1,0.0,2.700020559132099e-06,d3c044325798,42,phase1
baseline_phase1_20260608T162505Z_d3c044325798,wing_000059,v15_a5,2026-06-08T16:25:05.728208+00:00,1.1421984771342015,0.1902620298680316,0.10136722716526561,0.5327769667735351,12.723908720345923,-1.2375521536359875,NACA2412,0.16654924663560536,7.83322283061462,0.1503307997380323,15.0,5.0,1.225,0.5279142602155897,0.0205234748823575,25.722459926578917,analytic,converged,1,0.0,1.400010660290718e-06,d3c044325798,42,phase1
baseline_phase1_20260608T162505Z_d3c044325798,wing_000059,v15_a10,2026-06-08T16:25:05.728211+00:00,1.1421984771342015,0.1902620298680316,0.10136722716526561,0.5327769667735351,12.723908720345923,-1.2375521536359875,NACA2412,0.16654924663560536,7.83322283061462,0.1503307997380323,15.0,10.0,1.225,0.9415608165586122,0.0495825881821199,18.989747229414515,analytic,converged,1,0.0,1.500011421740055e-06,d3c044325798,42,phase1
baseline_phase1_20260608T162505Z_d3c044325798,wing_000059,v15_a15,2026-06-08T16:25:05.728213+00:00,1.1421984771342015,0.1902620298680316,0.10136722716526561,0.5327769667735351,12.723908720345923,-1.2375521536359875,NACA2412,0.16654924663560536,7.83322283061462,0.1503307997380323,15.0,15.0,1.225,1.3552073729016347,0.09500155996034693,14.265106525274849,analytic,converged,1,0.0,1.600012183189392e-06,d3c044325798,42,phase1
baseline_phase1_20260608T162505Z_d3c044325798,wing_000059,v20_a-5,2026-06-08T16:25:05.728215+00:00,1.1421984771342015,0.1902620298680316,0.10136722716526561,0.5327769667735351,12.723908720345923,-1.2375521536359875,NACA2412,0.16654924663560536,7.83322283061462,0.1503307997380323,20.0,-5.0,1.225,-0.29937885247045526,0.011484823718226577,-26.067344159173885,analytic,converged,1,0.0,1.3999524526298046e-06,d3c044325798,42,phase1
baseline_phase1_20260608T162505Z_d3c044325798,wing_000059,v20_a0,2026-06-08T16:25:05.728218+00:00,1.1421984771342015,0.1902620298680316,0.10136722716526561,0.5327769667735351,12.723908720345923,-1.2375521536359875,NACA2412,0.16654924663560536,7.83322283061462,0.1503307997380323,20.0,0.0,1.225,0.11426770387256725,0.007824220061059727,14.604357109185223,analytic,converged,1,0.0,1.400010660290718e-06,d3c044325798,42,phase1
baseline_phase1_20260608T162505Z_d3c044325798,wing_000059,v20_a5,2026-06-08T16:25:05.728220+00:00,1.1421984771342015,0.1902620298680316,0.10136722716526561,0.5327769667735351,12.723908720345923,-1.2375521536359875,NACA2412,0.16654924663560536,7.83322283061462,0.1503307997380323,20.0,5.0,1.225,0.5279142602155897,0.0205234748823575,25.722459926578917,analytic,converged,1,0.0,1.700012944638729e-06,d3c044325798,42,phase1
baseline_phase1_20260608T162505Z_d3c044325798,wing_000059,v20_a10,2026-06-08T16:25:05.728223+00:00,1.1421984771342015,0.1902620298680316,0.10136722716526561,0.5327769667735351,12.723908720345923,-1.2375521536359875,NACA2412,0.16654924663560536,7.83322283061462,0.1503307997380323,20.0,10.0,1.225,0.9415608165586122,0.0495825881821199,18.989747229414515,analytic,converged,1,0.0,1.700012944638729e-06,d3c044325798,42,phase1
baseline_phase1_20260608T162505Z_d3c044325798,wing_000059,v20_a15,2026-06-08T16:25:05.728225+00:00,1.1421984771342015,0.1902620298680316,0.10136722716526561,0.5327769667735351,12.723908720345923,-1.2375521536359875,NACA2412,0.16654924663560536,7.83322283061462,0.1503307997380323,20.0,15.0,1.225,1.3552073729016347,0.09500155996034693,14.265106525274849,analytic,converged,1,0.0,1.500011421740055e-06,d3c044325798,42,phase1
baseline_phase1_20260608T162505Z_d3c044325798,wing_000059,v25_a-5,2026-06-08T16:25:05.728227+00:00,1.1421984771342015,0.1902620298680316,0.10136722716526561,0.5327769667735351,12.723908720345923,-1.2375521536359875,NACA2412,0.16654924663560536,7.83322283061462,0.1503307997380323,25.0,-5.0,1.225,-0.29937885247045526,0.011484823718226577,-26.067344159173885,analytic,converged,1,0.0,1.500011421740055e-06,d3c044325798,42,phase1
baseline_phase1_20260608T162505Z_d3c044325798,wing_000059,v25_a0,2026-06-08T16:25:05.728230+00:00,1.1421984771342015,0.1902620298680316,0.10136722716526561,0.5327769667735351,12.723908720345923,-1.2375521536359875,NACA2412,0.16654924663560536,7.83322283061462,0.1503307997380323,25.0,0.0,1.225,0.11426770387256725,0.007824220061059727,14.604357109185223,analytic,converged,1,0.0,1.600012183189392e-06,d3c044325798,42,phase1
baseline_phase1_20260608T162505Z_d3c044325798,wing_000059,v25_a5,2026-06-08T16:25:05.728232+00:00,1.1421984771342015,0.1902620298680316,0.10136722716526561,0.5327769667735351,12.723908720345923,-1.2375521536359875,NACA2412,0.16654924663560536,7.83322283061462,0.1503307997380323,25.0,5.0,1.225,0.5279142602155897,0.0205234748823575,25.722459926578917,analytic,converged,1,0.0,1.500011421740055e-06,d3c044325798,42,phase1
baseline_phase1_20260608T162505Z_d3c044325798,wing_000059,v25_a10,2026-06-08T16:25:05.728235+00:00,1.1421984771342015,0.1902620298680316,0.10136722716526561,0.5327769667735351,12.723908720345923,-1.2375521536359875,NACA2412,0.16654924663560536,7.83322283061462,0.1503307997380323,25.0,10.0,1.225,0.9415608165586122,0.0495825881821199,18.989747229414515,analytic,converged,1,0.0,1.4999532140791416e-06,d3c044325798,42,phase1
baseline_phase1_20260608T162505Z_d3c044325798,wing_000059,v25_a15,2026-06-08T16:25:05.728237+00:00,1.1421984771342015,0.1902620298680316,0.10136722716526561,0.5327769667735351,12.723908720345923,-1.2375521536359875,NACA2412,0.16654924663560536,7.83322283061462,0.1503307997380323,25.0,15.0,1.225,1.3552073729016347,0.09500155996034693,14.265106525274849,analytic,converged,1,0.0,1.400010660290718e-06,d3c044325798,42,phase1
baseline_phase1_20260608T162505Z_d3c044325798,wing_000060,v15_a-5,2026-06-08T16:25:05.728239+00:00,1.0787532161491298,0.46832432453194894,0.12645441829995552,0.27001462806002263,24.810343015406666,-1.276451533482565,NACA2412,0.32080974086352654,3.627410122335208,0.3301396543840909,15.0,-5.0,1.225,-0.227942133199396,0.01256393810246452,-18.142570533253682,analytic,converged,1,0.0,1.500011421740055e-06,d3c044325798,42,phase1
baseline_phase1_20260608T162505Z_d3c044325798,wing_000060,v15_a0,2026-06-08T16:25:05.728242+00:00,1.0787532161491298,0.46832432453194894,0.12645441829995552,0.27001462806002263,24.810343015406666,-1.276451533482565,NACA2412,0.32080974086352654,3.627410122335208,0.3301396543840909,15.0,0.0,1.225,0.08531788392642571,0.007951475267868265,10.729818184959134,analytic,converged,1,0.0,1.6999547369778156e-06,d3c044325798,42,phase1
baseline_phase1_20260608T162505Z_d3c044325798,wing_000060,v15_a5,2026-06-08T16:25:05.728244+00:00,1.0787532161491298,0.46832432453194894,0.12645441829995552,0.27001462806002263,24.810343015406666,-1.276451533482565,NACA2412,0.32080974086352654,3.627410122335208,0.3301396543840909,15.0,5.0,1.225,0.39857790105224744,0.02360064667742396,16.888431342583562,analytic,converged,1,0.0,1.800013706088066e-06,d3c044325798,42,phase1
baseline_phase1_20260608T162505Z_d3c044325798,wing_000060,v15_a10,2026-06-08T16:25:05.728246+00:00,1.0787532161491298,0.46832432453194894,0.12645441829995552,0.27001462806002263,24.810343015406666,-1.276451533482565,NACA2412,0.32080974086352654,3.627410122335208,0.3301396543840909,15.0,10.0,1.225,0.7118379181780691,0.05951145233113158,11.961360213783474,analytic,converged,1,0.0,1.500011421740055e-06,d3c044325798,42,phase1
baseline_phase1_20260608T162505Z_d3c044325798,wing_000060,v15_a15,2026-06-08T16:25:05.728249+00:00,1.0787532161491298,0.46832432453194894,0.12645441829995552,0.27001462806002263,24.810343015406666,-1.276451533482565,NACA2412,0.32080974086352654,3.627410122335208,0.3301396543840909,15.0,15.0,1.225,1.0250979353038907,0.11568389222899114,8.861198526020846,analytic,converged,1,0.0,1.800013706088066e-06,d3c044325798,42,phase1
baseline_phase1_20260608T162505Z_d3c044325798,wing_000060,v20_a-5,2026-06-08T16:25:05.728251+00:00,1.0787532161491298,0.46832432453194894,0.12645441829995552,0.27001462806002263,24.810343015406666,-1.276451533482565,NACA2412,0.32080974086352654,3.627410122335208,0.3301396543840909,20.0,-5.0,1.225,-0.227942133199396,0.01256393810246452,-18.142570533253682,analytic,converged,1,0.0,1.500011421740055e-06,d3c044325798,42,phase1
baseline_phase1_20260608T162505Z_d3c044325798,wing_000060,v20_a0,2026-06-08T16:25:05.728254+00:00,1.0787532161491298,0.46832432453194894,0.12645441829995552,0.27001462806002263,24.810343015406666,-1.276451533482565,NACA2412,0.32080974086352654,3.627410122335208,0.3301396543840909,20.0,0.0,1.225,0.08531788392642571,0.007951475267868265,10.729818184959134,analytic,converged,1,0.0,1.5999539755284786e-06,d3c044325798,42,phase1
baseline_phase1_20260608T162505Z_d3c044325798,wing_000060,v20_a5,2026-06-08T16:25:05.728257+00:00,1.0787532161491298,0.46832432453194894,0.12645441829995552,0.27001462806002263,24.810343015406666,-1.276451533482565,NACA2412,0.32080974086352654,3.627410122335208,0.3301396543840909,20.0,5.0,1.225,0.39857790105224744,0.02360064667742396,16.888431342583562,analytic,converged,1,0.0,1.500011421740055e-06,d3c044325798,42,phase1
baseline_phase1_20260608T162505Z_d3c044325798,wing_000060,v20_a10,2026-06-08T16:25:05.728259+00:00,1.0787532161491298,0.46832432453194894,0.12645441829995552,0.27001462806002263,24.810343015406666,-1.276451533482565,NACA2412,0.32080974086352654,3.627410122335208,0.3301396543840909,20.0,10.0,1.225,0.7118379181780691,0.05951145233113158,11.961360213783474,analytic,converged,1,0.0,1.500011421740055e-06,d3c044325798,42,phase1
baseline_phase1_20260608T162505Z_d3c044325798,wing_000060,v20_a15,2026-06-08T16:25:05.728261+00:00,1.0787532161491298,0.46832432453194894,0.12645441829995552,0.27001462806002263,24.810343015406666,-1.276451533482565,NACA2412,0.32080974086352654,3.627410122335208,0.3301396543840909,20.0,15.0,1.225,1.0250979353038907,0.11568389222899114,8.861198526020846,analytic,converged,1,0.0,1.3999524526298046e-06,d3c044325798,42,phase1
baseline_phase1_20260608T162505Z_d3c044325798,wing_000060,v25_a-5,2026-06-08T16:25:05.728264+00:00,1.0787532161491298,0.46832432453194894,0.12645441829995552,0.27001462806002263,24.810343015406666,-1.276451533482565,NACA2412,0.32080974086352654,3.627410122335208,0.3301396543840909,25.0,-5.0,1.225,-0.227942133199396,0.01256393810246452,-18.142570533253682,analytic,converged,1,0.0,1.500011421740055e-06,d3c044325798,42,phase1
baseline_phase1_20260608T162505Z_d3c044325798,wing_000060,v25_a0,2026-06-08T16:25:05.728266+00:00,1.0787532161491298,0.46832432453194894,0.12645441829995552,0.27001462806002263,24.810343015406666,-1.276451533482565,NACA2412,0.32080974086352654,3.627410122335208,0.3301396543840909,25.0,0.0,1.225,0.08531788392642571,0.007951475267868265,10.729818184959134,analytic,converged,1,0.0,1.400010660290718e-06,d3c044325798,42,phase1
baseline_phase1_20260608T162505Z_d3c044325798,wing_000060,v25_a5,2026-06-08T16:25:05.728268+00:00,1.0787532161491298,0.46832432453194894,0.12645441829995552,0.27001462806002263,24.810343015406666,-1.276451533482565,NACA2412,0.32080974086352654,3.627410122335208,0.3301396543840909,25.0,5.0,1.225,0.39857790105224744,0.02360064667742396,16.888431342583562,analytic,converged,1,0.0,1.4999532140791416e-06,d3c044325798,42,phase1
baseline_phase1_20260608T162505Z_d3c044325798,wing_000060,v25_a10,2026-06-08T16:25:05.728271+00:00,1.0787532161491298,0.46832432453194894,0.12645441829995552,0.27001462806002263,24.810343015406666,-1.276451533482565,NACA2412,0.32080974086352654,3.627410122335208,0.3301396543840909,25.0,10.0,1.225,0.7118379181780691,0.05951145233113158,11.961360213783474,analytic,converged,1,0.0,1.700012944638729e-06,d3c044325798,42,phase1
baseline_phase1_20260608T162505Z_d3c044325798,wing_000060,v25_a15,2026-06-08T16:25:05.728273+00:00,1.0787532161491298,0.46832432453194894,0.12645441829995552,0.27001462806002263,24.810343015406666,-1.276451533482565,NACA2412,0.32080974086352654,3.627410122335208,0.3301396543840909,25.0,15.0,1.225,1.0250979353038907,0.11568389222899114,8.861198526020846,analytic,converged,1,0.0,1.600012183189392e-06,d3c044325798,42,phase1
baseline_phase1_20260608T162505Z_d3c044325798,wing_000061,v15_a-5,2026-06-08T16:25:05.728275+00:00,1.7288489769187616,0.34586470573597683,0.268201470184338,0.7754519780028531,25.288860391020854,-1.7669976203074684,NACA4412,0.5308138400001262,5.6308230113072,0.3086701477193139,15.0,-5.0,1.225,-0.1355431197075568,0.008421839833070406,-16.094240972775772,analytic,converged,1,0.0,1.500011421740055e-06,d3c044325798,42,phase1
baseline_phase1_20260608T162505Z_d3c044325798,wing_000061,v15_a0,2026-06-08T16:25:05.728278+00:00,1.7288489769187616,0.34586470573597683,0.268201470184338,0.7754519780028531,25.288860391020854,-1.7669976203074684,NACA4412,0.5308138400001262,5.6308230113072,0.3086701477193139,15.0,0.0,1.225,0.22427425574513482,0.010545169844454156,21.267960502607135,analytic,converged,1,0.0,1.400010660290718e-06,d3c044325798,42,phase1
baseline_phase1_20260608T162505Z_d3c044325798,wing_000061,v15_a5,2026-06-08T16:25:05.728280+00:00,1.7288489769187616,0.34586470573597683,0.268201470184338,0.7754519780028531,25.288860391020854,-1.7669976203074684,NACA4412,0.5308138400001262,5.6308230113072,0.3086701477193139,15.0,5.0,1.225,0.5840916311978265,0.029889310183172667,19.541823736255488,analytic,converged,1,0.0,2.3999600671231747e-06,d3c044325798,42,phase1
baseline_phase1_20260608T162505Z_d3c044325798,wing_000061,v15_a10,2026-06-08T16:25:05.728282+00:00,1.7288489769187616,0.34586470573597683,0.268201470184338,0.7754519780028531,25.288860391020854,-1.7669976203074684,NACA4412,0.5308138400001262,5.6308230113072,0.3086701477193139,15.0,10.0,1.225,0.943909006650518,0.06645426084922593,14.203889932537153,analytic,converged,1,0.0,2.400018274784088e-06,d3c044325798,42,phase1
baseline_phase1_20260608T162505Z_d3c044325798,wing_000061,v15_a15,2026-06-08T16:25:05.728285+00:00,1.7288489769187616,0.34586470573597683,0.268201470184338,0.7754519780028531,25.288860391020854,-1.7669976203074684,NACA4412,0.5308138400001262,5.6308230113072,0.3086701477193139,15.0,15.0,1.225,1.30372638210321,0.12024002184261398,10.84269914562806,analytic,converged,1,0.0,1.400010660290718e-06,d3c044325798,42,phase1
baseline_phase1_20260608T162505Z_d3c044325798,wing_000061,v20_a-5,2026-06-08T16:25:05.728287+00:00,1.7288489769187616,0.34586470573597683,0.268201470184338,0.7754519780028531,25.288860391020854,-1.7669976203074684,NACA4412,0.5308138400001262,5.6308230113072,0.3086701477193139,20.0,-5.0,1.225,-0.1355431197075568,0.008421839833070406,-16.094240972775772,analytic,converged,1,0.0,1.400010660290718e-06,d3c044325798,42,phase1
baseline_phase1_20260608T162505Z_d3c044325798,wing_000061,v20_a0,2026-06-08T16:25:05.728290+00:00,1.7288489769187616,0.34586470573597683,0.268201470184338,0.7754519780028531,25.288860391020854,-1.7669976203074684,NACA4412,0.5308138400001262,5.6308230113072,0.3086701477193139,20.0,0.0,1.225,0.22427425574513482,0.010545169844454156,21.267960502607135,analytic,converged,1,0.0,1.600012183189392e-06,d3c044325798,42,phase1
baseline_phase1_20260608T162505Z_d3c044325798,wing_000061,v20_a5,2026-06-08T16:25:05.728292+00:00,1.7288489769187616,0.34586470573597683,0.268201470184338,0.7754519780028531,25.288860391020854,-1.7669976203074684,NACA4412,0.5308138400001262,5.6308230113072,0.3086701477193139,20.0,5.0,1.225,0.5840916311978265,0.029889310183172667,19.541823736255488,analytic,converged,1,0.0,1.4999532140791416e-06,d3c044325798,42,phase1
baseline_phase1_20260608T162505Z_d3c044325798,wing_000061,v20_a10,2026-06-08T16:25:05.728294+00:00,1.7288489769187616,0.34586470573597683,0.268201470184338,0.7754519780028531,25.288860391020854,-1.7669976203074684,NACA4412,0.5308138400001262,5.6308230113072,0.3086701477193139,20.0,10.0,1.225,0.943909006650518,0.06645426084922593,14.203889932537153,analytic,converged,1,0.0,1.400010660290718e-06,d3c044325798,42,phase1
baseline_phase1_20260608T162505Z_d3c044325798,wing_000061,v20_a15,2026-06-08T16:25:05.728297+00:00,1.7288489769187616,0.34586470573597683,0.268201470184338,0.7754519780028531,25.288860391020854,-1.7669976203074684,NACA4412,0.5308138400001262,5.6308230113072,0.3086701477193139,20.0,15.0,1.225,1.30372638210321,0.12024002184261398,10.84269914562806,analytic,converged,1,0.0,1.400010660290718e-06,d3c044325798,42,phase1
baseline_phase1_20260608T162505Z_d3c044325798,wing_000061,v25_a-5,2026-06-08T16:25:05.728299+00:00,1.7288489769187616,0.34586470573597683,0.268201470184338,0.7754519780028531,25.288860391020854,-1.7669976203074684,NACA4412,0.5308138400001262,5.6308230113072,0.3086701477193139,25.0,-5.0,1.225,-0.1355431197075568,0.008421839833070406,-16.094240972775772,analytic,converged,1,0.0,1.2999516911804676e-06,d3c044325798,42,phase1
baseline_phase1_20260608T162505Z_d3c044325798,wing_000061,v25_a0,2026-06-08T16:25:05.728301+00:00,1.7288489769187616,0.34586470573597683,0.268201470184338,0.7754519780028531,25.288860391020854,-1.7669976203074684,NACA4412,0.5308138400001262,5.6308230113072,0.3086701477193139,25.0,0.0,1.225,0.22427425574513482,0.010545169844454156,21.267960502607135,analytic,converged,1,0.0,1.600012183189392e-06,d3c044325798,42,phase1
baseline_phase1_20260608T162505Z_d3c044325798,wing_000061,v25_a5,2026-06-08T16:25:05.728303+00:00,1.7288489769187616,0.34586470573597683,0.268201470184338,0.7754519780028531,25.288860391020854,-1.7669976203074684,NACA4412,0.5308138400001262,5.6308230113072,0.3086701477193139,25.0,5.0,1.225,0.5840916311978265,0.029889310183172667,19.541823736255488,analytic,converged,1,0.0,1.400010660290718e-06,d3c044325798,42,phase1
baseline_phase1_20260608T162505Z_d3c044325798,wing_000061,v25_a10,2026-06-08T16:25:05.728306+00:00,1.7288489769187616,0.34586470573597683,0.268201470184338,0.7754519780028531,25.288860391020854,-1.7669976203074684,NACA4412,0.5308138400001262,5.6308230113072,0.3086701477193139,25.0,10.0,1.225,0.943909006650518,0.06645426084922593,14.203889932537153,analytic,converged,1,0.0,1.2999516911804676e-06,d3c044325798,42,phase1
baseline_phase1_20260608T162505Z_d3c044325798,wing_000061,v25_a15,2026-06-08T16:25:05.728308+00:00,1.7288489769187616,0.34586470573597683,0.268201470184338,0.7754519780028531,25.288860391020854,-1.7669976203074684,NACA4412,0.5308138400001262,5.6308230113072,0.3086701477193139,25.0,15.0,1.225,1.30372638210321,0.12024002184261398,10.84269914562806,analytic,converged,1,0.0,1.400010660290718e-06,d3c044325798,42,phase1
baseline_phase1_20260608T162505Z_d3c044325798,wing_000062,v15_a-5,2026-06-08T16:25:05.728311+00:00,1.946493496407849,0.31571499222665306,0.05269866463613353,0.1669184737299423,2.9924537791763925,2.0109257244188514,NACA2412,0.35855739353562355,10.566891102697685,0.2155020800643371,15.0,-5.0,1.225,-0.17869194768503968,0.008331602595314352,-21.44748812017691,analytic,converged,1,0.0,1.400010660290718e-06,d3c044325798,42,phase1
baseline_phase1_20260608T162505Z_d3c044325798,wing_000062,v15_a0,2026-06-08T16:25:05.728313+00:00,1.946493496407849,0.31571499222665306,0.05269866463613353,0.1669184737299423,2.9924537791763925,2.0109257244188514,NACA2412,0.35855739353562355,10.566891102697685,0.2155020800643371,15.0,0.0,1.225,0.2692614754409484,0.009769404096549632,27.561709269048094,analytic,converged,1,0.0,1.500011421740055e-06,d3c044325798,42,phase1
baseline_phase1_20260608T162505Z_d3c044325798,wing_000062,v15_a5,2026-06-08T16:25:05.728315+00:00,1.946493496407849,0.31571499222665306,0.05269866463613353,0.1669184737299423,2.9924537791763925,2.0109257244188514,NACA2412,0.35855739353562355,10.566891102697685,0.2155020800643371,15.0,5.0,1.225,0.7172148985669365,0.025429828155558137,28.20368640242567,analytic,converged,1,0.0,1.600012183189392e-06,d3c044325798,42,phase1
baseline_phase1_20260608T162505Z_d3c044325798,wing_000062,v15_a10,2026-06-08T16:25:05.728318+00:00,1.946493496407849,0.31571499222665306,0.05269866463613353,0.1669184737299423,2.9924537791763925,2.0109257244188514,NACA2412,0.35855739353562355,10.566891102697685,0.2155020800643371,15.0,10.0,1.225,1.1651683216929247,0.05531287477233987,21.065047269529853,analytic,converged,1,0.0,1.5999539755284786e-06,d3c044325798,42,phase1
baseline_phase1_20260608T162505Z_d3c044325798,wing_000062,v15_a15,2026-06-08T16:25:05.728320+00:00,1.946493496407849,0.31571499222665306,0.05269866463613353,0.1669184737299423,2.9924537791763925,2.0109257244188514,NACA2412,0.35855739353562355,10.566891102697685,0.2155020800643371,15.0,15.0,1.225,1.4,0.07666084162166995,18.262257110470568,analytic,stall_limited,1,0.0,2.500019036233425e-06,d3c044325798,42,phase1
baseline_phase1_20260608T162505Z_d3c044325798,wing_000062,v20_a-5,2026-06-08T16:25:05.728322+00:00,1.946493496407849,0.31571499222665306,0.05269866463613353,0.1669184737299423,2.9924537791763925,2.0109257244188514,NACA2412,0.35855739353562355,10.566891102697685,0.2155020800643371,20.0,-5.0,1.225,-0.17869194768503968,0.008331602595314352,-21.44748812017691,analytic,converged,1,0.0,1.4999532140791416e-06,d3c044325798,42,phase1
baseline_phase1_20260608T162505Z_d3c044325798,wing_000062,v20_a0,2026-06-08T16:25:05.728325+00:00,1.946493496407849,0.31571499222665306,0.05269866463613353,0.1669184737299423,2.9924537791763925,2.0109257244188514,NACA2412,0.35855739353562355,10.566891102697685,0.2155020800643371,20.0,0.0,1.225,0.2692614754409484,0.009769404096549632,27.561709269048094,analytic,converged,1,0.0,1.700012944638729e-06,d3c044325798,42,phase1
baseline_phase1_20260608T162505Z_d3c044325798,wing_000062,v20_a5,2026-06-08T16:25:05.728327+00:00,1.946493496407849,0.31571499222665306,0.05269866463613353,0.1669184737299423,2.9924537791763925,2.0109257244188514,NACA2412,0.35855739353562355,10.566891102697685,0.2155020800643371,20.0,5.0,1.225,0.7172148985669365,0.025429828155558137,28.20368640242567,analytic,converged,1,0.0,1.400010660290718e-06,d3c044325798,42,phase1
baseline_phase1_20260608T162505Z_d3c044325798,wing_000062,v20_a10,2026-06-08T16:25:05.728329+00:00,1.946493496407849,0.31571499222665306,0.05269866463613353,0.1669184737299423,2.9924537791763925,2.0109257244188514,NACA2412,0.35855739353562355,10.566891102697685,0.2155020800643371,20.0,10.0,1.225,1.1651683216929247,0.05531287477233987,21.065047269529853,analytic,converged,1,0.0,1.400010660290718e-06,d3c044325798,42,phase1
baseline_phase1_20260608T162505Z_d3c044325798,wing_000062,v20_a15,2026-06-08T16:25:05.728333+00:00,1.946493496407849,0.31571499222665306,0.05269866463613353,0.1669184737299423,2.9924537791763925,2.0109257244188514,NACA2412,0.35855739353562355,10.566891102697685,0.2155020800643371,20.0,15.0,1.225,1.4,0.07666084162166995,18.262257110470568,analytic,stall_limited,1,0.0,1.500011421740055e-06,d3c044325798,42,phase1
baseline_phase1_20260608T162505Z_d3c044325798,wing_000062,v25_a-5,2026-06-08T16:25:05.728335+00:00,1.946493496407849,0.31571499222665306,0.05269866463613353,0.1669184737299423,2.9924537791763925,2.0109257244188514,NACA2412,0.35855739353562355,10.566891102697685,0.2155020800643371,25.0,-5.0,1.225,-0.17869194768503968,0.008331602595314352,-21.44748812017691,analytic,converged,1,0.0,1.400010660290718e-06,d3c044325798,42,phase1
baseline_phase1_20260608T162505Z_d3c044325798,wing_000062,v25_a0,2026-06-08T16:25:05.728337+00:00,1.946493496407849,0.31571499222665306,0.05269866463613353,0.1669184737299423,2.9924537791763925,2.0109257244188514,NACA2412,0.35855739353562355,10.566891102697685,0.2155020800643371,25.0,0.0,1.225,0.2692614754409484,0.009769404096549632,27.561709269048094,analytic,converged,1,0.0,1.400010660290718e-06,d3c044325798,42,phase1
baseline_phase1_20260608T162505Z_d3c044325798,wing_000062,v25_a5,2026-06-08T16:25:05.728340+00:00,1.946493496407849,0.31571499222665306,0.05269866463613353,0.1669184737299423,2.9924537791763925,2.0109257244188514,NACA2412,0.35855739353562355,10.566891102697685,0.2155020800643371,25.0,5.0,1.225,0.7172148985669365,0.025429828155558137,28.20368640242567,analytic,converged,1,0.0,1.400010660290718e-06,d3c044325798,42,phase1
baseline_phase1_20260608T162505Z_d3c044325798,wing_000062,v25_a10,2026-06-08T16:25:05.728342+00:00,1.946493496407849,0.31571499222665306,0.05269866463613353,0.1669184737299423,2.9924537791763925,2.0109257244188514,NACA2412,0.35855739353562355,10.566891102697685,0.2155020800643371,25.0,10.0,1.225,1.1651683216929247,0.05531287477233987,21.065047269529853,analytic,converged,1,0.0,1.600012183189392e-06,d3c044325798,42,phase1
baseline_phase1_20260608T162505Z_d3c044325798,wing_000062,v25_a15,2026-06-08T16:25:05.728345+00:00,1.946493496407849,0.31571499222665306,0.05269866463613353,0.1669184737299423,2.9924537791763925,2.0109257244188514,NACA2412,0.35855739353562355,10.566891102697685,0.2155020800643371,25.0,15.0,1.225,1.4,0.07666084162166995,18.262257110470568,analytic,stall_limited,1,0.0,1.400010660290718e-06,d3c044325798,42,phase1
baseline_phase1_20260608T162505Z_d3c044325798,wing_000063,v15_a-5,2026-06-08T16:25:05.728347+00:00,1.9266863613732936,0.4449757772745383,0.05512197517041365,0.12387635009715338,11.919321849841099,-3.0336905187761896,NACA2412,0.4817657594945633,7.705239033584231,0.300700969162303,15.0,-5.0,1.225,-0.3731548510354408,0.013967422161576756,-26.71608595478409,analytic,converged,1,0.0,1.400010660290718e-06,d3c044325798,42,phase1
baseline_phase1_20260608T162505Z_d3c044325798,wing_000063,v15_a0,2026-06-08T16:25:05.728349+00:00,1.9266863613732936,0.4449757772745383,0.05512197517041365,0.12387635009715338,11.919321849841099,-3.0336905187761896,NACA2412,0.4817657594945633,7.705239033584231,0.300700969162303,15.0,0.0,1.225,0.03991536678954705,0.007277432866079891,5.484814154121921,analytic,converged,1,0.0,1.500011421740055e-06,d3c044325798,42,phase1
baseline_phase1_20260608T162505Z_d3c044325798,wing_000063,v15_a5,2026-06-08T16:25:05.728352+00:00,1.9266863613732936,0.4449757772745383,0.05512197517041365,0.12387635009715338,11.919321849841099,-3.0336905187761896,NACA2412,0.4817657594945633,7.705239033584231,0.300700969162303,15.0,5.0,1.225,0.4529855846145349,0.017172725124425657,26.378200392332026,analytic,converged,1,0.0,1.500011421740055e-06,d3c044325798,42,phase1
baseline_phase1_20260608T162505Z_d3c044325798,wing_000063,v15_a10,2026-06-08T16:25:05.728354+00:00,1.9266863613732936,0.4449757772745383,0.05512197517041365,0.12387635009715338,11.919321849841099,-3.0336905187761896,NACA2412,0.4817657594945633,7.705239033584231,0.300700969162303,15.0,10.0,1.225,0.8660558024395228,0.04365329893661404,19.839412450753446,analytic,converged,1,0.0,1.600012183189392e-06,d3c044325798,42,phase1
baseline_phase1_20260608T162505Z_d3c044325798,wing_000063,v15_a15,2026-06-08T16:25:05.728357+00:00,1.9266863613732936,0.4449757772745383,0.05512197517041365,0.12387635009715338,11.919321849841099,-3.0336905187761896,NACA2412,0.4817657594945633,7.705239033584231,0.300700969162303,15.0,15.0,1.225,1.279126020264511,0.0867191543026451,14.750213266615022,analytic,converged,1,0.0,1.4999532140791416e-06,d3c044325798,42,phase1
baseline_phase1_20260608T162505Z_d3c044325798,wing_000063,v20_a-5,2026-06-08T16:25:05.728359+00:00,1.9266863613732936,0.4449757772745383,0.05512197517041365,0.12387635009715338,11.919321849841099,-3.0336905187761896,NACA2412,0.4817657594945633,7.705239033584231,0.300700969162303,20.0,-5.0,1.225,-0.3731548510354408,0.013967422161576756,-26.71608595478409,analytic,converged,1,0.0,3.100023604929447e-06,d3c044325798,42,phase1
baseline_phase1_20260608T162505Z_d3c044325798,wing_000063,v20_a0,2026-06-08T16:25:05.728361+00:00,1.9266863613732936,0.4449757772745383,0.05512197517041365,0.12387635009715338,11.919321849841099,-3.0336905187761896,NACA2412,0.4817657594945633,7.705239033584231,0.300700969162303,20.0,0.0,1.225,0.03991536678954705,0.007277432866079891,5.484814154121921,analytic,converged,1,0.0,1.400010660290718e-06,d3c044325798,42,phase1
baseline_phase1_20260608T162505Z_d3c044325798,wing_000063,v20_a5,2026-06-08T16:25:05.728364+00:00,1.9266863613732936,0.4449757772745383,0.05512197517041365,0.12387635009715338,11.919321849841099,-3.0336905187761896,NACA2412,0.4817657594945633,7.705239033584231,0.300700969162303,20.0,5.0,1.225,0.4529855846145349,0.017172725124425657,26.378200392332026,analytic,converged,1,0.0,1.500011421740055e-06,d3c044325798,42,phase1
baseline_phase1_20260608T162505Z_d3c044325798,wing_000063,v20_a10,2026-06-08T16:25:05.728366+00:00,1.9266863613732936,0.4449757772745383,0.05512197517041365,0.12387635009715338,11.919321849841099,-3.0336905187761896,NACA2412,0.4817657594945633,7.705239033584231,0.300700969162303,20.0,10.0,1.225,0.8660558024395228,0.04365329893661404,19.839412450753446,analytic,converged,1,0.0,1.500011421740055e-06,d3c044325798,42,phase1
baseline_phase1_20260608T162505Z_d3c044325798,wing_000063,v20_a15,2026-06-08T16:25:05.728369+00:00,1.9266863613732936,0.4449757772745383,0.05512197517041365,0.12387635009715338,11.919321849841099,-3.0336905187761896,NACA2412,0.4817657594945633,7.705239033584231,0.300700969162303,20.0,15.0,1.225,1.279126020264511,0.0867191543026451,14.750213266615022,analytic,converged,1,0.0,1.7999554984271526e-06,d3c044325798,42,phase1
baseline_phase1_20260608T162505Z_d3c044325798,wing_000063,v25_a-5,2026-06-08T16:25:05.728371+00:00,1.9266863613732936,0.4449757772745383,0.05512197517041365,0.12387635009715338,11.919321849841099,-3.0336905187761896,NACA2412,0.4817657594945633,7.705239033584231,0.300700969162303,25.0,-5.0,1.225,-0.3731548510354408,0.013967422161576756,-26.71608595478409,analytic,converged,1,0.0,1.600012183189392e-06,d3c044325798,42,phase1
baseline_phase1_20260608T162505Z_d3c044325798,wing_000063,v25_a0,2026-06-08T16:25:05.728373+00:00,1.9266863613732936,0.4449757772745383,0.05512197517041365,0.12387635009715338,11.919321849841099,-3.0336905187761896,NACA2412,0.4817657594945633,7.705239033584231,0.300700969162303,25.0,0.0,1.225,0.03991536678954705,0.007277432866079891,5.484814154121921,analytic,converged,1,0.0,1.500011421740055e-06,d3c044325798,42,phase1
baseline_phase1_20260608T162505Z_d3c044325798,wing_000063,v25_a5,2026-06-08T16:25:05.728376+00:00,1.9266863613732936,0.4449757772745383,0.05512197517041365,0.12387635009715338,11.919321849841099,-3.0336905187761896,NACA2412,0.4817657594945633,7.705239033584231,0.300700969162303,25.0,5.0,1.225,0.4529855846145349,0.017172725124425657,26.378200392332026,analytic,converged,1,0.0,1.4999532140791416e-06,d3c044325798,42,phase1
baseline_phase1_20260608T162505Z_d3c044325798,wing_000063,v25_a10,2026-06-08T16:25:05.728378+00:00,1.9266863613732936,0.4449757772745383,0.05512197517041365,0.12387635009715338,11.919321849841099,-3.0336905187761896,NACA2412,0.4817657594945633,7.705239033584231,0.300700969162303,25.0,10.0,1.225,0.8660558024395228,0.04365329893661404,19.839412450753446,analytic,converged,1,0.0,1.600012183189392e-06,d3c044325798,42,phase1
baseline_phase1_20260608T162505Z_d3c044325798,wing_000063,v25_a15,2026-06-08T16:25:05.728381+00:00,1.9266863613732936,0.4449757772745383,0.05512197517041365,0.12387635009715338,11.919321849841099,-3.0336905187761896,NACA2412,0.4817657594945633,7.705239033584231,0.300700969162303,25.0,15.0,1.225,1.279126020264511,0.0867191543026451,14.750213266615022,analytic,converged,1,0.0,1.500011421740055e-06,d3c044325798,42,phase1
baseline_phase1_20260608T162505Z_d3c044325798,wing_000064,v15_a-5,2026-06-08T16:25:05.728383+00:00,1.1779543830677488,0.48356864464532656,0.12276624047952558,0.25387551868580827,7.481175416804972,-2.812194624453181,NACA2412,0.35711741776984973,3.8854910445246538,0.3389503017396106,15.0,-5.0,1.225,-0.2993406366297218,0.01583607977064829,-18.902445615646677,analytic,converged,1,0.0,1.400010660290718e-06,d3c044325798,42,phase1
baseline_phase1_20260608T162505Z_d3c044325798,wing_000064,v15_a0,2026-06-08T16:25:05.728385+00:00,1.1779543830677488,0.48356864464532656,0.12276624047952558,0.25387551868580827,7.481175416804972,-2.812194624453181,NACA2412,0.35711741776984973,3.8854910445246538,0.3389503017396106,15.0,0.0,1.225,0.04034845262288495,0.007356905821615882,5.484432396067122,analytic,converged,1,0.0,1.400010660290718e-06,d3c044325798,42,phase1
baseline_phase1_20260608T162505Z_d3c044325798,wing_000064,v15_a5,2026-06-08T16:25:05.728389+00:00,1.1779543830677488,0.48356864464532656,0.12276624047952558,0.25387551868580827,7.481175416804972,-2.812194624453181,NACA2412,0.35711741776984973,3.8854910445246538,0.3389503017396106,15.0,5.0,1.225,0.38003754187549177,0.021119969702318248,17.994227606954222,analytic,converged,1,0.0,1.4999532140791416e-06,d3c044325798,42,phase1
baseline_phase1_20260608T162505Z_d3c044325798,wing_000064,v15_a10,2026-06-08T16:25:05.728391+00:00,1.1779543830677488,0.48356864464532656,0.12276624047952558,0.25387551868580827,7.481175416804972,-2.812194624453181,NACA2412,0.35711741776984973,3.8854910445246538,0.3389503017396106,15.0,10.0,1.225,0.7197266311280986,0.05712527141275539,12.59909341922868,analytic,converged,1,0.0,1.500011421740055e-06,d3c044325798,42,phase1
baseline_phase1_20260608T162505Z_d3c044325798,wing_000064,v15_a15,2026-06-08T16:25:05.728393+00:00,1.1779543830677488,0.48356864464532656,0.12276624047952558,0.25387551868580827,7.481175416804972,-2.812194624453181,NACA2412,0.35711741776984973,3.8854910445246538,0.3389503017396106,15.0,15.0,1.225,1.0594157203807055,0.11537281095292733,9.182542330644543,analytic,converged,1,0.0,1.400010660290718e-06,d3c044325798,42,phase1
baseline_phase1_20260608T162505Z_d3c044325798,wing_000064,v20_a-5,2026-06-08T16:25:05.728395+00:00,1.1779543830677488,0.48356864464532656,0.12276624047952558,0.25387551868580827,7.481175416804972,-2.812194624453181,NACA2412,0.35711741776984973,3.8854910445246538,0.3389503017396106,20.0,-5.0,1.225,-0.2993406366297218,0.01583607977064829,-18.902445615646677,analytic,converged,1,0.0,1.4999532140791416e-06,d3c044325798,42,phase1
baseline_phase1_20260608T162505Z_d3c044325798,wing_000064,v20_a0,2026-06-08T16:25:05.728398+00:00,1.1779543830677488,0.48356864464532656,0.12276624047952558,0.25387551868580827,7.481175416804972,-2.812194624453181,NACA2412,0.35711741776984973,3.8854910445246538,0.3389503017396106,20.0,0.0,1.225,0.04034845262288495,0.007356905821615882,5.484432396067122,analytic,converged,1,0.0,1.400010660290718e-06,d3c044325798,42,phase1
baseline_phase1_20260608T162505Z_d3c044325798,wing_000064,v20_a5,2026-06-08T16:25:05.728400+00:00,1.1779543830677488,0.48356864464532656,0.12276624047952558,0.25387551868580827,7.481175416804972,-2.812194624453181,NACA2412,0.35711741776984973,3.8854910445246538,0.3389503017396106,20.0,5.0,1.225,0.38003754187549177,0.021119969702318248,17.994227606954222,analytic,converged,1,0.0,1.600012183189392e-06,d3c044325798,42,phase1
baseline_phase1_20260608T162505Z_d3c044325798,wing_000064,v20_a10,2026-06-08T16:25:05.728402+00:00,1.1779543830677488,0.48356864464532656,0.12276624047952558,0.25387551868580827,7.481175416804972,-2.812194624453181,NACA2412,0.35711741776984973,3.8854910445246538,0.3389503017396106,20.0,10.0,1.225,0.7197266311280986,0.05712527141275539,12.59909341922868,analytic,converged,1,0.0,1.4999532140791416e-06,d3c044325798,42,phase1
baseline_phase1_20260608T162505Z_d3c044325798,wing_000064,v20_a15,2026-06-08T16:25:05.728404+00:00,1.1779543830677488,0.48356864464532656,0.12276624047952558,0.25387551868580827,7.481175416804972,-2.812194624453181,NACA2412,0.35711741776984973,3.8854910445246538,0.3389503017396106,20.0,15.0,1.225,1.0594157203807055,0.11537281095292733,9.182542330644543,analytic,converged,1,0.0,1.500011421740055e-06,d3c044325798,42,phase1
baseline_phase1_20260608T162505Z_d3c044325798,wing_000064,v25_a-5,2026-06-08T16:25:05.728408+00:00,1.1779543830677488,0.48356864464532656,0.12276624047952558,0.25387551868580827,7.481175416804972,-2.812194624453181,NACA2412,0.35711741776984973,3.8854910445246538,0.3389503017396106,25.0,-5.0,1.225,-0.2993406366297218,0.01583607977064829,-18.902445615646677,analytic,converged,1,0.0,1.400010660290718e-06,d3c044325798,42,phase1
baseline_phase1_20260608T162505Z_d3c044325798,wing_000064,v25_a0,2026-06-08T16:25:05.728410+00:00,1.1779543830677488,0.48356864464532656,0.12276624047952558,0.25387551868580827,7.481175416804972,-2.812194624453181,NACA2412,0.35711741776984973,3.8854910445246538,0.3389503017396106,25.0,0.0,1.225,0.04034845262288495,0.007356905821615882,5.484432396067122,analytic,converged,1,0.0,1.500011421740055e-06,d3c044325798,42,phase1
baseline_phase1_20260608T162505Z_d3c044325798,wing_000064,v25_a5,2026-06-08T16:25:05.728413+00:00,1.1779543830677488,0.48356864464532656,0.12276624047952558,0.25387551868580827,7.481175416804972,-2.812194624453181,NACA2412,0.35711741776984973,3.8854910445246538,0.3389503017396106,25.0,5.0,1.225,0.38003754187549177,0.021119969702318248,17.994227606954222,analytic,converged,1,0.0,1.400010660290718e-06,d3c044325798,42,phase1
baseline_phase1_20260608T162505Z_d3c044325798,wing_000064,v25_a10,2026-06-08T16:25:05.728416+00:00,1.1779543830677488,0.48356864464532656,0.12276624047952558,0.25387551868580827,7.481175416804972,-2.812194624453181,NACA2412,0.35711741776984973,3.8854910445246538,0.3389503017396106,25.0,10.0,1.225,0.7197266311280986,0.05712527141275539,12.59909341922868,analytic,converged,1,0.0,1.4999532140791416e-06,d3c044325798,42,phase1
baseline_phase1_20260608T162505Z_d3c044325798,wing_000064,v25_a15,2026-06-08T16:25:05.728418+00:00,1.1779543830677488,0.48356864464532656,0.12276624047952558,0.25387551868580827,7.481175416804972,-2.812194624453181,NACA2412,0.35711741776984973,3.8854910445246538,0.3389503017396106,25.0,15.0,1.225,1.0594157203807055,0.11537281095292733,9.182542330644543,analytic,converged,1,0.0,1.300009898841381e-06,d3c044325798,42,phase1
baseline_phase1_20260608T162505Z_d3c044325798,wing_000065,v15_a-5,2026-06-08T16:25:05.728421+00:00,1.9158550199711986,0.23039230468418542,0.21267503679894195,0.9230995674550426,8.52732057277864,0.0474944848867942,NACA0012,0.4244263951828714,8.648143704557638,0.22165174970004536,15.0,-5.0,1.225,-0.4252529893563073,0.015030744505296928,-28.29221062246421,analytic,converged,1,0.0,1.500011421740055e-06,d3c044325798,42,phase1
baseline_phase1_20260608T162505Z_d3c044325798,wing_000065,v15_a0,2026-06-08T16:25:05.728423+00:00,1.9158550199711986,0.23039230468418542,0.21267503679894195,0.9230995674550426,8.52732057277864,0.0474944848867942,NACA0012,0.4244263951828714,8.648143704557638,0.22165174970004536,15.0,0.0,1.225,0.002029355486955232,0.0072001783300634755,0.2818479479156652,analytic,converged,1,0.0,1.4999532140791416e-06,d3c044325798,42,phase1
baseline_phase1_20260608T162505Z_d3c044325798,wing_000065,v15_a5,2026-06-08T16:25:05.728425+00:00,1.9158550199711986,0.23039230468418542,0.21267503679894195,0.9230995674550426,8.52732057277864,0.0474944848867942,NACA0012,0.4244263951828714,8.648143704557638,0.22165174970004536,15.0,5.0,1.225,0.42931170033021776,0.015180934628550599,28.27966201256255,analytic,converged,1,0.0,1.400010660290718e-06,d3c044325798,42,phase1
baseline_phase1_20260608T162505Z_d3c044325798,wing_000065,v15_a10,2026-06-08T16:25:05.728428+00:00,1.9158550199711986,0.23039230468418542,0.21267503679894195,0.9230995674550426,8.52732057277864,0.0474944848867942,NACA0012,0.4244263951828714,8.648143704557638,0.22165174970004536,15.0,10.0,1.225,0.8565940451734803,0.038973013400758295,21.979158664616207,analytic,converged,1,0.0,1.500011421740055e-06,d3c044325798,42,phase1
baseline_phase1_20260608T162505Z_d3c044325798,wing_000065,v15_a15,2026-06-08T16:25:05.728430+00:00,1.9158550199711986,0.23039230468418542,0.21267503679894195,0.9230995674550426,8.52732057277864,0.0474944848867942,NACA0012,0.4244263951828714,8.648143704557638,0.22165174970004536,15.0,15.0,1.225,1.283876390016743,0.07857641464668659,16.33920809176143,analytic,converged,1,0.0,1.500011421740055e-06,d3c044325798,42,phase1
baseline_phase1_20260608T162505Z_d3c044325798,wing_000065,v20_a-5,2026-06-08T16:25:05.728432+00:00,1.9158550199711986,0.23039230468418542,0.21267503679894195,0.9230995674550426,8.52732057277864,0.0474944848867942,NACA0012,0.4244263951828714,8.648143704557638,0.22165174970004536,20.0,-5.0,1.225,-0.4252529893563073,0.015030744505296928,-28.29221062246421,analytic,converged,1,0.0,1.400010660290718e-06,d3c044325798,42,phase1
baseline_phase1_20260608T162505Z_d3c044325798,wing_000065,v20_a0,2026-06-08T16:25:05.728434+00:00,1.9158550199711986,0.23039230468418542,0.21267503679894195,0.9230995674550426,8.52732057277864,0.0474944848867942,NACA0012,0.4244263951828714,8.648143704557638,0.22165174970004536,20.0,0.0,1.225,0.002029355486955232,0.0072001783300634755,0.2818479479156652,analytic,converged,1,0.0,1.500011421740055e-06,d3c044325798,42,phase1
baseline_phase1_20260608T162505Z_d3c044325798,wing_000065,v20_a5,2026-06-08T16:25:05.728437+00:00,1.9158550199711986,0.23039230468418542,0.21267503679894195,0.9230995674550426,8.52732057277864,0.0474944848867942,NACA0012,0.4244263951828714,8.648143704557638,0.22165174970004536,20.0,5.0,1.225,0.42931170033021776,0.015180934628550599,28.27966201256255,analytic,converged,1,0.0,3.500026650726795e-06,d3c044325798,42,phase1
baseline_phase1_20260608T162505Z_d3c044325798,wing_000065,v20_a10,2026-06-08T16:25:05.728440+00:00,1.9158550199711986,0.23039230468418542,0.21267503679894195,0.9230995674550426,8.52732057277864,0.0474944848867942,NACA0012,0.4244263951828714,8.648143704557638,0.22165174970004536,20.0,10.0,1.225,0.8565940451734803,0.038973013400758295,21.979158664616207,analytic,converged,1,0.0,1.600012183189392e-06,d3c044325798,42,phase1
baseline_phase1_20260608T162505Z_d3c044325798,wing_000065,v20_a15,2026-06-08T16:25:05.728442+00:00,1.9158550199711986,0.23039230468418542,0.21267503679894195,0.9230995674550426,8.52732057277864,0.0474944848867942,NACA0012,0.4244263951828714,8.648143704557638,0.22165174970004536,20.0,15.0,1.225,1.283876390016743,0.07857641464668659,16.33920809176143,analytic,converged,1,0.0,1.700012944638729e-06,d3c044325798,42,phase1
baseline_phase1_20260608T162505Z_d3c044325798,wing_000065,v25_a-5,2026-06-08T16:25:05.728444+00:00,1.9158550199711986,0.23039230468418542,0.21267503679894195,0.9230995674550426,8.52732057277864,0.0474944848867942,NACA0012,0.4244263951828714,8.648143704557638,0.22165174970004536,25.0,-5.0,1.225,-0.4252529893563073,0.015030744505296928,-28.29221062246421,analytic,converged,1,0.0,1.500011421740055e-06,d3c044325798,42,phase1
baseline_phase1_20260608T162505Z_d3c044325798,wing_000065,v25_a0,2026-06-08T16:25:05.728447+00:00,1.9158550199711986,0.23039230468418542,0.21267503679894195,0.9230995674550426,8.52732057277864,0.0474944848867942,NACA0012,0.4244263951828714,8.648143704557638,0.22165174970004536,25.0,0.0,1.225,0.002029355486955232,0.0072001783300634755,0.2818479479156652,analytic,converged,1,0.0,1.4999532140791416e-06,d3c044325798,42,phase1
baseline_phase1_20260608T162505Z_d3c044325798,wing_000065,v25_a5,2026-06-08T16:25:05.728449+00:00,1.9158550199711986,0.23039230468418542,0.21267503679894195,0.9230995674550426,8.52732057277864,0.0474944848867942,NACA0012,0.4244263951828714,8.648143704557638,0.22165174970004536,25.0,5.0,1.225,0.42931170033021776,0.015180934628550599,28.27966201256255,analytic,converged,1,0.0,1.600012183189392e-06,d3c044325798,42,phase1
baseline_phase1_20260608T162505Z_d3c044325798,wing_000065,v25_a10,2026-06-08T16:25:05.728451+00:00,1.9158550199711986,0.23039230468418542,0.21267503679894195,0.9230995674550426,8.52732057277864,0.0474944848867942,NACA0012,0.4244263951828714,8.648143704557638,0.22165174970004536,25.0,10.0,1.225,0.8565940451734803,0.038973013400758295,21.979158664616207,analytic,converged,1,0.0,1.500011421740055e-06,d3c044325798,42,phase1
baseline_phase1_20260608T162505Z_d3c044325798,wing_000065,v25_a15,2026-06-08T16:25:05.728454+00:00,1.9158550199711986,0.23039230468418542,0.21267503679894195,0.9230995674550426,8.52732057277864,0.0474944848867942,NACA0012,0.4244263951828714,8.648143704557638,0.22165174970004536,25.0,15.0,1.225,1.283876390016743,0.07857641464668659,16.33920809176143,analytic,converged,1,0.0,1.500011421740055e-06,d3c044325798,42,phase1
baseline_phase1_20260608T162505Z_d3c044325798,wing_000066,v15_a-5,2026-06-08T16:25:05.728456+00:00,1.8030151050879448,0.19704891844204214,0.08756041563167598,0.4443587730598484,27.668649369244754,4.422651845041907,NACA0012,0.2565774641919675,12.670105223048914,0.14932465948057758,15.0,-5.0,1.225,-0.23258784877644864,0.008798913700049824,-26.433700420897594,analytic,converged,1,0.0,1.600012183189392e-06,d3c044325798,42,phase1
baseline_phase1_20260608T162505Z_d3c044325798,wing_000066,v15_a0,2026-06-08T16:25:05.728460+00:00,1.8030151050879448,0.19704891844204214,0.08756041563167598,0.4443587730598484,27.668649369244754,4.422651845041907,NACA0012,0.2565774641919675,12.670105223048914,0.14932465948057758,15.0,0.0,1.225,0.1844344390821372,0.008205391058413917,22.477227199673276,analytic,converged,1,0.0,1.600012183189392e-06,d3c044325798,42,phase1
baseline_phase1_20260608T162505Z_d3c044325798,wing_000066,v15_a5,2026-06-08T16:25:05.728462+00:00,1.8030151050879448,0.19704891844204214,0.08756041563167598,0.4443587730598484,27.668649369244754,4.422651845041907,NACA0012,0.2565774641919675,12.670105223048914,0.14932465948057758,15.0,5.0,1.225,0.6014567269407229,0.017892019769803237,33.6159212139825,analytic,converged,1,0.0,1.500011421740055e-06,d3c044325798,42,phase1
baseline_phase1_20260608T162505Z_d3c044325798,wing_000066,v15_a10,2026-06-08T16:25:05.728464+00:00,1.8030151050879448,0.19704891844204214,0.08756041563167598,0.4443587730598484,27.668649369244754,4.422651845041907,NACA0012,0.2565774641919675,12.670105223048914,0.14932465948057758,15.0,10.0,1.225,1.0184790147993088,0.03785879983421779,26.902041777847916,analytic,converged,1,0.0,1.400010660290718e-06,d3c044325798,42,phase1
baseline_phase1_20260608T162505Z_d3c044325798,wing_000066,v15_a15,2026-06-08T16:25:05.728467+00:00,1.8030151050879448,0.19704891844204214,0.08756041563167598,0.4443587730598484,27.668649369244754,4.422651845041907,NACA0012,0.2565774641919675,12.670105223048914,0.14932465948057758,15.0,15.0,1.225,1.4,0.06513046990507095,21.49531551116597,analytic,stall_limited,1,0.0,1.5999539755284786e-06,d3c044325798,42,phase1
baseline_phase1_20260608T162505Z_d3c044325798,wing_000066,v20_a-5,2026-06-08T16:25:05.728469+00:00,1.8030151050879448,0.19704891844204214,0.08756041563167598,0.4443587730598484,27.668649369244754,4.422651845041907,NACA0012,0.2565774641919675,12.670105223048914,0.14932465948057758,20.0,-5.0,1.225,-0.23258784877644864,0.008798913700049824,-26.433700420897594,analytic,converged,1,0.0,1.500011421740055e-06,d3c044325798,42,phase1
baseline_phase1_20260608T162505Z_d3c044325798,wing_000066,v20_a0,2026-06-08T16:25:05.728472+00:00,1.8030151050879448,0.19704891844204214,0.08756041563167598,0.4443587730598484,27.668649369244754,4.422651845041907,NACA0012,0.2565774641919675,12.670105223048914,0.14932465948057758,20.0,0.0,1.225,0.1844344390821372,0.008205391058413917,22.477227199673276,analytic,converged,1,0.0,1.500011421740055e-06,d3c044325798,42,phase1
baseline_phase1_20260608T162505Z_d3c044325798,wing_000066,v20_a5,2026-06-08T16:25:05.728474+00:00,1.8030151050879448,0.19704891844204214,0.08756041563167598,0.4443587730598484,27.668649369244754,4.422651845041907,NACA0012,0.2565774641919675,12.670105223048914,0.14932465948057758,20.0,5.0,1.225,0.6014567269407229,0.017892019769803237,33.6159212139825,analytic,converged,1,0.0,2.6999623514711857e-06,d3c044325798,42,phase1
baseline_phase1_20260608T162505Z_d3c044325798,wing_000066,v20_a10,2026-06-08T16:25:05.728476+00:00,1.8030151050879448,0.19704891844204214,0.08756041563167598,0.4443587730598484,27.668649369244754,4.422651845041907,NACA0012,0.2565774641919675,12.670105223048914,0.14932465948057758,20.0,10.0,1.225,1.0184790147993088,0.03785879983421779,26.902041777847916,analytic,converged,1,0.0,1.400010660290718e-06,d3c044325798,42,phase1
baseline_phase1_20260608T162505Z_d3c044325798,wing_000066,v20_a15,2026-06-08T16:25:05.728479+00:00,1.8030151050879448,0.19704891844204214,0.08756041563167598,0.4443587730598484,27.668649369244754,4.422651845041907,NACA0012,0.2565774641919675,12.670105223048914,0.14932465948057758,20.0,15.0,1.225,1.4,0.06513046990507095,21.49531551116597,analytic,stall_limited,1,0.0,1.500011421740055e-06,d3c044325798,42,phase1
baseline_phase1_20260608T162505Z_d3c044325798,wing_000066,v25_a-5,2026-06-08T16:25:05.728481+00:00,1.8030151050879448,0.19704891844204214,0.08756041563167598,0.4443587730598484,27.668649369244754,4.422651845041907,NACA0012,0.2565774641919675,12.670105223048914,0.14932465948057758,25.0,-5.0,1.225,-0.23258784877644864,0.008798913700049824,-26.433700420897594,analytic,converged,1,0.0,1.700012944638729e-06,d3c044325798,42,phase1
baseline_phase1_20260608T162505Z_d3c044325798,wing_000066,v25_a0,2026-06-08T16:25:05.728484+00:00,1.8030151050879448,0.19704891844204214,0.08756041563167598,0.4443587730598484,27.668649369244754,4.422651845041907,NACA0012,0.2565774641919675,12.670105223048914,0.14932465948057758,25.0,0.0,1.225,0.1844344390821372,0.008205391058413917,22.477227199673276,analytic,converged,1,0.0,1.400010660290718e-06,d3c044325798,42,phase1
baseline_phase1_20260608T162505Z_d3c044325798,wing_000066,v25_a5,2026-06-08T16:25:05.728486+00:00,1.8030151050879448,0.19704891844204214,0.08756041563167598,0.4443587730598484,27.668649369244754,4.422651845041907,NACA0012,0.2565774641919675,12.670105223048914,0.14932465948057758,25.0,5.0,1.225,0.6014567269407229,0.017892019769803237,33.6159212139825,analytic,converged,1,0.0,1.8999562598764896e-06,d3c044325798,42,phase1
baseline_phase1_20260608T162505Z_d3c044325798,wing_000066,v25_a10,2026-06-08T16:25:05.728488+00:00,1.8030151050879448,0.19704891844204214,0.08756041563167598,0.4443587730598484,27.668649369244754,4.422651845041907,NACA0012,0.2565774641919675,12.670105223048914,0.14932465948057758,25.0,10.0,1.225,1.0184790147993088,0.03785879983421779,26.902041777847916,analytic,converged,1,0.0,1.500011421740055e-06,d3c044325798,42,phase1
baseline_phase1_20260608T162505Z_d3c044325798,wing_000066,v25_a15,2026-06-08T16:25:05.728491+00:00,1.8030151050879448,0.19704891844204214,0.08756041563167598,0.4443587730598484,27.668649369244754,4.422651845041907,NACA0012,0.2565774641919675,12.670105223048914,0.14932465948057758,25.0,15.0,1.225,1.4,0.06513046990507095,21.49531551116597,analytic,stall_limited,1,0.0,1.500011421740055e-06,d3c044325798,42,phase1
baseline_phase1_20260608T162505Z_d3c044325798,wing_000067,v15_a-5,2026-06-08T16:25:05.728493+00:00,1.3736021650116266,0.4519164833713887,0.19287086919959906,0.4267843203256125,0.6801739866795878,-3.1651532880071365,NACA4412,0.44284065173181186,4.260636191248494,0.33973909255699036,15.0,-5.0,1.225,-0.18244365050424716,0.010125595345324149,-18.018066521737605,analytic,converged,1,0.0,1.500011421740055e-06,d3c044325798,42,phase1
baseline_phase1_20260608T162505Z_d3c044325798,wing_000067,v15_a0,2026-06-08T16:25:05.728496+00:00,1.3736021650116266,0.4519164833713887,0.19287086919959906,0.4267843203256125,0.6801739866795878,-3.1651532880071365,NACA4412,0.44284065173181186,4.260636191248494,0.33973909255699036,15.0,0.0,1.225,0.17077655484349988,0.009763381499930775,17.491537623999506,analytic,converged,1,0.0,1.500011421740055e-06,d3c044325798,42,phase1
baseline_phase1_20260608T162505Z_d3c044325798,wing_000067,v15_a5,2026-06-08T16:25:05.728498+00:00,1.3736021650116266,0.4519164833713887,0.19287086919959906,0.4267843203256125,0.6801739866795878,-3.1651532880071365,NACA4412,0.44284065173181186,4.260636191248494,0.33973909255699036,15.0,5.0,1.225,0.5239967601912469,0.03133314671254574,16.723400461449327,analytic,converged,1,0.0,1.4999532140791416e-06,d3c044325798,42,phase1
baseline_phase1_20260608T162505Z_d3c044325798,wing_000067,v15_a10,2026-06-08T16:25:05.728500+00:00,1.3736021650116266,0.4519164833713887,0.19287086919959906,0.4267843203256125,0.6801739866795878,-3.1651532880071365,NACA4412,0.44284065173181186,4.260636191248494,0.33973909255699036,15.0,10.0,1.225,0.877216965538994,0.07483489098316903,11.722031715610932,analytic,converged,1,0.0,1.500011421740055e-06,d3c044325798,42,phase1
baseline_phase1_20260608T162505Z_d3c044325798,wing_000067,v15_a15,2026-06-08T16:25:05.728503+00:00,1.3736021650116266,0.4519164833713887,0.19287086919959906,0.4267843203256125,0.6801739866795878,-3.1651532880071365,NACA4412,0.44284065173181186,4.260636191248494,0.33973909255699036,15.0,15.0,1.225,1.2304371708867412,0.14026861431180074,8.772006317476148,analytic,converged,1,0.0,1.500011421740055e-06,d3c044325798,42,phase1
baseline_phase1_20260608T162505Z_d3c044325798,wing_000067,v20_a-5,2026-06-08T16:25:05.728505+00:00,1.3736021650116266,0.4519164833713887,0.19287086919959906,0.4267843203256125,0.6801739866795878,-3.1651532880071365,NACA4412,0.44284065173181186,4.260636191248494,0.33973909255699036,20.0,-5.0,1.225,-0.18244365050424716,0.010125595345324149,-18.018066521737605,analytic,converged,1,0.0,1.4999532140791416e-06,d3c044325798,42,phase1
baseline_phase1_20260608T162505Z_d3c044325798,wing_000067,v20_a0,2026-06-08T16:25:05.728508+00:00,1.3736021650116266,0.4519164833713887,0.19287086919959906,0.4267843203256125,0.6801739866795878,-3.1651532880071365,NACA4412,0.44284065173181186,4.260636191248494,0.33973909255699036,20.0,0.0,1.225,0.17077655484349988,0.009763381499930775,17.491537623999506,analytic,converged,1,0.0,1.500011421740055e-06,d3c044325798,42,phase1
baseline_phase1_20260608T162505Z_d3c044325798,wing_000067,v20_a5,2026-06-08T16:25:05.728510+00:00,1.3736021650116266,0.4519164833713887,0.19287086919959906,0.4267843203256125,0.6801739866795878,-3.1651532880071365,NACA4412,0.44284065173181186,4.260636191248494,0.33973909255699036,20.0,5.0,1.225,0.5239967601912469,0.03133314671254574,16.723400461449327,analytic,converged,1,0.0,1.500011421740055e-06,d3c044325798,42,phase1
baseline_phase1_20260608T162505Z_d3c044325798,wing_000067,v20_a10,2026-06-08T16:25:05.728513+00:00,1.3736021650116266,0.4519164833713887,0.19287086919959906,0.4267843203256125,0.6801739866795878,-3.1651532880071365,NACA4412,0.44284065173181186,4.260636191248494,0.33973909255699036,20.0,10.0,1.225,0.877216965538994,0.07483489098316903,11.722031715610932,analytic,converged,1,0.0,2.4999608285725117e-06,d3c044325798,42,phase1
baseline_phase1_20260608T162505Z_d3c044325798,wing_000067,v20_a15,2026-06-08T16:25:05.728515+00:00,1.3736021650116266,0.4519164833713887,0.19287086919959906,0.4267843203256125,0.6801739866795878,-3.1651532880071365,NACA4412,0.44284065173181186,4.260636191248494,0.33973909255699036,20.0,15.0,1.225,1.2304371708867412,0.14026861431180074,8.772006317476148,analytic,converged,1,0.0,2.600019797682762e-06,d3c044325798,42,phase1
baseline_phase1_20260608T162505Z_d3c044325798,wing_000067,v25_a-5,2026-06-08T16:25:05.728518+00:00,1.3736021650116266,0.4519164833713887,0.19287086919959906,0.4267843203256125,0.6801739866795878,-3.1651532880071365,NACA4412,0.44284065173181186,4.260636191248494,0.33973909255699036,25.0,-5.0,1.225,-0.18244365050424716,0.010125595345324149,-18.018066521737605,analytic,converged,1,0.0,1.3999524526298046e-06,d3c044325798,42,phase1
baseline_phase1_20260608T162505Z_d3c044325798,wing_000067,v25_a0,2026-06-08T16:25:05.728520+00:00,1.3736021650116266,0.4519164833713887,0.19287086919959906,0.4267843203256125,0.6801739866795878,-3.1651532880071365,NACA4412,0.44284065173181186,4.260636191248494,0.33973909255699036,25.0,0.0,1.225,0.17077655484349988,0.009763381499930775,17.491537623999506,analytic,converged,1,0.0,1.500011421740055e-06,d3c044325798,42,phase1
baseline_phase1_20260608T162505Z_d3c044325798,wing_000067,v25_a5,2026-06-08T16:25:05.728523+00:00,1.3736021650116266,0.4519164833713887,0.19287086919959906,0.4267843203256125,0.6801739866795878,-3.1651532880071365,NACA4412,0.44284065173181186,4.260636191248494,0.33973909255699036,25.0,5.0,1.225,0.5239967601912469,0.03133314671254574,16.723400461449327,analytic,converged,1,0.0,1.400010660290718e-06,d3c044325798,42,phase1
baseline_phase1_20260608T162505Z_d3c044325798,wing_000067,v25_a10,2026-06-08T16:25:05.728525+00:00,1.3736021650116266,0.4519164833713887,0.19287086919959906,0.4267843203256125,0.6801739866795878,-3.1651532880071365,NACA4412,0.44284065173181186,4.260636191248494,0.33973909255699036,25.0,10.0,1.225,0.877216965538994,0.07483489098316903,11.722031715610932,analytic,converged,1,0.0,1.4999532140791416e-06,d3c044325798,42,phase1
baseline_phase1_20260608T162505Z_d3c044325798,wing_000067,v25_a15,2026-06-08T16:25:05.728528+00:00,1.3736021650116266,0.4519164833713887,0.19287086919959906,0.4267843203256125,0.6801739866795878,-3.1651532880071365,NACA4412,0.44284065173181186,4.260636191248494,0.33973909255699036,25.0,15.0,1.225,1.2304371708867412,0.14026861431180074,8.772006317476148,analytic,converged,1,0.0,1.500011421740055e-06,d3c044325798,42,phase1
baseline_phase1_20260608T162505Z_d3c044325798,wing_000068,v15_a-5,2026-06-08T16:25:05.728530+00:00,1.4558763781552195,0.30530619872527476,0.2492665593379192,0.8164477510730727,4.280967443716055,4.511482794660651,NACA0012,0.4036946892162968,5.250443181665701,0.2782301810055804,15.0,-5.0,1.225,-0.2074115979097214,0.010268324679105186,-20.199166309162315,analytic,converged,1,0.0,1.500011421740055e-06,d3c044325798,42,phase1
baseline_phase1_20260608T162505Z_d3c044325798,wing_000068,v15_a0,2026-06-08T16:25:05.728532+00:00,1.4558763781552195,0.30530619872527476,0.2492665593379192,0.8164477510730727,4.280967443716055,4.511482794660651,NACA0012,0.4036946892162968,5.250443181665701,0.2782301810055804,15.0,0.0,1.225,0.17048937269841824,0.009273145885769354,18.385278825393293,analytic,converged,1,0.0,1.700012944638729e-06,d3c044325798,42,phase1
baseline_phase1_20260608T162505Z_d3c044325798,wing_000068,v15_a5,2026-06-08T16:25:05.728535+00:00,1.4558763781552195,0.30530619872527476,0.2492665593379192,0.8164477510730727,4.280967443716055,4.511482794660651,NACA0012,0.4036946892162968,5.250443181665701,0.2782301810055804,15.0,5.0,1.225,0.5483903433065579,0.028649384566758314,19.141435378086673,analytic,converged,1,0.0,1.500011421740055e-06,d3c044325798,42,phase1
baseline_phase1_20260608T162505Z_d3c044325798,wing_000068,v15_a10,2026-06-08T16:25:05.728537+00:00,1.4558763781552195,0.30530619872527476,0.2492665593379192,0.8164477510730727,4.280967443716055,4.511482794660651,NACA0012,0.4036946892162968,5.250443181665701,0.2782301810055804,15.0,10.0,1.225,0.9262913139146977,0.06839704072207207,13.542856593439994,analytic,converged,1,0.0,1.400010660290718e-06,d3c044325798,42,phase1
baseline_phase1_20260608T162505Z_d3c044325798,wing_000068,v15_a15,2026-06-08T16:25:05.728540+00:00,1.4558763781552195,0.30530619872527476,0.2492665593379192,0.8164477510730727,4.280967443716055,4.511482794660651,NACA0012,0.4036946892162968,5.250443181665701,0.2782301810055804,15.0,15.0,1.225,1.3041922845228373,0.12851611435171062,10.148083694420206,analytic,converged,1,0.0,1.500011421740055e-06,d3c044325798,42,phase1
baseline_phase1_20260608T162505Z_d3c044325798,wing_000068,v20_a-5,2026-06-08T16:25:05.728542+00:00,1.4558763781552195,0.30530619872527476,0.2492665593379192,0.8164477510730727,4.280967443716055,4.511482794660651,NACA0012,0.4036946892162968,5.250443181665701,0.2782301810055804,20.0,-5.0,1.225,-0.2074115979097214,0.010268324679105186,-20.199166309162315,analytic,converged,1,0.0,1.400010660290718e-06,d3c044325798,42,phase1
baseline_phase1_20260608T162505Z_d3c044325798,wing_000068,v20_a0,2026-06-08T16:25:05.728544+00:00,1.4558763781552195,0.30530619872527476,0.2492665593379192,0.8164477510730727,4.280967443716055,4.511482794660651,NACA0012,0.4036946892162968,5.250443181665701,0.2782301810055804,20.0,0.0,1.225,0.17048937269841824,0.009273145885769354,18.385278825393293,analytic,converged,1,0.0,1.4999532140791416e-06,d3c044325798,42,phase1
baseline_phase1_20260608T162505Z_d3c044325798,wing_000068,v20_a5,2026-06-08T16:25:05.728547+00:00,1.4558763781552195,0.30530619872527476,0.2492665593379192,0.8164477510730727,4.280967443716055,4.511482794660651,NACA0012,0.4036946892162968,5.250443181665701,0.2782301810055804,20.0,5.0,1.225,0.5483903433065579,0.028649384566758314,19.141435378086673,analytic,converged,1,0.0,1.500011421740055e-06,d3c044325798,42,phase1
baseline_phase1_20260608T162505Z_d3c044325798,wing_000068,v20_a10,2026-06-08T16:25:05.728549+00:00,1.4558763781552195,0.30530619872527476,0.2492665593379192,0.8164477510730727,4.280967443716055,4.511482794660651,NACA0012,0.4036946892162968,5.250443181665701,0.2782301810055804,20.0,10.0,1.225,0.9262913139146977,0.06839704072207207,13.542856593439994,analytic,converged,1,0.0,1.500011421740055e-06,d3c044325798,42,phase1
baseline_phase1_20260608T162505Z_d3c044325798,wing_000068,v20_a15,2026-06-08T16:25:05.728552+00:00,1.4558763781552195,0.30530619872527476,0.2492665593379192,0.8164477510730727,4.280967443716055,4.511482794660651,NACA0012,0.4036946892162968,5.250443181665701,0.2782301810055804,20.0,15.0,1.225,1.3041922845228373,0.12851611435171062,10.148083694420206,analytic,converged,1,0.0,1.600012183189392e-06,d3c044325798,42,phase1
baseline_phase1_20260608T162505Z_d3c044325798,wing_000068,v25_a-5,2026-06-08T16:25:05.728554+00:00,1.4558763781552195,0.30530619872527476,0.2492665593379192,0.8164477510730727,4.280967443716055,4.511482794660651,NACA0012,0.4036946892162968,5.250443181665701,0.2782301810055804,25.0,-5.0,1.225,-0.2074115979097214,0.010268324679105186,-20.199166309162315,analytic,converged,1,0.0,1.500011421740055e-06,d3c044325798,42,phase1
baseline_phase1_20260608T162505Z_d3c044325798,wing_000068,v25_a0,2026-06-08T16:25:05.728556+00:00,1.4558763781552195,0.30530619872527476,0.2492665593379192,0.8164477510730727,4.280967443716055,4.511482794660651,NACA0012,0.4036946892162968,5.250443181665701,0.2782301810055804,25.0,0.0,1.225,0.17048937269841824,0.009273145885769354,18.385278825393293,analytic,converged,1,0.0,1.600012183189392e-06,d3c044325798,42,phase1
baseline_phase1_20260608T162505Z_d3c044325798,wing_000068,v25_a5,2026-06-08T16:25:05.728559+00:00,1.4558763781552195,0.30530619872527476,0.2492665593379192,0.8164477510730727,4.280967443716055,4.511482794660651,NACA0012,0.4036946892162968,5.250443181665701,0.2782301810055804,25.0,5.0,1.225,0.5483903433065579,0.028649384566758314,19.141435378086673,analytic,converged,1,0.0,1.700012944638729e-06,d3c044325798,42,phase1
baseline_phase1_20260608T162505Z_d3c044325798,wing_000068,v25_a10,2026-06-08T16:25:05.728561+00:00,1.4558763781552195,0.30530619872527476,0.2492665593379192,0.8164477510730727,4.280967443716055,4.511482794660651,NACA0012,0.4036946892162968,5.250443181665701,0.2782301810055804,25.0,10.0,1.225,0.9262913139146977,0.06839704072207207,13.542856593439994,analytic,converged,1,0.0,1.500011421740055e-06,d3c044325798,42,phase1
baseline_phase1_20260608T162505Z_d3c044325798,wing_000068,v25_a15,2026-06-08T16:25:05.728564+00:00,1.4558763781552195,0.30530619872527476,0.2492665593379192,0.8164477510730727,4.280967443716055,4.511482794660651,NACA0012,0.4036946892162968,5.250443181665701,0.2782301810055804,25.0,15.0,1.225,1.3041922845228373,0.12851611435171062,10.148083694420206,analytic,converged,1,0.0,1.3999524526298046e-06,d3c044325798,42,phase1
baseline_phase1_20260608T162505Z_d3c044325798,wing_000069,v15_a-5,2026-06-08T16:25:05.728567+00:00,1.7090837321731303,0.4950325563841662,0.1535623014526694,0.3102064691953281,26.447993606285344,3.980400296050602,NACA0012,0.5542514601500399,5.2701118780780645,0.35426013306110016,15.0,-5.0,1.225,-0.21112256731447512,0.010367237884488342,-20.364398855973075,analytic,converged,1,0.0,1.600012183189392e-06,d3c044325798,42,phase1
baseline_phase1_20260608T162505Z_d3c044325798,wing_000069,v15_a0,2026-06-08T16:25:05.728569+00:00,1.7090837321731303,0.4950325563841662,0.1535623014526694,0.3102064691953281,26.447993606285344,3.980400296050602,NACA0012,0.5542514601500399,5.2701118780780645,0.35426013306110016,15.0,0.0,1.225,0.13960269299803332,0.008584837958081735,16.261540832766897,analytic,converged,1,0.0,1.400010660290718e-06,d3c044325798,42,phase1
baseline_phase1_20260608T162505Z_d3c044325798,wing_000069,v15_a5,2026-06-08T16:25:05.728572+00:00,1.7090837321731303,0.4950325563841662,0.1535623014526694,0.3102064691953281,26.447993606285344,3.980400296050602,NACA0012,0.5542514601500399,5.2701118780780645,0.35426013306110016,15.0,5.0,1.225,0.49032795331054174,0.024283807627041992,20.191559776833422,analytic,converged,1,0.0,1.4999532140791416e-06,d3c044325798,42,phase1
baseline_phase1_20260608T162505Z_d3c044325798,wing_000069,v15_a10,2026-06-08T16:25:05.728574+00:00,1.7090837321731303,0.4950325563841662,0.1535623014526694,0.3102064691953281,26.447993606285344,3.980400296050602,NACA0012,0.5542514601500399,5.2701118780780645,0.35426013306110016,15.0,10.0,1.225,0.8410532136230502,0.05746414689136911,14.636138516299336,analytic,converged,1,0.0,1.500011421740055e-06,d3c044325798,42,phase1
baseline_phase1_20260608T162505Z_d3c044325798,wing_000069,v15_a15,2026-06-08T16:25:05.728576+00:00,1.7090837321731303,0.4950325563841662,0.1535623014526694,0.3102064691953281,26.447993606285344,3.980400296050602,NACA0012,0.5542514601500399,5.2701118780780645,0.35426013306110016,15.0,15.0,1.225,1.1917784739355588,0.10812585575106314,11.022141426370546,analytic,converged,1,0.0,1.300009898841381e-06,d3c044325798,42,phase1
baseline_phase1_20260608T162505Z_d3c044325798,wing_000069,v20_a-5,2026-06-08T16:25:05.728579+00:00,1.7090837321731303,0.4950325563841662,0.1535623014526694,0.3102064691953281,26.447993606285344,3.980400296050602,NACA0012,0.5542514601500399,5.2701118780780645,0.35426013306110016,20.0,-5.0,1.225,-0.21112256731447512,0.010367237884488342,-20.364398855973075,analytic,converged,1,0.0,1.4999532140791416e-06,d3c044325798,42,phase1
baseline_phase1_20260608T162505Z_d3c044325798,wing_000069,v20_a0,2026-06-08T16:25:05.728582+00:00,1.7090837321731303,0.4950325563841662,0.1535623014526694,0.3102064691953281,26.447993606285344,3.980400296050602,NACA0012,0.5542514601500399,5.2701118780780645,0.35426013306110016,20.0,0.0,1.225,0.13960269299803332,0.008584837958081735,16.261540832766897,analytic,converged,1,0.0,1.400010660290718e-06,d3c044325798,42,phase1
baseline_phase1_20260608T162505Z_d3c044325798,wing_000069,v20_a5,2026-06-08T16:25:05.728584+00:00,1.7090837321731303,0.4950325563841662,0.1535623014526694,0.3102064691953281,26.447993606285344,3.980400296050602,NACA0012,0.5542514601500399,5.2701118780780645,0.35426013306110016,20.0,5.0,1.225,0.49032795331054174,0.024283807627041992,20.191559776833422,analytic,converged,1,0.0,1.400010660290718e-06,d3c044325798,42,phase1
baseline_phase1_20260608T162505Z_d3c044325798,wing_000069,v20_a10,2026-06-08T16:25:05.728587+00:00,1.7090837321731303,0.4950325563841662,0.1535623014526694,0.3102064691953281,26.447993606285344,3.980400296050602,NACA0012,0.5542514601500399,5.2701118780780645,0.35426013306110016,20.0,10.0,1.225,0.8410532136230502,0.05746414689136911,14.636138516299336,analytic,converged,1,0.0,1.4999532140791416e-06,d3c044325798,42,phase1
baseline_phase1_20260608T162505Z_d3c044325798,wing_000069,v20_a15,2026-06-08T16:25:05.728589+00:00,1.7090837321731303,0.4950325563841662,0.1535623014526694,0.3102064691953281,26.447993606285344,3.980400296050602,NACA0012,0.5542514601500399,5.2701118780780645,0.35426013306110016,20.0,15.0,1.225,1.1917784739355588,0.10812585575106314,11.022141426370546,analytic,converged,1,0.0,1.400010660290718e-06,d3c044325798,42,phase1
baseline_phase1_20260608T162505Z_d3c044325798,wing_000069,v25_a-5,2026-06-08T16:25:05.728591+00:00,1.7090837321731303,0.4950325563841662,0.1535623014526694,0.3102064691953281,26.447993606285344,3.980400296050602,NACA0012,0.5542514601500399,5.2701118780780645,0.35426013306110016,25.0,-5.0,1.225,-0.21112256731447512,0.010367237884488342,-20.364398855973075,analytic,converged,1,0.0,2.300017513334751e-06,d3c044325798,42,phase1
baseline_phase1_20260608T162505Z_d3c044325798,wing_000069,v25_a0,2026-06-08T16:25:05.728606+00:00,1.7090837321731303,0.4950325563841662,0.1535623014526694,0.3102064691953281,26.447993606285344,3.980400296050602,NACA0012,0.5542514601500399,5.2701118780780645,0.35426013306110016,25.0,0.0,1.225,0.13960269299803332,0.008584837958081735,16.261540832766897,analytic,converged,1,0.0,2.500019036233425e-06,d3c044325798,42,phase1
baseline_phase1_20260608T162505Z_d3c044325798,wing_000069,v25_a5,2026-06-08T16:25:05.728609+00:00,1.7090837321731303,0.4950325563841662,0.1535623014526694,0.3102064691953281,26.447993606285344,3.980400296050602,NACA0012,0.5542514601500399,5.2701118780780645,0.35426013306110016,25.0,5.0,1.225,0.49032795331054174,0.024283807627041992,20.191559776833422,analytic,converged,1,0.0,1.700012944638729e-06,d3c044325798,42,phase1
baseline_phase1_20260608T162505Z_d3c044325798,wing_000069,v25_a10,2026-06-08T16:25:05.728613+00:00,1.7090837321731303,0.4950325563841662,0.1535623014526694,0.3102064691953281,26.447993606285344,3.980400296050602,NACA0012,0.5542514601500399,5.2701118780780645,0.35426013306110016,25.0,10.0,1.225,0.8410532136230502,0.05746414689136911,14.636138516299336,analytic,converged,1,0.0,1.3999524526298046e-06,d3c044325798,42,phase1
baseline_phase1_20260608T162505Z_d3c044325798,wing_000069,v25_a15,2026-06-08T16:25:05.728615+00:00,1.7090837321731303,0.4950325563841662,0.1535623014526694,0.3102064691953281,26.447993606285344,3.980400296050602,NACA0012,0.5542514601500399,5.2701118780780645,0.35426013306110016,25.0,15.0,1.225,1.1917784739355588,0.10812585575106314,11.022141426370546,analytic,converged,1,0.0,1.500011421740055e-06,d3c044325798,42,phase1
baseline_phase1_20260608T162505Z_d3c044325798,wing_000070,v15_a-5,2026-06-08T16:25:05.728618+00:00,1.5213769675540099,0.18119159877062507,0.09196462890659715,0.5075545970705708,25.820811733312528,-4.072757502040124,NACA4412,0.20778679666603256,11.139244237563274,0.14143580536238132,15.0,-5.0,1.225,-0.2518458739618029,0.009332284527286634,-26.986519027086203,analytic,converged,1,0.0,1.500011421740055e-06,d3c044325798,42,phase1
baseline_phase1_20260608T162505Z_d3c044325798,wing_000070,v15_a0,2026-06-08T16:25:05.728620+00:00,1.5213769675540099,0.18119159877062507,0.09196462890659715,0.5075545970705708,25.820811733312528,-4.072757502040124,NACA4412,0.20778679666603256,11.139244237563274,0.14143580536238132,15.0,0.0,1.225,0.16286832115828226,0.008091761491859173,20.127671993562608,analytic,converged,1,0.0,1.400010660290718e-06,d3c044325798,42,phase1
baseline_phase1_20260608T162505Z_d3c044325798,wing_000070,v15_a5,2026-06-08T16:25:05.728623+00:00,1.5213769675540099,0.18119159877062507,0.09196462890659715,0.5075545970705708,25.820811733312528,-4.072757502040124,NACA4412,0.20778679666603256,11.139244237563274,0.14143580536238132,15.0,5.0,1.225,0.5775825162783674,0.018415110375931583,31.364597034034812,analytic,converged,1,0.0,1.500011421740055e-06,d3c044325798,42,phase1
baseline_phase1_20260608T162505Z_d3c044325798,wing_000070,v15_a10,2026-06-08T16:25:05.728625+00:00,1.5213769675540099,0.18119159877062507,0.09196462890659715,0.5075545970705708,25.820811733312528,-4.072757502040124,NACA4412,0.20778679666603256,11.139244237563274,0.14143580536238132,15.0,10.0,1.225,0.9922967113984525,0.04030233117950386,24.621322944790215,analytic,converged,1,0.0,1.3999524526298046e-06,d3c044325798,42,phase1
baseline_phase1_20260608T162505Z_d3c044325798,wing_000070,v15_a15,2026-06-08T16:25:05.728628+00:00,1.5213769675540099,0.18119159877062507,0.09196462890659715,0.5075545970705708,25.820811733312528,-4.072757502040124,NACA4412,0.20778679666603256,11.139244237563274,0.14143580536238132,15.0,15.0,1.225,1.4,0.07309182656062109,19.15398842631008,analytic,stall_limited,1,0.0,1.600012183189392e-06,d3c044325798,42,phase1
baseline_phase1_20260608T162505Z_d3c044325798,wing_000070,v20_a-5,2026-06-08T16:25:05.728630+00:00,1.5213769675540099,0.18119159877062507,0.09196462890659715,0.5075545970705708,25.820811733312528,-4.072757502040124,NACA4412,0.20778679666603256,11.139244237563274,0.14143580536238132,20.0,-5.0,1.225,-0.2518458739618029,0.009332284527286634,-26.986519027086203,analytic,converged,1,0.0,1.700012944638729e-06,d3c044325798,42,phase1
baseline_phase1_20260608T162505Z_d3c044325798,wing_000070,v20_a0,2026-06-08T16:25:05.728632+00:00,1.5213769675540099,0.18119159877062507,0.09196462890659715,0.5075545970705708,25.820811733312528,-4.072757502040124,NACA4412,0.20778679666603256,11.139244237563274,0.14143580536238132,20.0,0.0,1.225,0.16286832115828226,0.008091761491859173,20.127671993562608,analytic,converged,1,0.0,1.4999532140791416e-06,d3c044325798,42,phase1
baseline_phase1_20260608T162505Z_d3c044325798,wing_000070,v20_a5,2026-06-08T16:25:05.728634+00:00,1.5213769675540099,0.18119159877062507,0.09196462890659715,0.5075545970705708,25.820811733312528,-4.072757502040124,NACA4412,0.20778679666603256,11.139244237563274,0.14143580536238132,20.0,5.0,1.225,0.5775825162783674,0.018415110375931583,31.364597034034812,analytic,converged,1,0.0,1.400010660290718e-06,d3c044325798,42,phase1
baseline_phase1_20260608T162505Z_d3c044325798,wing_000070,v20_a10,2026-06-08T16:25:05.728637+00:00,1.5213769675540099,0.18119159877062507,0.09196462890659715,0.5075545970705708,25.820811733312528,-4.072757502040124,NACA4412,0.20778679666603256,11.139244237563274,0.14143580536238132,20.0,10.0,1.225,0.9922967113984525,0.04030233117950386,24.621322944790215,analytic,converged,1,0.0,1.500011421740055e-06,d3c044325798,42,phase1
baseline_phase1_20260608T162505Z_d3c044325798,wing_000070,v20_a15,2026-06-08T16:25:05.728639+00:00,1.5213769675540099,0.18119159877062507,0.09196462890659715,0.5075545970705708,25.820811733312528,-4.072757502040124,NACA4412,0.20778679666603256,11.139244237563274,0.14143580536238132,20.0,15.0,1.225,1.4,0.07309182656062109,19.15398842631008,analytic,stall_limited,1,0.0,1.4999532140791416e-06,d3c044325798,42,phase1
baseline_phase1_20260608T162505Z_d3c044325798,wing_000070,v25_a-5,2026-06-08T16:25:05.728641+00:00,1.5213769675540099,0.18119159877062507,0.09196462890659715,0.5075545970705708,25.820811733312528,-4.072757502040124,NACA4412,0.20778679666603256,11.139244237563274,0.14143580536238132,25.0,-5.0,1.225,-0.2518458739618029,0.009332284527286634,-26.986519027086203,analytic,converged,1,0.0,1.500011421740055e-06,d3c044325798,42,phase1
baseline_phase1_20260608T162505Z_d3c044325798,wing_000070,v25_a0,2026-06-08T16:25:05.728644+00:00,1.5213769675540099,0.18119159877062507,0.09196462890659715,0.5075545970705708,25.820811733312528,-4.072757502040124,NACA4412,0.20778679666603256,11.139244237563274,0.14143580536238132,25.0,0.0,1.225,0.16286832115828226,0.008091761491859173,20.127671993562608,analytic,converged,1,0.0,2.7999631129205227e-06,d3c044325798,42,phase1
baseline_phase1_20260608T162505Z_d3c044325798,wing_000070,v25_a5,2026-06-08T16:25:05.728646+00:00,1.5213769675540099,0.18119159877062507,0.09196462890659715,0.5075545970705708,25.820811733312528,-4.072757502040124,NACA4412,0.20778679666603256,11.139244237563274,0.14143580536238132,25.0,5.0,1.225,0.5775825162783674,0.018415110375931583,31.364597034034812,analytic,converged,1,0.0,1.500011421740055e-06,d3c044325798,42,phase1
baseline_phase1_20260608T162505Z_d3c044325798,wing_000070,v25_a10,2026-06-08T16:25:05.728649+00:00,1.5213769675540099,0.18119159877062507,0.09196462890659715,0.5075545970705708,25.820811733312528,-4.072757502040124,NACA4412,0.20778679666603256,11.139244237563274,0.14143580536238132,25.0,10.0,1.225,0.9922967113984525,0.04030233117950386,24.621322944790215,analytic,converged,1,0.0,1.400010660290718e-06,d3c044325798,42,phase1
baseline_phase1_20260608T162505Z_d3c044325798,wing_000070,v25_a15,2026-06-08T16:25:05.728651+00:00,1.5213769675540099,0.18119159877062507,0.09196462890659715,0.5075545970705708,25.820811733312528,-4.072757502040124,NACA4412,0.20778679666603256,11.139244237563274,0.14143580536238132,25.0,15.0,1.225,1.4,0.07309182656062109,19.15398842631008,analytic,stall_limited,1,0.0,1.4999532140791416e-06,d3c044325798,42,phase1
baseline_phase1_20260608T162505Z_d3c044325798,wing_000071,v15_a-5,2026-06-08T16:25:05.728653+00:00,1.3486056516338154,0.2829945465882189,0.1591697010491078,0.5624479445560244,27.95365961077947,-3.39210373389977,NACA0012,0.2981526016570563,6.100021242513361,0.22686149670054045,15.0,-5.0,1.225,-0.48379185298352273,0.021568682731105935,-22.43029205885659,analytic,converged,1,0.0,1.400010660290718e-06,d3c044325798,42,phase1
baseline_phase1_20260608T162505Z_d3c044325798,wing_000071,v15_a0,2026-06-08T16:25:05.728655+00:00,1.3486056516338154,0.2829945465882189,0.1591697010491078,0.5624479445560244,27.95365961077947,-3.39210373389977,NACA0012,0.2981526016570563,6.100021242513361,0.22686149670054045,15.0,0.0,1.225,-0.12254028071643507,0.008121844345203903,-15.087740605223162,analytic,converged,1,0.0,1.500011421740055e-06,d3c044325798,42,phase1
baseline_phase1_20260608T162505Z_d3c044325798,wing_000071,v15_a5,2026-06-08T16:25:05.728658+00:00,1.3486056516338154,0.2829945465882189,0.1591697010491078,0.5624479445560244,27.95365961077947,-3.39210373389977,NACA0012,0.2981526016570563,6.100021242513361,0.22686149670054045,15.0,5.0,1.225,0.23871129155065257,0.01069820921355115,22.313200909202923,analytic,converged,1,0.0,1.5999539755284786e-06,d3c044325798,42,phase1
baseline_phase1_20260608T162505Z_d3c044325798,wing_000071,v15_a10,2026-06-08T16:25:05.728660+00:00,1.3486056516338154,0.2829945465882189,0.1591697010491078,0.5624479445560244,27.95365961077947,-3.39210373389977,NACA0012,0.2981526016570563,6.100021242513361,0.22686149670054045,15.0,10.0,1.225,0.5999628638177403,0.029297777336147683,20.478101698093813,analytic,converged,1,0.0,1.600012183189392e-06,d3c044325798,42,phase1
baseline_phase1_20260608T162505Z_d3c044325798,wing_000071,v15_a15,2026-06-08T16:25:05.728662+00:00,1.3486056516338154,0.2829945465882189,0.1591697010491078,0.5624479445560244,27.95365961077947,-3.39210373389977,NACA0012,0.2981526016570563,6.100021242513361,0.22686149670054045,15.0,15.0,1.225,0.9612144360848278,0.06392054871299346,15.037643691087975,analytic,converged,1,0.0,1.400010660290718e-06,d3c044325798,42,phase1
baseline_phase1_20260608T162505Z_d3c044325798,wing_000071,v20_a-5,2026-06-08T16:25:05.728665+00:00,1.3486056516338154,0.2829945465882189,0.1591697010491078,0.5624479445560244,27.95365961077947,-3.39210373389977,NACA0012,0.2981526016570563,6.100021242513361,0.22686149670054045,20.0,-5.0,1.225,-0.48379185298352273,0.021568682731105935,-22.43029205885659,analytic,converged,1,0.0,1.400010660290718e-06,d3c044325798,42,phase1
baseline_phase1_20260608T162505Z_d3c044325798,wing_000071,v20_a0,2026-06-08T16:25:05.728667+00:00,1.3486056516338154,0.2829945465882189,0.1591697010491078,0.5624479445560244,27.95365961077947,-3.39210373389977,NACA0012,0.2981526016570563,6.100021242513361,0.22686149670054045,20.0,0.0,1.225,-0.12254028071643507,0.008121844345203903,-15.087740605223162,analytic,converged,1,0.0,1.300009898841381e-06,d3c044325798,42,phase1
baseline_phase1_20260608T162505Z_d3c044325798,wing_000071,v20_a5,2026-06-08T16:25:05.728669+00:00,1.3486056516338154,0.2829945465882189,0.1591697010491078,0.5624479445560244,27.95365961077947,-3.39210373389977,NACA0012,0.2981526016570563,6.100021242513361,0.22686149670054045,20.0,5.0,1.225,0.23871129155065257,0.01069820921355115,22.313200909202923,analytic,converged,1,0.0,1.500011421740055e-06,d3c044325798,42,phase1
baseline_phase1_20260608T162505Z_d3c044325798,wing_000071,v20_a10,2026-06-08T16:25:05.728672+00:00,1.3486056516338154,0.2829945465882189,0.1591697010491078,0.5624479445560244,27.95365961077947,-3.39210373389977,NACA0012,0.2981526016570563,6.100021242513361,0.22686149670054045,20.0,10.0,1.225,0.5999628638177403,0.029297777336147683,20.478101698093813,analytic,converged,1,0.0,1.300009898841381e-06,d3c044325798,42,phase1
baseline_phase1_20260608T162505Z_d3c044325798,wing_000071,v20_a15,2026-06-08T16:25:05.728674+00:00,1.3486056516338154,0.2829945465882189,0.1591697010491078,0.5624479445560244,27.95365961077947,-3.39210373389977,NACA0012,0.2981526016570563,6.100021242513361,0.22686149670054045,20.0,15.0,1.225,0.9612144360848278,0.06392054871299346,15.037643691087975,analytic,converged,1,0.0,1.9000144675374031e-06,d3c044325798,42,phase1
baseline_phase1_20260608T162505Z_d3c044325798,wing_000071,v25_a-5,2026-06-08T16:25:05.728677+00:00,1.3486056516338154,0.2829945465882189,0.1591697010491078,0.5624479445560244,27.95365961077947,-3.39210373389977,NACA0012,0.2981526016570563,6.100021242513361,0.22686149670054045,25.0,-5.0,1.225,-0.48379185298352273,0.021568682731105935,-22.43029205885659,analytic,converged,1,0.0,1.3999524526298046e-06,d3c044325798,42,phase1
baseline_phase1_20260608T162505Z_d3c044325798,wing_000071,v25_a0,2026-06-08T16:25:05.728679+00:00,1.3486056516338154,0.2829945465882189,0.1591697010491078,0.5624479445560244,27.95365961077947,-3.39210373389977,NACA0012,0.2981526016570563,6.100021242513361,0.22686149670054045,25.0,0.0,1.225,-0.12254028071643507,0.008121844345203903,-15.087740605223162,analytic,converged,1,0.0,1.400010660290718e-06,d3c044325798,42,phase1
baseline_phase1_20260608T162505Z_d3c044325798,wing_000071,v25_a5,2026-06-08T16:25:05.728681+00:00,1.3486056516338154,0.2829945465882189,0.1591697010491078,0.5624479445560244,27.95365961077947,-3.39210373389977,NACA0012,0.2981526016570563,6.100021242513361,0.22686149670054045,25.0,5.0,1.225,0.23871129155065257,0.01069820921355115,22.313200909202923,analytic,converged,1,0.0,2.500019036233425e-06,d3c044325798,42,phase1
baseline_phase1_20260608T162505Z_d3c044325798,wing_000071,v25_a10,2026-06-08T16:25:05.728684+00:00,1.3486056516338154,0.2829945465882189,0.1591697010491078,0.5624479445560244,27.95365961077947,-3.39210373389977,NACA0012,0.2981526016570563,6.100021242513361,0.22686149670054045,25.0,10.0,1.225,0.5999628638177403,0.029297777336147683,20.478101698093813,analytic,converged,1,0.0,2.00001522898674e-06,d3c044325798,42,phase1
baseline_phase1_20260608T162505Z_d3c044325798,wing_000071,v25_a15,2026-06-08T16:25:05.728686+00:00,1.3486056516338154,0.2829945465882189,0.1591697010491078,0.5624479445560244,27.95365961077947,-3.39210373389977,NACA0012,0.2981526016570563,6.100021242513361,0.22686149670054045,25.0,15.0,1.225,0.9612144360848278,0.06392054871299346,15.037643691087975,analytic,converged,1,0.0,2.600019797682762e-06,d3c044325798,42,phase1
baseline_phase1_20260608T162505Z_d3c044325798,wing_000072,v15_a-5,2026-06-08T16:25:05.728688+00:00,1.4472070904716003,0.38005209774818427,0.11299698504297373,0.2973197246179746,22.321135218777957,0.24199777423983715,NACA2412,0.3567720642829415,5.870438222008,0.2706324972804367,15.0,-5.0,1.225,-0.21306205422775418,0.01009582890919519,-21.103968395670726,analytic,converged,1,0.0,1.500011421740055e-06,d3c044325798,42,phase1
baseline_phase1_20260608T162505Z_d3c044325798,wing_000072,v15_a0,2026-06-08T16:25:05.728691+00:00,1.4472070904716003,0.38005209774818427,0.11299698504297373,0.2973197246179746,22.321135218777957,0.24199777423983715,NACA2412,0.3567720642829415,5.870438222008,0.2706324972804367,15.0,0.0,1.225,0.15696568434198221,0.008771701671932504,17.89455344157879,analytic,converged,1,0.0,1.400010660290718e-06,d3c044325798,42,phase1
baseline_phase1_20260608T162505Z_d3c044325798,wing_000072,v15_a5,2026-06-08T16:25:05.728693+00:00,1.4472070904716003,0.38005209774818427,0.11299698504297373,0.2973197246179746,22.321135218777957,0.24199777423983715,NACA2412,0.3567720642829415,5.870438222008,0.2706324972804367,15.0,5.0,1.225,0.5269934229117187,0.024916220201966696,21.15061669225904,analytic,converged,1,0.0,1.500011421740055e-06,d3c044325798,42,phase1
baseline_phase1_20260608T162505Z_d3c044325798,wing_000072,v15_a10,2026-06-08T16:25:05.728695+00:00,1.4472070904716003,0.38005209774818427,0.11299698504297373,0.2973197246179746,22.321135218777957,0.24199777423983715,NACA2412,0.3567720642829415,5.870438222008,0.2706324972804367,15.0,10.0,1.225,0.8970211614814552,0.05852938449929776,15.325996833132898,analytic,converged,1,0.0,1.400010660290718e-06,d3c044325798,42,phase1
baseline_phase1_20260608T162505Z_d3c044325798,wing_000072,v15_a15,2026-06-08T16:25:05.728697+00:00,1.4472070904716003,0.38005209774818427,0.11299698504297373,0.2973197246179746,22.321135218777957,0.24199777423983715,NACA2412,0.3567720642829415,5.870438222008,0.2706324972804367,15.0,15.0,1.225,1.2670489000511913,0.10961119456392567,11.559484458608319,analytic,converged,1,0.0,1.500011421740055e-06,d3c044325798,42,phase1
baseline_phase1_20260608T162505Z_d3c044325798,wing_000072,v20_a-5,2026-06-08T16:25:05.728700+00:00,1.4472070904716003,0.38005209774818427,0.11299698504297373,0.2973197246179746,22.321135218777957,0.24199777423983715,NACA2412,0.3567720642829415,5.870438222008,0.2706324972804367,20.0,-5.0,1.225,-0.21306205422775418,0.01009582890919519,-21.103968395670726,analytic,converged,1,0.0,1.4999532140791416e-06,d3c044325798,42,phase1
baseline_phase1_20260608T162505Z_d3c044325798,wing_000072,v20_a0,2026-06-08T16:25:05.728702+00:00,1.4472070904716003,0.38005209774818427,0.11299698504297373,0.2973197246179746,22.321135218777957,0.24199777423983715,NACA2412,0.3567720642829415,5.870438222008,0.2706324972804367,20.0,0.0,1.225,0.15696568434198221,0.008771701671932504,17.89455344157879,analytic,converged,1,0.0,1.300009898841381e-06,d3c044325798,42,phase1
baseline_phase1_20260608T162505Z_d3c044325798,wing_000072,v20_a5,2026-06-08T16:25:05.728705+00:00,1.4472070904716003,0.38005209774818427,0.11299698504297373,0.2973197246179746,22.321135218777957,0.24199777423983715,NACA2412,0.3567720642829415,5.870438222008,0.2706324972804367,20.0,5.0,1.225,0.5269934229117187,0.024916220201966696,21.15061669225904,analytic,converged,1,0.0,1.500011421740055e-06,d3c044325798,42,phase1
baseline_phase1_20260608T162505Z_d3c044325798,wing_000072,v20_a10,2026-06-08T16:25:05.728707+00:00,1.4472070904716003,0.38005209774818427,0.11299698504297373,0.2973197246179746,22.321135218777957,0.24199777423983715,NACA2412,0.3567720642829415,5.870438222008,0.2706324972804367,20.0,10.0,1.225,0.8970211614814552,0.05852938449929776,15.325996833132898,analytic,converged,1,0.0,1.4999532140791416e-06,d3c044325798,42,phase1
baseline_phase1_20260608T162505Z_d3c044325798,wing_000072,v20_a15,2026-06-08T16:25:05.728709+00:00,1.4472070904716003,0.38005209774818427,0.11299698504297373,0.2973197246179746,22.321135218777957,0.24199777423983715,NACA2412,0.3567720642829415,5.870438222008,0.2706324972804367,20.0,15.0,1.225,1.2670489000511913,0.10961119456392567,11.559484458608319,analytic,converged,1,0.0,1.500011421740055e-06,d3c044325798,42,phase1
baseline_phase1_20260608T162505Z_d3c044325798,wing_000072,v25_a-5,2026-06-08T16:25:05.728711+00:00,1.4472070904716003,0.38005209774818427,0.11299698504297373,0.2973197246179746,22.321135218777957,0.24199777423983715,NACA2412,0.3567720642829415,5.870438222008,0.2706324972804367,25.0,-5.0,1.225,-0.21306205422775418,0.01009582890919519,-21.103968395670726,analytic,converged,1,0.0,1.500011421740055e-06,d3c044325798,42,phase1
baseline_phase1_20260608T162505Z_d3c044325798,wing_000072,v25_a0,2026-06-08T16:25:05.728714+00:00,1.4472070904716003,0.38005209774818427,0.11299698504297373,0.2973197246179746,22.321135218777957,0.24199777423983715,NACA2412,0.3567720642829415,5.870438222008,0.2706324972804367,25.0,0.0,1.225,0.15696568434198221,0.008771701671932504,17.89455344157879,analytic,converged,1,0.0,1.3999524526298046e-06,d3c044325798,42,phase1
baseline_phase1_20260608T162505Z_d3c044325798,wing_000072,v25_a5,2026-06-08T16:25:05.728717+00:00,1.4472070904716003,0.38005209774818427,0.11299698504297373,0.2973197246179746,22.321135218777957,0.24199777423983715,NACA2412,0.3567720642829415,5.870438222008,0.2706324972804367,25.0,5.0,1.225,0.5269934229117187,0.024916220201966696,21.15061669225904,analytic,converged,1,0.0,1.500011421740055e-06,d3c044325798,42,phase1
baseline_phase1_20260608T162505Z_d3c044325798,wing_000072,v25_a10,2026-06-08T16:25:05.728720+00:00,1.4472070904716003,0.38005209774818427,0.11299698504297373,0.2973197246179746,22.321135218777957,0.24199777423983715,NACA2412,0.3567720642829415,5.870438222008,0.2706324972804367,25.0,10.0,1.225,0.8970211614814552,0.05852938449929776,15.325996833132898,analytic,converged,1,0.0,1.400010660290718e-06,d3c044325798,42,phase1
baseline_phase1_20260608T162505Z_d3c044325798,wing_000072,v25_a15,2026-06-08T16:25:05.728722+00:00,1.4472070904716003,0.38005209774818427,0.11299698504297373,0.2973197246179746,22.321135218777957,0.24199777423983715,NACA2412,0.3567720642829415,5.870438222008,0.2706324972804367,25.0,15.0,1.225,1.2670489000511913,0.10961119456392567,11.559484458608319,analytic,converged,1,0.0,1.3999524526298046e-06,d3c044325798,42,phase1
baseline_phase1_20260608T162505Z_d3c044325798,wing_000073,v15_a-5,2026-06-08T16:25:05.728725+00:00,1.8474975594484229,0.339352830544755,0.24285928736067108,0.715654226224708,25.7185785913227,0.3998414529848606,NACA4412,0.537817733455786,6.346475803681327,0.2937714689152413,15.0,-5.0,1.225,-0.05925459136202473,0.007407177499856998,-7.9996181221752405,analytic,converged,1,0.0,6.299989763647318e-06,d3c044325798,42,phase1
baseline_phase1_20260608T162505Z_d3c044325798,wing_000073,v15_a0,2026-06-08T16:25:05.728727+00:00,1.8474975594484229,0.339352830544755,0.24285928736067108,0.715654226224708,25.7185785913227,0.3998414529848606,NACA4412,0.537817733455786,6.346475803681327,0.2937714689152413,15.0,0.0,1.225,0.3110499104797176,0.012908982797164483,24.095617398145507,analytic,converged,1,0.0,1.800013706088066e-06,d3c044325798,42,phase1
baseline_phase1_20260608T162505Z_d3c044325798,wing_000073,v15_a5,2026-06-08T16:25:05.728729+00:00,1.8474975594484229,0.339352830544755,0.24285928736067108,0.715654226224708,25.7185785913227,0.3998414529848606,NACA4412,0.537817733455786,6.346475803681327,0.2937714689152413,15.0,5.0,1.225,0.6813544123214598,0.03459332299614281,19.696124954443707,analytic,converged,1,0.0,1.4999532140791416e-06,d3c044325798,42,phase1
baseline_phase1_20260608T162505Z_d3c044325798,wing_000073,v15_a10,2026-06-08T16:25:05.728733+00:00,1.8474975594484229,0.339352830544755,0.24285928736067108,0.715654226224708,25.7185785913227,0.3998414529848606,NACA4412,0.537817733455786,6.346475803681327,0.2937714689152413,15.0,10.0,1.225,1.051658914163202,0.072460198096792,14.513608046701735,analytic,converged,1,0.0,1.500011421740055e-06,d3c044325798,42,phase1
baseline_phase1_20260608T162505Z_d3c044325798,wing_000073,v15_a15,2026-06-08T16:25:05.728735+00:00,1.8474975594484229,0.339352830544755,0.24285928736067108,0.715654226224708,25.7185785913227,0.3998414529848606,NACA4412,0.537817733455786,6.346475803681327,0.2937714689152413,15.0,15.0,1.225,1.4,0.12285239859453383,11.395788898030448,analytic,stall_limited,1,0.0,1.500011421740055e-06,d3c044325798,42,phase1
baseline_phase1_20260608T162505Z_d3c044325798,wing_000073,v20_a-5,2026-06-08T16:25:05.728738+00:00,1.8474975594484229,0.339352830544755,0.24285928736067108,0.715654226224708,25.7185785913227,0.3998414529848606,NACA4412,0.537817733455786,6.346475803681327,0.2937714689152413,20.0,-5.0,1.225,-0.05925459136202473,0.007407177499856998,-7.9996181221752405,analytic,converged,1,0.0,1.4999532140791416e-06,d3c044325798,42,phase1
baseline_phase1_20260608T162505Z_d3c044325798,wing_000073,v20_a0,2026-06-08T16:25:05.728741+00:00,1.8474975594484229,0.339352830544755,0.24285928736067108,0.715654226224708,25.7185785913227,0.3998414529848606,NACA4412,0.537817733455786,6.346475803681327,0.2937714689152413,20.0,0.0,1.225,0.3110499104797176,0.012908982797164483,24.095617398145507,analytic,converged,1,0.0,1.500011421740055e-06,d3c044325798,42,phase1
baseline_phase1_20260608T162505Z_d3c044325798,wing_000073,v20_a5,2026-06-08T16:25:05.728744+00:00,1.8474975594484229,0.339352830544755,0.24285928736067108,0.715654226224708,25.7185785913227,0.3998414529848606,NACA4412,0.537817733455786,6.346475803681327,0.2937714689152413,20.0,5.0,1.225,0.6813544123214598,0.03459332299614281,19.696124954443707,analytic,converged,1,0.0,1.500011421740055e-06,d3c044325798,42,phase1
baseline_phase1_20260608T162505Z_d3c044325798,wing_000073,v20_a10,2026-06-08T16:25:05.728746+00:00,1.8474975594484229,0.339352830544755,0.24285928736067108,0.715654226224708,25.7185785913227,0.3998414529848606,NACA4412,0.537817733455786,6.346475803681327,0.2937714689152413,20.0,10.0,1.225,1.051658914163202,0.072460198096792,14.513608046701735,analytic,converged,1,0.0,1.600012183189392e-06,d3c044325798,42,phase1
baseline_phase1_20260608T162505Z_d3c044325798,wing_000073,v20_a15,2026-06-08T16:25:05.728749+00:00,1.8474975594484229,0.339352830544755,0.24285928736067108,0.715654226224708,25.7185785913227,0.3998414529848606,NACA4412,0.537817733455786,6.346475803681327,0.2937714689152413,20.0,15.0,1.225,1.4,0.12285239859453383,11.395788898030448,analytic,stall_limited,1,0.0,1.500011421740055e-06,d3c044325798,42,phase1
baseline_phase1_20260608T162505Z_d3c044325798,wing_000073,v25_a-5,2026-06-08T16:25:05.728751+00:00,1.8474975594484229,0.339352830544755,0.24285928736067108,0.715654226224708,25.7185785913227,0.3998414529848606,NACA4412,0.537817733455786,6.346475803681327,0.2937714689152413,25.0,-5.0,1.225,-0.05925459136202473,0.007407177499856998,-7.9996181221752405,analytic,converged,1,0.0,1.3999524526298046e-06,d3c044325798,42,phase1
baseline_phase1_20260608T162505Z_d3c044325798,wing_000073,v25_a0,2026-06-08T16:25:05.728753+00:00,1.8474975594484229,0.339352830544755,0.24285928736067108,0.715654226224708,25.7185785913227,0.3998414529848606,NACA4412,0.537817733455786,6.346475803681327,0.2937714689152413,25.0,0.0,1.225,0.3110499104797176,0.012908982797164483,24.095617398145507,analytic,converged,1,0.0,1.500011421740055e-06,d3c044325798,42,phase1
baseline_phase1_20260608T162505Z_d3c044325798,wing_000073,v25_a5,2026-06-08T16:25:05.728756+00:00,1.8474975594484229,0.339352830544755,0.24285928736067108,0.715654226224708,25.7185785913227,0.3998414529848606,NACA4412,0.537817733455786,6.346475803681327,0.2937714689152413,25.0,5.0,1.225,0.6813544123214598,0.03459332299614281,19.696124954443707,analytic,converged,1,0.0,1.400010660290718e-06,d3c044325798,42,phase1
baseline_phase1_20260608T162505Z_d3c044325798,wing_000073,v25_a10,2026-06-08T16:25:05.728758+00:00,1.8474975594484229,0.339352830544755,0.24285928736067108,0.715654226224708,25.7185785913227,0.3998414529848606,NACA4412,0.537817733455786,6.346475803681327,0.2937714689152413,25.0,10.0,1.225,1.051658914163202,0.072460198096792,14.513608046701735,analytic,converged,1,0.0,1.4999532140791416e-06,d3c044325798,42,phase1
baseline_phase1_20260608T162505Z_d3c044325798,wing_000073,v25_a15,2026-06-08T16:25:05.728760+00:00,1.8474975594484229,0.339352830544755,0.24285928736067108,0.715654226224708,25.7185785913227,0.3998414529848606,NACA4412,0.537817733455786,6.346475803681327,0.2937714689152413,25.0,15.0,1.225,1.4,0.12285239859453383,11.395788898030448,analytic,stall_limited,1,0.0,2.600019797682762e-06,d3c044325798,42,phase1
baseline_phase1_20260608T162505Z_d3c044325798,wing_000074,v15_a-5,2026-06-08T16:25:05.728763+00:00,1.5546600596728783,0.23340845798807786,0.21610002062056044,0.9258448579082704,8.262174618078463,3.857897829131211,NACA2412,0.34941643908858516,6.91715566516125,0.22486531692886605,15.0,-5.0,1.225,-0.0869611306290361,0.007609405815657819,-11.42811051686806,analytic,converged,1,0.0,1.800013706088066e-06,d3c044325798,42,phase1
baseline_phase1_20260608T162505Z_d3c044325798,wing_000074,v15_a0,2026-06-08T16:25:05.728765+00:00,1.5546600596728783,0.23340845798807786,0.21610002062056044,0.9258448579082704,8.262174618078463,3.857897829131211,NACA2412,0.34941643908858516,6.91715566516125,0.22486531692886605,15.0,0.0,1.225,0.31900050748352227,0.01270917287166486,25.10002111897737,analytic,converged,1,0.0,2.500019036233425e-06,d3c044325798,42,phase1
baseline_phase1_20260608T162505Z_d3c044325798,wing_000074,v15_a5,2026-06-08T16:25:05.728768+00:00,1.5546600596728783,0.23340845798807786,0.21610002062056044,0.9258448579082704,8.262174618078463,3.857897829131211,NACA2412,0.34941643908858516,6.91715566516125,0.22486531692886605,15.0,5.0,1.225,0.7249621455960806,0.03565340939758766,20.333599446596885,analytic,converged,1,0.0,1.500011421740055e-06,d3c044325798,42,phase1
baseline_phase1_20260608T162505Z_d3c044325798,wing_000074,v15_a10,2026-06-08T16:25:05.728770+00:00,1.5546600596728783,0.23340845798807786,0.21610002062056044,0.9258448579082704,8.262174618078463,3.857897829131211,NACA2412,0.34941643908858516,6.91715566516125,0.22486531692886605,15.0,10.0,1.225,1.130923783708639,0.07644211539342621,14.794511871997395,analytic,converged,1,0.0,1.3999524526298046e-06,d3c044325798,42,phase1
baseline_phase1_20260608T162505Z_d3c044325798,wing_000074,v15_a15,2026-06-08T16:25:05.728772+00:00,1.5546600596728783,0.23340845798807786,0.21610002062056044,0.9258448579082704,8.262174618078463,3.857897829131211,NACA2412,0.34941643908858516,6.91715566516125,0.22486531692886605,15.0,15.0,1.225,1.4,0.11331083295619412,12.355394126713717,analytic,stall_limited,1,0.0,1.600012183189392e-06,d3c044325798,42,phase1
baseline_phase1_20260608T162505Z_d3c044325798,wing_000074,v20_a-5,2026-06-08T16:25:05.728775+00:00,1.5546600596728783,0.23340845798807786,0.21610002062056044,0.9258448579082704,8.262174618078463,3.857897829131211,NACA2412,0.34941643908858516,6.91715566516125,0.22486531692886605,20.0,-5.0,1.225,-0.0869611306290361,0.007609405815657819,-11.42811051686806,analytic,converged,1,0.0,1.600012183189392e-06,d3c044325798,42,phase1
baseline_phase1_20260608T162505Z_d3c044325798,wing_000074,v20_a0,2026-06-08T16:25:05.728777+00:00,1.5546600596728783,0.23340845798807786,0.21610002062056044,0.9258448579082704,8.262174618078463,3.857897829131211,NACA2412,0.34941643908858516,6.91715566516125,0.22486531692886605,20.0,0.0,1.225,0.31900050748352227,0.01270917287166486,25.10002111897737,analytic,converged,1,0.0,1.500011421740055e-06,d3c044325798,42,phase1
baseline_phase1_20260608T162505Z_d3c044325798,wing_000074,v20_a5,2026-06-08T16:25:05.728780+00:00,1.5546600596728783,0.23340845798807786,0.21610002062056044,0.9258448579082704,8.262174618078463,3.857897829131211,NACA2412,0.34941643908858516,6.91715566516125,0.22486531692886605,20.0,5.0,1.225,0.7249621455960806,0.03565340939758766,20.333599446596885,analytic,converged,1,0.0,1.500011421740055e-06,d3c044325798,42,phase1
baseline_phase1_20260608T162505Z_d3c044325798,wing_000074,v20_a10,2026-06-08T16:25:05.728782+00:00,1.5546600596728783,0.23340845798807786,0.21610002062056044,0.9258448579082704,8.262174618078463,3.857897829131211,NACA2412,0.34941643908858516,6.91715566516125,0.22486531692886605,20.0,10.0,1.225,1.130923783708639,0.07644211539342621,14.794511871997395,analytic,converged,1,0.0,1.300009898841381e-06,d3c044325798,42,phase1
baseline_phase1_20260608T162505Z_d3c044325798,wing_000074,v20_a15,2026-06-08T16:25:05.728784+00:00,1.5546600596728783,0.23340845798807786,0.21610002062056044,0.9258448579082704,8.262174618078463,3.857897829131211,NACA2412,0.34941643908858516,6.91715566516125,0.22486531692886605,20.0,15.0,1.225,1.4,0.11331083295619412,12.355394126713717,analytic,stall_limited,1,0.0,2.00001522898674e-06,d3c044325798,42,phase1
baseline_phase1_20260608T162505Z_d3c044325798,wing_000074,v25_a-5,2026-06-08T16:25:05.728787+00:00,1.5546600596728783,0.23340845798807786,0.21610002062056044,0.9258448579082704,8.262174618078463,3.857897829131211,NACA2412,0.34941643908858516,6.91715566516125,0.22486531692886605,25.0,-5.0,1.225,-0.0869611306290361,0.007609405815657819,-11.42811051686806,analytic,converged,1,0.0,1.400010660290718e-06,d3c044325798,42,phase1
baseline_phase1_20260608T162505Z_d3c044325798,wing_000074,v25_a0,2026-06-08T16:25:05.728789+00:00,1.5546600596728783,0.23340845798807786,0.21610002062056044,0.9258448579082704,8.262174618078463,3.857897829131211,NACA2412,0.34941643908858516,6.91715566516125,0.22486531692886605,25.0,0.0,1.225,0.31900050748352227,0.01270917287166486,25.10002111897737,analytic,converged,1,0.0,1.500011421740055e-06,d3c044325798,42,phase1
baseline_phase1_20260608T162505Z_d3c044325798,wing_000074,v25_a5,2026-06-08T16:25:05.728791+00:00,1.5546600596728783,0.23340845798807786,0.21610002062056044,0.9258448579082704,8.262174618078463,3.857897829131211,NACA2412,0.34941643908858516,6.91715566516125,0.22486531692886605,25.0,5.0,1.225,0.7249621455960806,0.03565340939758766,20.333599446596885,analytic,converged,1,0.0,1.500011421740055e-06,d3c044325798,42,phase1
baseline_phase1_20260608T162505Z_d3c044325798,wing_000074,v25_a10,2026-06-08T16:25:05.728794+00:00,1.5546600596728783,0.23340845798807786,0.21610002062056044,0.9258448579082704,8.262174618078463,3.857897829131211,NACA2412,0.34941643908858516,6.91715566516125,0.22486531692886605,25.0,10.0,1.225,1.130923783708639,0.07644211539342621,14.794511871997395,analytic,converged,1,0.0,1.500011421740055e-06,d3c044325798,42,phase1
baseline_phase1_20260608T162505Z_d3c044325798,wing_000074,v25_a15,2026-06-08T16:25:05.728796+00:00,1.5546600596728783,0.23340845798807786,0.21610002062056044,0.9258448579082704,8.262174618078463,3.857897829131211,NACA2412,0.34941643908858516,6.91715566516125,0.22486531692886605,25.0,15.0,1.225,1.4,0.11331083295619412,12.355394126713717,analytic,stall_limited,1,0.0,1.400010660290718e-06,d3c044325798,42,phase1
baseline_phase1_20260608T162505Z_d3c044325798,wing_000075,v15_a-5,2026-06-08T16:25:05.728799+00:00,1.3609363886781836,0.4894401035658702,0.064127695907149,0.13102256116721853,26.140372348603595,3.1223680534372313,NACA0012,0.3766852809516698,4.916963703357588,0.331245956079822,15.0,-5.0,1.225,-0.23680694474692127,0.011470936048184322,-20.644082030638142,analytic,converged,1,0.0,2.600019797682762e-06,d3c044325798,42,phase1
baseline_phase1_20260608T162505Z_d3c044325798,wing_000075,v15_a0,2026-06-08T16:25:05.728801+00:00,1.3609363886781836,0.4894401035658702,0.064127695907149,0.13102256116721853,26.140372348603595,3.1223680534372313,NACA0012,0.3766852809516698,4.916963703357588,0.331245956079822,15.0,0.0,1.225,0.10750770684659731,0.008080264922359196,13.304973027444783,analytic,converged,1,0.0,1.3999524526298046e-06,d3c044325798,42,phase1
baseline_phase1_20260608T162505Z_d3c044325798,wing_000075,v15_a5,2026-06-08T16:25:05.728804+00:00,1.3609363886781836,0.4894401035658702,0.064127695907149,0.13102256116721853,26.140372348603595,3.1223680534372313,NACA0012,0.3766852809516698,4.916963703357588,0.331245956079822,15.0,5.0,1.225,0.45182235844011587,0.02274782470825326,19.862222618419764,analytic,converged,1,0.0,1.400010660290718e-06,d3c044325798,42,phase1
baseline_phase1_20260608T162505Z_d3c044325798,wing_000075,v15_a10,2026-06-08T16:25:05.728806+00:00,1.3609363886781836,0.4894401035658702,0.064127695907149,0.13102256116721853,26.140372348603595,3.1223680534372313,NACA0012,0.3766852809516698,4.916963703357588,0.331245956079822,15.0,10.0,1.225,0.7961370100336345,0.05547361540586652,14.351633730896875,analytic,converged,1,0.0,1.400010660290718e-06,d3c044325798,42,phase1
baseline_phase1_20260608T162505Z_d3c044325798,wing_000075,v15_a15,2026-06-08T16:25:05.728808+00:00,1.3609363886781836,0.4894401035658702,0.064127695907149,0.13102256116721853,26.140372348603595,3.1223680534372313,NACA0012,0.3766852809516698,4.916963703357588,0.331245956079822,15.0,15.0,1.225,1.140451661627153,0.10625763701519896,10.73289124116344,analytic,converged,1,0.0,1.500011421740055e-06,d3c044325798,42,phase1
baseline_phase1_20260608T162505Z_d3c044325798,wing_000075,v20_a-5,2026-06-08T16:25:05.728811+00:00,1.3609363886781836,0.4894401035658702,0.064127695907149,0.13102256116721853,26.140372348603595,3.1223680534372313,NACA0012,0.3766852809516698,4.916963703357588,0.331245956079822,20.0,-5.0,1.225,-0.23680694474692127,0.011470936048184322,-20.644082030638142,analytic,converged,1,0.0,1.400010660290718e-06,d3c044325798,42,phase1
baseline_phase1_20260608T162505Z_d3c044325798,wing_000075,v20_a0,2026-06-08T16:25:05.728813+00:00,1.3609363886781836,0.4894401035658702,0.064127695907149,0.13102256116721853,26.140372348603595,3.1223680534372313,NACA0012,0.3766852809516698,4.916963703357588,0.331245956079822,20.0,0.0,1.225,0.10750770684659731,0.008080264922359196,13.304973027444783,analytic,converged,1,0.0,1.400010660290718e-06,d3c044325798,42,phase1
baseline_phase1_20260608T162505Z_d3c044325798,wing_000075,v20_a5,2026-06-08T16:25:05.728816+00:00,1.3609363886781836,0.4894401035658702,0.064127695907149,0.13102256116721853,26.140372348603595,3.1223680534372313,NACA0012,0.3766852809516698,4.916963703357588,0.331245956079822,20.0,5.0,1.225,0.45182235844011587,0.02274782470825326,19.862222618419764,analytic,converged,1,0.0,1.600012183189392e-06,d3c044325798,42,phase1
baseline_phase1_20260608T162505Z_d3c044325798,wing_000075,v20_a10,2026-06-08T16:25:05.728819+00:00,1.3609363886781836,0.4894401035658702,0.064127695907149,0.13102256116721853,26.140372348603595,3.1223680534372313,NACA0012,0.3766852809516698,4.916963703357588,0.331245956079822,20.0,10.0,1.225,0.7961370100336345,0.05547361540586652,14.351633730896875,analytic,converged,1,0.0,1.400010660290718e-06,d3c044325798,42,phase1
baseline_phase1_20260608T162505Z_d3c044325798,wing_000075,v20_a15,2026-06-08T16:25:05.728821+00:00,1.3609363886781836,0.4894401035658702,0.064127695907149,0.13102256116721853,26.140372348603595,3.1223680534372313,NACA0012,0.3766852809516698,4.916963703357588,0.331245956079822,20.0,15.0,1.225,1.140451661627153,0.10625763701519896,10.73289124116344,analytic,converged,1,0.0,1.500011421740055e-06,d3c044325798,42,phase1
baseline_phase1_20260608T162505Z_d3c044325798,wing_000075,v25_a-5,2026-06-08T16:25:05.728827+00:00,1.3609363886781836,0.4894401035658702,0.064127695907149,0.13102256116721853,26.140372348603595,3.1223680534372313,NACA0012,0.3766852809516698,4.916963703357588,0.331245956079822,25.0,-5.0,1.225,-0.23680694474692127,0.011470936048184322,-20.644082030638142,analytic,converged,1,0.0,1.600012183189392e-06,d3c044325798,42,phase1
baseline_phase1_20260608T162505Z_d3c044325798,wing_000075,v25_a0,2026-06-08T16:25:05.728830+00:00,1.3609363886781836,0.4894401035658702,0.064127695907149,0.13102256116721853,26.140372348603595,3.1223680534372313,NACA0012,0.3766852809516698,4.916963703357588,0.331245956079822,25.0,0.0,1.225,0.10750770684659731,0.008080264922359196,13.304973027444783,analytic,converged,1,0.0,1.400010660290718e-06,d3c044325798,42,phase1
baseline_phase1_20260608T162505Z_d3c044325798,wing_000075,v25_a5,2026-06-08T16:25:05.728832+00:00,1.3609363886781836,0.4894401035658702,0.064127695907149,0.13102256116721853,26.140372348603595,3.1223680534372313,NACA0012,0.3766852809516698,4.916963703357588,0.331245956079822,25.0,5.0,1.225,0.45182235844011587,0.02274782470825326,19.862222618419764,analytic,converged,1,0.0,1.500011421740055e-06,d3c044325798,42,phase1
baseline_phase1_20260608T162505Z_d3c044325798,wing_000075,v25_a10,2026-06-08T16:25:05.728835+00:00,1.3609363886781836,0.4894401035658702,0.064127695907149,0.13102256116721853,26.140372348603595,3.1223680534372313,NACA0012,0.3766852809516698,4.916963703357588,0.331245956079822,25.0,10.0,1.225,0.7961370100336345,0.05547361540586652,14.351633730896875,analytic,converged,1,0.0,1.500011421740055e-06,d3c044325798,42,phase1
baseline_phase1_20260608T162505Z_d3c044325798,wing_000075,v25_a15,2026-06-08T16:25:05.728837+00:00,1.3609363886781836,0.4894401035658702,0.064127695907149,0.13102256116721853,26.140372348603595,3.1223680534372313,NACA0012,0.3766852809516698,4.916963703357588,0.331245956079822,25.0,15.0,1.225,1.140451661627153,0.10625763701519896,10.73289124116344,analytic,converged,1,0.0,1.500011421740055e-06,d3c044325798,42,phase1
baseline_phase1_20260608T162505Z_d3c044325798,wing_000076,v15_a-5,2026-06-08T16:25:05.728839+00:00,1.8809740849096581,0.25442938600387116,0.11678589987531929,0.4590110510015631,14.818706262688766,4.903816413150178,NACA0012,0.3491231663305437,10.134141326937753,0.19411381621886878,15.0,-5.0,1.225,-0.22061666414575556,0.008998543193054476,-24.51693117570836,analytic,converged,1,0.0,2.2999593056738377e-06,d3c044325798,42,phase1
baseline_phase1_20260608T162505Z_d3c044325798,wing_000076,v15_a0,2026-06-08T16:25:05.728842+00:00,1.8809740849096581,0.25442938600387116,0.11678589987531929,0.4590110510015631,14.818706262688766,4.903816413150178,NACA0012,0.3491231663305437,10.134141326937753,0.19411381621886878,15.0,0.0,1.225,0.21228898060973206,0.008865325561919258,23.945988122716333,analytic,converged,1,0.0,1.800013706088066e-06,d3c044325798,42,phase1
baseline_phase1_20260608T162505Z_d3c044325798,wing_000076,v15_a5,2026-06-08T16:25:05.728844+00:00,1.8809740849096581,0.25442938600387116,0.11678589987531929,0.4590110510015631,14.818706262688766,4.903816413150178,NACA0012,0.3491231663305437,10.134141326937753,0.19411381621886878,15.0,5.0,1.225,0.6451946253652197,0.022582457610841287,28.570611599663867,analytic,converged,1,0.0,1.5999539755284786e-06,d3c044325798,42,phase1
baseline_phase1_20260608T162505Z_d3c044325798,wing_000076,v15_a10,2026-06-08T16:25:05.728848+00:00,1.8809740849096581,0.25442938600387116,0.11678589987531929,0.4590110510015631,14.818706262688766,4.903816413150178,NACA0012,0.3491231663305437,10.134141326937753,0.19411381621886878,15.0,10.0,1.225,1.0781002701207074,0.05014993933982057,21.49753886670533,analytic,converged,1,0.0,1.600012183189392e-06,d3c044325798,42,phase1
baseline_phase1_20260608T162505Z_d3c044325798,wing_000076,v15_a15,2026-06-08T16:25:05.728850+00:00,1.8809740849096581,0.25442938600387116,0.11678589987531929,0.4590110510015631,14.818706262688766,4.903816413150178,NACA0012,0.3491231663305437,10.134141326937753,0.19411381621886878,15.0,15.0,1.225,1.4,0.07962696994632366,17.581982598907587,analytic,stall_limited,1,0.0,2.500019036233425e-06,d3c044325798,42,phase1
baseline_phase1_20260608T162505Z_d3c044325798,wing_000076,v20_a-5,2026-06-08T16:25:05.728853+00:00,1.8809740849096581,0.25442938600387116,0.11678589987531929,0.4590110510015631,14.818706262688766,4.903816413150178,NACA0012,0.3491231663305437,10.134141326937753,0.19411381621886878,20.0,-5.0,1.225,-0.22061666414575556,0.008998543193054476,-24.51693117570836,analytic,converged,1,0.0,1.400010660290718e-06,d3c044325798,42,phase1
baseline_phase1_20260608T162505Z_d3c044325798,wing_000076,v20_a0,2026-06-08T16:25:05.728855+00:00,1.8809740849096581,0.25442938600387116,0.11678589987531929,0.4590110510015631,14.818706262688766,4.903816413150178,NACA0012,0.3491231663305437,10.134141326937753,0.19411381621886878,20.0,0.0,1.225,0.21228898060973206,0.008865325561919258,23.945988122716333,analytic,converged,1,0.0,1.500011421740055e-06,d3c044325798,42,phase1
baseline_phase1_20260608T162505Z_d3c044325798,wing_000076,v20_a5,2026-06-08T16:25:05.728858+00:00,1.8809740849096581,0.25442938600387116,0.11678589987531929,0.4590110510015631,14.818706262688766,4.903816413150178,NACA0012,0.3491231663305437,10.134141326937753,0.19411381621886878,20.0,5.0,1.225,0.6451946253652197,0.022582457610841287,28.570611599663867,analytic,converged,1,0.0,1.400010660290718e-06,d3c044325798,42,phase1
baseline_phase1_20260608T162505Z_d3c044325798,wing_000076,v20_a10,2026-06-08T16:25:05.728860+00:00,1.8809740849096581,0.25442938600387116,0.11678589987531929,0.4590110510015631,14.818706262688766,4.903816413150178,NACA0012,0.3491231663305437,10.134141326937753,0.19411381621886878,20.0,10.0,1.225,1.0781002701207074,0.05014993933982057,21.49753886670533,analytic,converged,1,0.0,1.400010660290718e-06,d3c044325798,42,phase1
baseline_phase1_20260608T162505Z_d3c044325798,wing_000076,v20_a15,2026-06-08T16:25:05.728862+00:00,1.8809740849096581,0.25442938600387116,0.11678589987531929,0.4590110510015631,14.818706262688766,4.903816413150178,NACA0012,0.3491231663305437,10.134141326937753,0.19411381621886878,20.0,15.0,1.225,1.4,0.07962696994632366,17.581982598907587,analytic,stall_limited,1,0.0,1.500011421740055e-06,d3c044325798,42,phase1
baseline_phase1_20260608T162505Z_d3c044325798,wing_000076,v25_a-5,2026-06-08T16:25:05.728865+00:00,1.8809740849096581,0.25442938600387116,0.11678589987531929,0.4590110510015631,14.818706262688766,4.903816413150178,NACA0012,0.3491231663305437,10.134141326937753,0.19411381621886878,25.0,-5.0,1.225,-0.22061666414575556,0.008998543193054476,-24.51693117570836,analytic,converged,1,0.0,1.400010660290718e-06,d3c044325798,42,phase1
baseline_phase1_20260608T162505Z_d3c044325798,wing_000076,v25_a0,2026-06-08T16:25:05.728867+00:00,1.8809740849096581,0.25442938600387116,0.11678589987531929,0.4590110510015631,14.818706262688766,4.903816413150178,NACA0012,0.3491231663305437,10.134141326937753,0.19411381621886878,25.0,0.0,1.225,0.21228898060973206,0.008865325561919258,23.945988122716333,analytic,converged,1,0.0,1.400010660290718e-06,d3c044325798,42,phase1
baseline_phase1_20260608T162505Z_d3c044325798,wing_000076,v25_a5,2026-06-08T16:25:05.728869+00:00,1.8809740849096581,0.25442938600387116,0.11678589987531929,0.4590110510015631,14.818706262688766,4.903816413150178,NACA0012,0.3491231663305437,10.134141326937753,0.19411381621886878,25.0,5.0,1.225,0.6451946253652197,0.022582457610841287,28.570611599663867,analytic,converged,1,0.0,1.500011421740055e-06,d3c044325798,42,phase1
baseline_phase1_20260608T162505Z_d3c044325798,wing_000076,v25_a10,2026-06-08T16:25:05.728871+00:00,1.8809740849096581,0.25442938600387116,0.11678589987531929,0.4590110510015631,14.818706262688766,4.903816413150178,NACA0012,0.3491231663305437,10.134141326937753,0.19411381621886878,25.0,10.0,1.225,1.0781002701207074,0.05014993933982057,21.49753886670533,analytic,converged,1,0.0,1.4999532140791416e-06,d3c044325798,42,phase1
baseline_phase1_20260608T162505Z_d3c044325798,wing_000076,v25_a15,2026-06-08T16:25:05.728874+00:00,1.8809740849096581,0.25442938600387116,0.11678589987531929,0.4590110510015631,14.818706262688766,4.903816413150178,NACA0012,0.3491231663305437,10.134141326937753,0.19411381621886878,25.0,15.0,1.225,1.4,0.07962696994632366,17.581982598907587,analytic,stall_limited,1,0.0,1.600012183189392e-06,d3c044325798,42,phase1
baseline_phase1_20260608T162505Z_d3c044325798,wing_000077,v15_a-5,2026-06-08T16:25:05.728876+00:00,1.2562063512992319,0.3081902652254096,0.19520786655122724,0.6334004950106152,8.91882640716687,4.608705543873002,NACA4412,0.3161859651849894,4.990905893375958,0.255925350414882,15.0,-5.0,1.225,0.09640746838596925,0.007897385924768663,12.20751642434054,analytic,converged,1,0.0,1.600012183189392e-06,d3c044325798,42,phase1
baseline_phase1_20260608T162505Z_d3c044325798,wing_000077,v15_a0,2026-06-08T16:25:05.728878+00:00,1.2562063512992319,0.3081902652254096,0.19520786655122724,0.6334004950106152,8.91882640716687,4.608705543873002,NACA4412,0.3161859651849894,4.990905893375958,0.255925350414882,15.0,0.0,1.225,0.4659680292258038,0.02349161208811751,19.835506710988945,analytic,converged,1,0.0,1.3999524526298046e-06,d3c044325798,42,phase1
baseline_phase1_20260608T162505Z_d3c044325798,wing_000077,v15_a5,2026-06-08T16:25:05.728881+00:00,1.2562063512992319,0.3081902652254096,0.19520786655122724,0.6334004950106152,8.91882640716687,4.608705543873002,NACA4412,0.3161859651849894,4.990905893375958,0.255925350414882,15.0,5.0,1.225,0.8355285900656384,0.059581080278418325,14.02338772914607,analytic,converged,1,0.0,1.700012944638729e-06,d3c044325798,42,phase1
baseline_phase1_20260608T162505Z_d3c044325798,wing_000077,v15_a10,2026-06-08T16:25:05.728883+00:00,1.2562063512992319,0.3081902652254096,0.19520786655122724,0.6334004950106152,8.91882640716687,4.608705543873002,NACA4412,0.3161859651849894,4.990905893375958,0.255925350414882,15.0,10.0,1.225,1.2050891509054729,0.1161657904956711,10.37387294282976,analytic,converged,1,0.0,1.300009898841381e-06,d3c044325798,42,phase1
baseline_phase1_20260608T162505Z_d3c044325798,wing_000077,v15_a15,2026-06-08T16:25:05.728886+00:00,1.2562063512992319,0.3081902652254096,0.19520786655122724,0.6334004950106152,8.91882640716687,4.608705543873002,NACA4412,0.3161859651849894,4.990905893375958,0.255925350414882,15.0,15.0,1.225,1.4,0.15426451393765586,9.075321110892638,analytic,stall_limited,1,0.0,1.7999554984271526e-06,d3c044325798,42,phase1
baseline_phase1_20260608T162505Z_d3c044325798,wing_000077,v20_a-5,2026-06-08T16:25:05.728888+00:00,1.2562063512992319,0.3081902652254096,0.19520786655122724,0.6334004950106152,8.91882640716687,4.608705543873002,NACA4412,0.3161859651849894,4.990905893375958,0.255925350414882,20.0,-5.0,1.225,0.09640746838596925,0.007897385924768663,12.20751642434054,analytic,converged,1,0.0,1.400010660290718e-06,d3c044325798,42,phase1
baseline_phase1_20260608T162505Z_d3c044325798,wing_000077,v20_a0,2026-06-08T16:25:05.728892+00:00,1.2562063512992319,0.3081902652254096,0.19520786655122724,0.6334004950106152,8.91882640716687,4.608705543873002,NACA4412,0.3161859651849894,4.990905893375958,0.255925350414882,20.0,0.0,1.225,0.4659680292258038,0.02349161208811751,19.835506710988945,analytic,converged,1,0.0,2.00001522898674e-06,d3c044325798,42,phase1
baseline_phase1_20260608T162505Z_d3c044325798,wing_000077,v20_a5,2026-06-08T16:25:05.728894+00:00,1.2562063512992319,0.3081902652254096,0.19520786655122724,0.6334004950106152,8.91882640716687,4.608705543873002,NACA4412,0.3161859651849894,4.990905893375958,0.255925350414882,20.0,5.0,1.225,0.8355285900656384,0.059581080278418325,14.02338772914607,analytic,converged,1,0.0,1.400010660290718e-06,d3c044325798,42,phase1
baseline_phase1_20260608T162505Z_d3c044325798,wing_000077,v20_a10,2026-06-08T16:25:05.728896+00:00,1.2562063512992319,0.3081902652254096,0.19520786655122724,0.6334004950106152,8.91882640716687,4.608705543873002,NACA4412,0.3161859651849894,4.990905893375958,0.255925350414882,20.0,10.0,1.225,1.2050891509054729,0.1161657904956711,10.37387294282976,analytic,converged,1,0.0,2.200016751885414e-06,d3c044325798,42,phase1
baseline_phase1_20260608T162505Z_d3c044325798,wing_000077,v20_a15,2026-06-08T16:25:05.728899+00:00,1.2562063512992319,0.3081902652254096,0.19520786655122724,0.6334004950106152,8.91882640716687,4.608705543873002,NACA4412,0.3161859651849894,4.990905893375958,0.255925350414882,20.0,15.0,1.225,1.4,0.15426451393765586,9.075321110892638,analytic,stall_limited,1,0.0,1.4999532140791416e-06,d3c044325798,42,phase1
baseline_phase1_20260608T162505Z_d3c044325798,wing_000077,v25_a-5,2026-06-08T16:25:05.728901+00:00,1.2562063512992319,0.3081902652254096,0.19520786655122724,0.6334004950106152,8.91882640716687,4.608705543873002,NACA4412,0.3161859651849894,4.990905893375958,0.255925350414882,25.0,-5.0,1.225,0.09640746838596925,0.007897385924768663,12.20751642434054,analytic,converged,1,0.0,1.9000144675374031e-06,d3c044325798,42,phase1
baseline_phase1_20260608T162505Z_d3c044325798,wing_000077,v25_a0,2026-06-08T16:25:05.728903+00:00,1.2562063512992319,0.3081902652254096,0.19520786655122724,0.6334004950106152,8.91882640716687,4.608705543873002,NACA4412,0.3161859651849894,4.990905893375958,0.255925350414882,25.0,0.0,1.225,0.4659680292258038,0.02349161208811751,19.835506710988945,analytic,converged,1,0.0,1.500011421740055e-06,d3c044325798,42,phase1
baseline_phase1_20260608T162505Z_d3c044325798,wing_000077,v25_a5,2026-06-08T16:25:05.728906+00:00,1.2562063512992319,0.3081902652254096,0.19520786655122724,0.6334004950106152,8.91882640716687,4.608705543873002,NACA4412,0.3161859651849894,4.990905893375958,0.255925350414882,25.0,5.0,1.225,0.8355285900656384,0.059581080278418325,14.02338772914607,analytic,converged,1,0.0,1.9000144675374031e-06,d3c044325798,42,phase1
baseline_phase1_20260608T162505Z_d3c044325798,wing_000077,v25_a10,2026-06-08T16:25:05.728908+00:00,1.2562063512992319,0.3081902652254096,0.19520786655122724,0.6334004950106152,8.91882640716687,4.608705543873002,NACA4412,0.3161859651849894,4.990905893375958,0.255925350414882,25.0,10.0,1.225,1.2050891509054729,0.1161657904956711,10.37387294282976,analytic,converged,1,0.0,1.700012944638729e-06,d3c044325798,42,phase1
baseline_phase1_20260608T162505Z_d3c044325798,wing_000077,v25_a15,2026-06-08T16:25:05.728910+00:00,1.2562063512992319,0.3081902652254096,0.19520786655122724,0.6334004950106152,8.91882640716687,4.608705543873002,NACA4412,0.3161859651849894,4.990905893375958,0.255925350414882,25.0,15.0,1.225,1.4,0.15426451393765586,9.075321110892638,analytic,stall_limited,1,0.0,1.3999524526298046e-06,d3c044325798,42,phase1
baseline_phase1_20260608T162505Z_d3c044325798,wing_000078,v15_a-5,2026-06-08T16:25:05.728913+00:00,1.8939353463487096,0.26088535728659956,0.07466020120762695,0.2861801136872847,12.917903202213964,3.771036357545798,NACA0012,0.31775079677126705,11.288692688097656,0.18499836301595854,15.0,-5.0,1.225,-0.27668613528287295,0.00973958261640734,-28.408418120173483,analytic,converged,1,0.0,1.500011421740055e-06,d3c044325798,42,phase1
baseline_phase1_20260608T162505Z_d3c044325798,wing_000078,v15_a0,2026-06-08T16:25:05.728915+00:00,1.8939353463487096,0.26088535728659956,0.07466020120762695,0.2861801136872847,12.917903202213964,3.771036357545798,NACA0012,0.31775079677126705,11.288692688097656,0.18499836301595854,15.0,0.0,1.225,0.16750675323727748,0.00813079103748928,20.60153218363882,analytic,converged,1,0.0,1.400010660290718e-06,d3c044325798,42,phase1
baseline_phase1_20260608T162505Z_d3c044325798,wing_000078,v15_a5,2026-06-08T16:25:05.728918+00:00,1.8939353463487096,0.26088535728659956,0.07466020120762695,0.2861801136872847,12.917903202213964,3.771036357545798,NACA0012,0.31775079677126705,11.288692688097656,0.18499836301595854,15.0,5.0,1.225,0.611699641757428,0.019612635530646988,31.18905874743745,analytic,converged,1,0.0,2.400018274784088e-06,d3c044325798,42,phase1
baseline_phase1_20260608T162505Z_d3c044325798,wing_000078,v15_a10,2026-06-08T16:25:05.728920+00:00,1.8939353463487096,0.26088535728659956,0.07466020120762695,0.2861801136872847,12.917903202213964,3.771036357545798,NACA0012,0.31775079677126705,11.288692688097656,0.18499836301595854,15.0,10.0,1.225,1.0558925302775781,0.044185116095880446,23.89701835311061,analytic,converged,1,0.0,1.500011421740055e-06,d3c044325798,42,phase1
baseline_phase1_20260608T162505Z_d3c044325798,wing_000078,v15_a15,2026-06-08T16:25:05.728923+00:00,1.8939353463487096,0.26088535728659956,0.07466020120762695,0.2861801136872847,12.917903202213964,3.771036357545798,NACA0012,0.31775079677126705,11.288692688097656,0.18499836301595854,15.0,15.0,1.225,1.4,0.07221949956453343,19.385346179932984,analytic,stall_limited,1,0.0,1.9999570213258266e-06,d3c044325798,42,phase1
baseline_phase1_20260608T162505Z_d3c044325798,wing_000078,v20_a-5,2026-06-08T16:25:05.728925+00:00,1.8939353463487096,0.26088535728659956,0.07466020120762695,0.2861801136872847,12.917903202213964,3.771036357545798,NACA0012,0.31775079677126705,11.288692688097656,0.18499836301595854,20.0,-5.0,1.225,-0.27668613528287295,0.00973958261640734,-28.408418120173483,analytic,converged,1,0.0,1.400010660290718e-06,d3c044325798,42,phase1
baseline_phase1_20260608T162505Z_d3c044325798,wing_000078,v20_a0,2026-06-08T16:25:05.728928+00:00,1.8939353463487096,0.26088535728659956,0.07466020120762695,0.2861801136872847,12.917903202213964,3.771036357545798,NACA0012,0.31775079677126705,11.288692688097656,0.18499836301595854,20.0,0.0,1.225,0.16750675323727748,0.00813079103748928,20.60153218363882,analytic,converged,1,0.0,1.600012183189392e-06,d3c044325798,42,phase1
baseline_phase1_20260608T162505Z_d3c044325798,wing_000078,v20_a5,2026-06-08T16:25:05.728930+00:00,1.8939353463487096,0.26088535728659956,0.07466020120762695,0.2861801136872847,12.917903202213964,3.771036357545798,NACA0012,0.31775079677126705,11.288692688097656,0.18499836301595854,20.0,5.0,1.225,0.611699641757428,0.019612635530646988,31.18905874743745,analytic,converged,1,0.0,2.2999593056738377e-06,d3c044325798,42,phase1
baseline_phase1_20260608T162505Z_d3c044325798,wing_000078,v20_a10,2026-06-08T16:25:05.728932+00:00,1.8939353463487096,0.26088535728659956,0.07466020120762695,0.2861801136872847,12.917903202213964,3.771036357545798,NACA0012,0.31775079677126705,11.288692688097656,0.18499836301595854,20.0,10.0,1.225,1.0558925302775781,0.044185116095880446,23.89701835311061,analytic,converged,1,0.0,1.400010660290718e-06,d3c044325798,42,phase1
baseline_phase1_20260608T162505Z_d3c044325798,wing_000078,v20_a15,2026-06-08T16:25:05.728935+00:00,1.8939353463487096,0.26088535728659956,0.07466020120762695,0.2861801136872847,12.917903202213964,3.771036357545798,NACA0012,0.31775079677126705,11.288692688097656,0.18499836301595854,20.0,15.0,1.225,1.4,0.07221949956453343,19.385346179932984,analytic,stall_limited,1,0.0,1.500011421740055e-06,d3c044325798,42,phase1
baseline_phase1_20260608T162505Z_d3c044325798,wing_000078,v25_a-5,2026-06-08T16:25:05.728937+00:00,1.8939353463487096,0.26088535728659956,0.07466020120762695,0.2861801136872847,12.917903202213964,3.771036357545798,NACA0012,0.31775079677126705,11.288692688097656,0.18499836301595854,25.0,-5.0,1.225,-0.27668613528287295,0.00973958261640734,-28.408418120173483,analytic,converged,1,0.0,1.500011421740055e-06,d3c044325798,42,phase1
baseline_phase1_20260608T162505Z_d3c044325798,wing_000078,v25_a0,2026-06-08T16:25:05.728939+00:00,1.8939353463487096,0.26088535728659956,0.07466020120762695,0.2861801136872847,12.917903202213964,3.771036357545798,NACA0012,0.31775079677126705,11.288692688097656,0.18499836301595854,25.0,0.0,1.225,0.16750675323727748,0.00813079103748928,20.60153218363882,analytic,converged,1,0.0,1.500011421740055e-06,d3c044325798,42,phase1
baseline_phase1_20260608T162505Z_d3c044325798,wing_000078,v25_a5,2026-06-08T16:25:05.728942+00:00,1.8939353463487096,0.26088535728659956,0.07466020120762695,0.2861801136872847,12.917903202213964,3.771036357545798,NACA0012,0.31775079677126705,11.288692688097656,0.18499836301595854,25.0,5.0,1.225,0.611699641757428,0.019612635530646988,31.18905874743745,analytic,converged,1,0.0,1.3999524526298046e-06,d3c044325798,42,phase1
baseline_phase1_20260608T162505Z_d3c044325798,wing_000078,v25_a10,2026-06-08T16:25:05.728944+00:00,1.8939353463487096,0.26088535728659956,0.07466020120762695,0.2861801136872847,12.917903202213964,3.771036357545798,NACA0012,0.31775079677126705,11.288692688097656,0.18499836301595854,25.0,10.0,1.225,1.0558925302775781,0.044185116095880446,23.89701835311061,analytic,converged,1,0.0,1.300009898841381e-06,d3c044325798,42,phase1
baseline_phase1_20260608T162505Z_d3c044325798,wing_000078,v25_a15,2026-06-08T16:25:05.728947+00:00,1.8939353463487096,0.26088535728659956,0.07466020120762695,0.2861801136872847,12.917903202213964,3.771036357545798,NACA0012,0.31775079677126705,11.288692688097656,0.18499836301595854,25.0,15.0,1.225,1.4,0.07221949956453343,19.385346179932984,analytic,stall_limited,1,0.0,1.400010660290718e-06,d3c044325798,42,phase1
baseline_phase1_20260608T162505Z_d3c044325798,wing_000079,v15_a-5,2026-06-08T16:25:05.728949+00:00,1.8731562575330483,0.4266270936088268,0.26565154009293074,0.6226785501262747,21.739802318211144,1.4507616648020658,NACA4412,0.648373027337438,5.4115674421927284,0.35237792453672395,15.0,-5.0,1.225,-0.019925882712031082,0.007227475352033536,-2.7569630806730734,analytic,converged,1,0.0,1.4999532140791416e-06,d3c044325798,42,phase1
baseline_phase1_20260608T162505Z_d3c044325798,wing_000079,v15_a0,2026-06-08T16:25:05.728952+00:00,1.8731562575330483,0.4266270936088268,0.26565154009293074,0.6226785501262747,21.739802318211144,1.4507616648020658,NACA4412,0.648373027337438,5.4115674421927284,0.35237792453672395,15.0,0.0,1.225,0.3428653034649171,0.015334955909283535,22.358414689497216,analytic,converged,1,0.0,1.500011421740055e-06,d3c044325798,42,phase1
baseline_phase1_20260608T162505Z_d3c044325798,wing_000079,v15_a5,2026-06-08T16:25:05.728954+00:00,1.8731562575330483,0.4266270936088268,0.26565154009293074,0.6226785501262747,21.739802318211144,1.4507616648020658,NACA4412,0.648373027337438,5.4115674421927284,0.35237792453672395,15.0,5.0,1.225,0.7056564896418653,0.041658376046867264,16.939126211928542,analytic,converged,1,0.0,1.400010660290718e-06,d3c044325798,42,phase1
baseline_phase1_20260608T162505Z_d3c044325798,wing_000079,v15_a10,2026-06-08T16:25:05.728956+00:00,1.8731562575330483,0.4266270936088268,0.26565154009293074,0.6226785501262747,21.739802318211144,1.4507616648020658,NACA4412,0.648373027337438,5.4115674421927284,0.35237792453672395,15.0,10.0,1.225,1.0684476758188135,0.08619773576478472,12.395310228732455,analytic,converged,1,0.0,1.4999532140791416e-06,d3c044325798,42,phase1
baseline_phase1_20260608T162505Z_d3c044325798,wing_000079,v15_a15,2026-06-08T16:25:05.728959+00:00,1.8731562575330483,0.4266270936088268,0.26565154009293074,0.6226785501262747,21.739802318211144,1.4507616648020658,NACA4412,0.648373027337438,5.4115674421927284,0.35237792453672395,15.0,15.0,1.225,1.4,0.14283263456631926,9.801681557235154,analytic,stall_limited,1,0.0,2.500019036233425e-06,d3c044325798,42,phase1
baseline_phase1_20260608T162505Z_d3c044325798,wing_000079,v20_a-5,2026-06-08T16:25:05.728961+00:00,1.8731562575330483,0.4266270936088268,0.26565154009293074,0.6226785501262747,21.739802318211144,1.4507616648020658,NACA4412,0.648373027337438,5.4115674421927284,0.35237792453672395,20.0,-5.0,1.225,-0.019925882712031082,0.007227475352033536,-2.7569630806730734,analytic,converged,1,0.0,2.0999577827751637e-06,d3c044325798,42,phase1
baseline_phase1_20260608T162505Z_d3c044325798,wing_000079,v20_a0,2026-06-08T16:25:05.728964+00:00,1.8731562575330483,0.4266270936088268,0.26565154009293074,0.6226785501262747,21.739802318211144,1.4507616648020658,NACA4412,0.648373027337438,5.4115674421927284,0.35237792453672395,20.0,0.0,1.225,0.3428653034649171,0.015334955909283535,22.358414689497216,analytic,converged,1,0.0,1.600012183189392e-06,d3c044325798,42,phase1
baseline_phase1_20260608T162505Z_d3c044325798,wing_000079,v20_a5,2026-06-08T16:25:05.729020+00:00,1.8731562575330483,0.4266270936088268,0.26565154009293074,0.6226785501262747,21.739802318211144,1.4507616648020658,NACA4412,0.648373027337438,5.4115674421927284,0.35237792453672395,20.0,5.0,1.225,0.7056564896418653,0.041658376046867264,16.939126211928542,analytic,converged,1,0.0,1.4999532140791416e-06,d3c044325798,42,phase1
baseline_phase1_20260608T162505Z_d3c044325798,wing_000079,v20_a10,2026-06-08T16:25:05.729023+00:00,1.8731562575330483,0.4266270936088268,0.26565154009293074,0.6226785501262747,21.739802318211144,1.4507616648020658,NACA4412,0.648373027337438,5.4115674421927284,0.35237792453672395,20.0,10.0,1.225,1.0684476758188135,0.08619773576478472,12.395310228732455,analytic,converged,1,0.0,1.600012183189392e-06,d3c044325798,42,phase1
baseline_phase1_20260608T162505Z_d3c044325798,wing_000079,v20_a15,2026-06-08T16:25:05.729026+00:00,1.8731562575330483,0.4266270936088268,0.26565154009293074,0.6226785501262747,21.739802318211144,1.4507616648020658,NACA4412,0.648373027337438,5.4115674421927284,0.35237792453672395,20.0,15.0,1.225,1.4,0.14283263456631926,9.801681557235154,analytic,stall_limited,1,0.0,1.500011421740055e-06,d3c044325798,42,phase1
baseline_phase1_20260608T162505Z_d3c044325798,wing_000079,v25_a-5,2026-06-08T16:25:05.729030+00:00,1.8731562575330483,0.4266270936088268,0.26565154009293074,0.6226785501262747,21.739802318211144,1.4507616648020658,NACA4412,0.648373027337438,5.4115674421927284,0.35237792453672395,25.0,-5.0,1.225,-0.019925882712031082,0.007227475352033536,-2.7569630806730734,analytic,converged,1,0.0,1.4999532140791416e-06,d3c044325798,42,phase1
baseline_phase1_20260608T162505Z_d3c044325798,wing_000079,v25_a0,2026-06-08T16:25:05.729032+00:00,1.8731562575330483,0.4266270936088268,0.26565154009293074,0.6226785501262747,21.739802318211144,1.4507616648020658,NACA4412,0.648373027337438,5.4115674421927284,0.35237792453672395,25.0,0.0,1.225,0.3428653034649171,0.015334955909283535,22.358414689497216,analytic,converged,1,0.0,1.700012944638729e-06,d3c044325798,42,phase1
baseline_phase1_20260608T162505Z_d3c044325798,wing_000079,v25_a5,2026-06-08T16:25:05.729034+00:00,1.8731562575330483,0.4266270936088268,0.26565154009293074,0.6226785501262747,21.739802318211144,1.4507616648020658,NACA4412,0.648373027337438,5.4115674421927284,0.35237792453672395,25.0,5.0,1.225,0.7056564896418653,0.041658376046867264,16.939126211928542,analytic,converged,1,0.0,1.400010660290718e-06,d3c044325798,42,phase1
baseline_phase1_20260608T162505Z_d3c044325798,wing_000079,v25_a10,2026-06-08T16:25:05.729037+00:00,1.8731562575330483,0.4266270936088268,0.26565154009293074,0.6226785501262747,21.739802318211144,1.4507616648020658,NACA4412,0.648373027337438,5.4115674421927284,0.35237792453672395,25.0,10.0,1.225,1.0684476758188135,0.08619773576478472,12.395310228732455,analytic,converged,1,0.0,1.4999532140791416e-06,d3c044325798,42,phase1
baseline_phase1_20260608T162505Z_d3c044325798,wing_000079,v25_a15,2026-06-08T16:25:05.729039+00:00,1.8731562575330483,0.4266270936088268,0.26565154009293074,0.6226785501262747,21.739802318211144,1.4507616648020658,NACA4412,0.648373027337438,5.4115674421927284,0.35237792453672395,25.0,15.0,1.225,1.4,0.14283263456631926,9.801681557235154,analytic,stall_limited,1,0.0,1.600012183189392e-06,d3c044325798,42,phase1
baseline_phase1_20260608T162505Z_d3c044325798,wing_000080,v15_a-5,2026-06-08T16:25:05.729042+00:00,1.764136003125648,0.33416962647116577,0.18257585071272453,0.5463568087881808,22.808774279220167,-1.706647494412834,NACA0012,0.455804650376222,6.82787206088253,0.265784728266868,15.0,-5.0,1.225,-0.44904980536170275,0.018259483671328874,-24.592689116768554,analytic,converged,1,0.0,1.600012183189392e-06,d3c044325798,42,phase1
baseline_phase1_20260608T162505Z_d3c044325798,wing_000080,v15_a0,2026-06-08T16:25:05.729044+00:00,1.764136003125648,0.33416962647116577,0.18257585071272453,0.5463568087881808,22.808774279220167,-1.706647494412834,NACA0012,0.455804650376222,6.82787206088253,0.265784728266868,15.0,0.0,1.225,-0.06546449148254287,0.007435048467617828,-8.804850670128522,analytic,converged,1,0.0,1.600012183189392e-06,d3c044325798,42,phase1
baseline_phase1_20260608T162505Z_d3c044325798,wing_000080,v15_a5,2026-06-08T16:25:05.729047+00:00,1.764136003125648,0.33416962647116577,0.18257585071272453,0.5463568087881808,22.808774279220167,-1.706647494412834,NACA0012,0.455804650376222,6.82787206088253,0.265784728266868,15.0,5.0,1.225,0.318120822396617,0.012750473324732484,24.949726515606937,analytic,converged,1,0.0,1.500011421740055e-06,d3c044325798,42,phase1
baseline_phase1_20260608T162505Z_d3c044325798,wing_000080,v15_a10,2026-06-08T16:25:05.729050+00:00,1.764136003125648,0.33416962647116577,0.18257585071272453,0.5463568087881808,22.808774279220167,-1.706647494412834,NACA0012,0.455804650376222,6.82787206088253,0.265784728266868,15.0,10.0,1.225,0.7017061362757768,0.03420575824267284,20.514269302189437,analytic,converged,1,0.0,1.400010660290718e-06,d3c044325798,42,phase1
baseline_phase1_20260608T162505Z_d3c044325798,wing_000080,v15_a15,2026-06-08T16:25:05.729052+00:00,1.764136003125648,0.33416962647116577,0.18257585071272453,0.5463568087881808,22.808774279220167,-1.706647494412834,NACA0012,0.455804650376222,6.82787206088253,0.265784728266868,15.0,15.0,1.225,1.0852914501549367,0.07180090322143891,15.115289661577425,analytic,converged,1,0.0,2.500019036233425e-06,d3c044325798,42,phase1
baseline_phase1_20260608T162505Z_d3c044325798,wing_000080,v20_a-5,2026-06-08T16:25:05.729054+00:00,1.764136003125648,0.33416962647116577,0.18257585071272453,0.5463568087881808,22.808774279220167,-1.706647494412834,NACA0012,0.455804650376222,6.82787206088253,0.265784728266868,20.0,-5.0,1.225,-0.44904980536170275,0.018259483671328874,-24.592689116768554,analytic,converged,1,0.0,1.500011421740055e-06,d3c044325798,42,phase1
baseline_phase1_20260608T162505Z_d3c044325798,wing_000080,v20_a0,2026-06-08T16:25:05.729057+00:00,1.764136003125648,0.33416962647116577,0.18257585071272453,0.5463568087881808,22.808774279220167,-1.706647494412834,NACA0012,0.455804650376222,6.82787206088253,0.265784728266868,20.0,0.0,1.225,-0.06546449148254287,0.007435048467617828,-8.804850670128522,analytic,converged,1,0.0,1.4999532140791416e-06,d3c044325798,42,phase1
baseline_phase1_20260608T162505Z_d3c044325798,wing_000080,v20_a5,2026-06-08T16:25:05.729059+00:00,1.764136003125648,0.33416962647116577,0.18257585071272453,0.5463568087881808,22.808774279220167,-1.706647494412834,NACA0012,0.455804650376222,6.82787206088253,0.265784728266868,20.0,5.0,1.225,0.318120822396617,0.012750473324732484,24.949726515606937,analytic,converged,1,0.0,1.400010660290718e-06,d3c044325798,42,phase1
baseline_phase1_20260608T162505Z_d3c044325798,wing_000080,v20_a10,2026-06-08T16:25:05.729061+00:00,1.764136003125648,0.33416962647116577,0.18257585071272453,0.5463568087881808,22.808774279220167,-1.706647494412834,NACA0012,0.455804650376222,6.82787206088253,0.265784728266868,20.0,10.0,1.225,0.7017061362757768,0.03420575824267284,20.514269302189437,analytic,converged,1,0.0,1.400010660290718e-06,d3c044325798,42,phase1
baseline_phase1_20260608T162505Z_d3c044325798,wing_000080,v20_a15,2026-06-08T16:25:05.729064+00:00,1.764136003125648,0.33416962647116577,0.18257585071272453,0.5463568087881808,22.808774279220167,-1.706647494412834,NACA0012,0.455804650376222,6.82787206088253,0.265784728266868,20.0,15.0,1.225,1.0852914501549367,0.07180090322143891,15.115289661577425,analytic,converged,1,0.0,1.9999570213258266e-06,d3c044325798,42,phase1
baseline_phase1_20260608T162505Z_d3c044325798,wing_000080,v25_a-5,2026-06-08T16:25:05.729066+00:00,1.764136003125648,0.33416962647116577,0.18257585071272453,0.5463568087881808,22.808774279220167,-1.706647494412834,NACA0012,0.455804650376222,6.82787206088253,0.265784728266868,25.0,-5.0,1.225,-0.44904980536170275,0.018259483671328874,-24.592689116768554,analytic,converged,1,0.0,1.800013706088066e-06,d3c044325798,42,phase1
baseline_phase1_20260608T162505Z_d3c044325798,wing_000080,v25_a0,2026-06-08T16:25:05.729069+00:00,1.764136003125648,0.33416962647116577,0.18257585071272453,0.5463568087881808,22.808774279220167,-1.706647494412834,NACA0012,0.455804650376222,6.82787206088253,0.265784728266868,25.0,0.0,1.225,-0.06546449148254287,0.007435048467617828,-8.804850670128522,analytic,converged,1,0.0,2.5999615900218487e-06,d3c044325798,42,phase1
baseline_phase1_20260608T162505Z_d3c044325798,wing_000080,v25_a5,2026-06-08T16:25:05.729071+00:00,1.764136003125648,0.33416962647116577,0.18257585071272453,0.5463568087881808,22.808774279220167,-1.706647494412834,NACA0012,0.455804650376222,6.82787206088253,0.265784728266868,25.0,5.0,1.225,0.318120822396617,0.012750473324732484,24.949726515606937,analytic,converged,1,0.0,1.800013706088066e-06,d3c044325798,42,phase1
baseline_phase1_20260608T162505Z_d3c044325798,wing_000080,v25_a10,2026-06-08T16:25:05.729074+00:00,1.764136003125648,0.33416962647116577,0.18257585071272453,0.5463568087881808,22.808774279220167,-1.706647494412834,NACA0012,0.455804650376222,6.82787206088253,0.265784728266868,25.0,10.0,1.225,0.7017061362757768,0.03420575824267284,20.514269302189437,analytic,converged,1,0.0,1.5999539755284786e-06,d3c044325798,42,phase1
baseline_phase1_20260608T162505Z_d3c044325798,wing_000080,v25_a15,2026-06-08T16:25:05.729076+00:00,1.764136003125648,0.33416962647116577,0.18257585071272453,0.5463568087881808,22.808774279220167,-1.706647494412834,NACA0012,0.455804650376222,6.82787206088253,0.265784728266868,25.0,15.0,1.225,1.0852914501549367,0.07180090322143891,15.115289661577425,analytic,converged,1,0.0,1.400010660290718e-06,d3c044325798,42,phase1
baseline_phase1_20260608T162505Z_d3c044325798,wing_000081,v15_a-5,2026-06-08T16:25:05.729079+00:00,1.3940694008660854,0.3834601355975373,0.22585163147797643,0.5889833401483493,15.835481734636417,2.2237135061161393,NACA0012,0.4247114450338086,4.575882089253381,0.31145055525128457,15.0,-5.0,1.225,-0.2744388010804189,0.013363783888342369,-20.536010113110265,analytic,converged,1,0.0,1.500011421740055e-06,d3c044325798,42,phase1
baseline_phase1_20260608T162505Z_d3c044325798,wing_000081,v15_a0,2026-06-08T16:25:05.729081+00:00,1.3940694008660854,0.3834601355975373,0.22585163147797643,0.5889833401483493,15.835481734636417,2.2237135061161393,NACA0012,0.4247114450338086,4.575882089253381,0.31145055525128457,15.0,0.0,1.225,0.07847875319985124,0.007704034850586174,10.186707968212275,analytic,converged,1,0.0,1.4999532140791416e-06,d3c044325798,42,phase1
baseline_phase1_20260608T162505Z_d3c044325798,wing_000081,v15_a5,2026-06-08T16:25:05.729085+00:00,1.3940694008660854,0.3834601355975373,0.22585163147797643,0.5889833401483493,15.835481734636417,2.2237135061161393,NACA0012,0.4247114450338086,4.575882089253381,0.31145055525128457,15.0,5.0,1.225,0.4313963074801214,0.022430326843626273,19.232724983796015,analytic,converged,1,0.0,1.500011421740055e-06,d3c044325798,42,phase1
baseline_phase1_20260608T162505Z_d3c044325798,wing_000081,v15_a10,2026-06-08T16:25:05.729087+00:00,1.3940694008660854,0.3834601355975373,0.22585163147797643,0.5889833401483493,15.835481734636417,2.2237135061161393,NACA0012,0.4247114450338086,4.575882089253381,0.31145055525128457,15.0,10.0,1.225,0.7843138617603916,0.05754265986746267,13.630128735218229,analytic,converged,1,0.0,1.400010660290718e-06,d3c044325798,42,phase1
baseline_phase1_20260608T162505Z_d3c044325798,wing_000081,v15_a15,2026-06-08T16:25:05.729089+00:00,1.3940694008660854,0.3834601355975373,0.22585163147797643,0.5889833401483493,15.835481734636417,2.2237135061161393,NACA0012,0.4247114450338086,4.575882089253381,0.31145055525128457,15.0,15.0,1.225,1.1372314160406618,0.11304103392209537,10.060341599709792,analytic,converged,1,0.0,1.2999516911804676e-06,d3c044325798,42,phase1
baseline_phase1_20260608T162505Z_d3c044325798,wing_000081,v20_a-5,2026-06-08T16:25:05.729092+00:00,1.3940694008660854,0.3834601355975373,0.22585163147797643,0.5889833401483493,15.835481734636417,2.2237135061161393,NACA0012,0.4247114450338086,4.575882089253381,0.31145055525128457,20.0,-5.0,1.225,-0.2744388010804189,0.013363783888342369,-20.536010113110265,analytic,converged,1,0.0,1.500011421740055e-06,d3c044325798,42,phase1
baseline_phase1_20260608T162505Z_d3c044325798,wing_000081,v20_a0,2026-06-08T16:25:05.729094+00:00,1.3940694008660854,0.3834601355975373,0.22585163147797643,0.5889833401483493,15.835481734636417,2.2237135061161393,NACA0012,0.4247114450338086,4.575882089253381,0.31145055525128457,20.0,0.0,1.225,0.07847875319985124,0.007704034850586174,10.186707968212275,analytic,converged,1,0.0,1.400010660290718e-06,d3c044325798,42,phase1
baseline_phase1_20260608T162505Z_d3c044325798,wing_000081,v20_a5,2026-06-08T16:25:05.729096+00:00,1.3940694008660854,0.3834601355975373,0.22585163147797643,0.5889833401483493,15.835481734636417,2.2237135061161393,NACA0012,0.4247114450338086,4.575882089253381,0.31145055525128457,20.0,5.0,1.225,0.4313963074801214,0.022430326843626273,19.232724983796015,analytic,converged,1,0.0,1.4999532140791416e-06,d3c044325798,42,phase1
baseline_phase1_20260608T162505Z_d3c044325798,wing_000081,v20_a10,2026-06-08T16:25:05.729099+00:00,1.3940694008660854,0.3834601355975373,0.22585163147797643,0.5889833401483493,15.835481734636417,2.2237135061161393,NACA0012,0.4247114450338086,4.575882089253381,0.31145055525128457,20.0,10.0,1.225,0.7843138617603916,0.05754265986746267,13.630128735218229,analytic,converged,1,0.0,1.300009898841381e-06,d3c044325798,42,phase1
baseline_phase1_20260608T162505Z_d3c044325798,wing_000081,v20_a15,2026-06-08T16:25:05.729101+00:00,1.3940694008660854,0.3834601355975373,0.22585163147797643,0.5889833401483493,15.835481734636417,2.2237135061161393,NACA0012,0.4247114450338086,4.575882089253381,0.31145055525128457,20.0,15.0,1.225,1.1372314160406618,0.11304103392209537,10.060341599709792,analytic,converged,1,0.0,1.300009898841381e-06,d3c044325798,42,phase1
baseline_phase1_20260608T162505Z_d3c044325798,wing_000081,v25_a-5,2026-06-08T16:25:05.729105+00:00,1.3940694008660854,0.3834601355975373,0.22585163147797643,0.5889833401483493,15.835481734636417,2.2237135061161393,NACA0012,0.4247114450338086,4.575882089253381,0.31145055525128457,25.0,-5.0,1.225,-0.2744388010804189,0.013363783888342369,-20.536010113110265,analytic,converged,1,0.0,1.4999532140791416e-06,d3c044325798,42,phase1
baseline_phase1_20260608T162505Z_d3c044325798,wing_000081,v25_a0,2026-06-08T16:25:05.729107+00:00,1.3940694008660854,0.3834601355975373,0.22585163147797643,0.5889833401483493,15.835481734636417,2.2237135061161393,NACA0012,0.4247114450338086,4.575882089253381,0.31145055525128457,25.0,0.0,1.225,0.07847875319985124,0.007704034850586174,10.186707968212275,analytic,converged,1,0.0,1.400010660290718e-06,d3c044325798,42,phase1
baseline_phase1_20260608T162505Z_d3c044325798,wing_000081,v25_a5,2026-06-08T16:25:05.729109+00:00,1.3940694008660854,0.3834601355975373,0.22585163147797643,0.5889833401483493,15.835481734636417,2.2237135061161393,NACA0012,0.4247114450338086,4.575882089253381,0.31145055525128457,25.0,5.0,1.225,0.4313963074801214,0.022430326843626273,19.232724983796015,analytic,converged,1,0.0,1.500011421740055e-06,d3c044325798,42,phase1
baseline_phase1_20260608T162505Z_d3c044325798,wing_000081,v25_a10,2026-06-08T16:25:05.729112+00:00,1.3940694008660854,0.3834601355975373,0.22585163147797643,0.5889833401483493,15.835481734636417,2.2237135061161393,NACA0012,0.4247114450338086,4.575882089253381,0.31145055525128457,25.0,10.0,1.225,0.7843138617603916,0.05754265986746267,13.630128735218229,analytic,converged,1,0.0,1.4999532140791416e-06,d3c044325798,42,phase1
baseline_phase1_20260608T162505Z_d3c044325798,wing_000081,v25_a15,2026-06-08T16:25:05.729114+00:00,1.3940694008660854,0.3834601355975373,0.22585163147797643,0.5889833401483493,15.835481734636417,2.2237135061161393,NACA0012,0.4247114450338086,4.575882089253381,0.31145055525128457,25.0,15.0,1.225,1.1372314160406618,0.11304103392209537,10.060341599709792,analytic,converged,1,0.0,1.400010660290718e-06,d3c044325798,42,phase1
baseline_phase1_20260608T162505Z_d3c044325798,wing_000082,v15_a-5,2026-06-08T16:25:05.729117+00:00,1.4844983083177306,0.2917824331602227,0.15226743077820343,0.5218526322130942,18.398803210103345,-3.579123358635666,NACA4412,0.329595635912656,6.686178417672379,0.22933058142826937,15.0,-5.0,1.225,-0.21760812842530466,0.009852182882382604,-22.087300958899718,analytic,converged,1,0.0,1.400010660290718e-06,d3c044325798,42,phase1
baseline_phase1_20260608T162505Z_d3c044325798,wing_000082,v15_a0,2026-06-08T16:25:05.729119+00:00,1.4844983083177306,0.2917824331602227,0.15226743077820343,0.5218526322130942,18.398803210103345,-3.579123358635666,NACA4412,0.329595635912656,6.686178417672379,0.22933058142826937,15.0,0.0,1.225,0.1724318732686517,0.008865284090064068,19.450236621509728,analytic,converged,1,0.0,1.400010660290718e-06,d3c044325798,42,phase1
baseline_phase1_20260608T162505Z_d3c044325798,wing_000082,v15_a5,2026-06-08T16:25:05.729122+00:00,1.4844983083177306,0.2917824331602227,0.15226743077820343,0.5218526322130942,18.398803210103345,-3.579123358635666,NACA4412,0.329595635912656,6.686178417672379,0.22933058142826937,15.0,5.0,1.225,0.5624718749626081,0.02491963873023583,22.57142974870427,analytic,converged,1,0.0,1.700012944638729e-06,d3c044325798,42,phase1
baseline_phase1_20260608T162505Z_d3c044325798,wing_000082,v15_a10,2026-06-08T16:25:05.729124+00:00,1.4844983083177306,0.2917824331602227,0.15226743077820343,0.5218526322130942,18.398803210103345,-3.579123358635666,NACA4412,0.329595635912656,6.686178417672379,0.22933058142826937,15.0,10.0,1.225,0.9525118766565643,0.05801524680289787,16.418302586777692,analytic,converged,1,0.0,1.400010660290718e-06,d3c044325798,42,phase1
baseline_phase1_20260608T162505Z_d3c044325798,wing_000082,v15_a15,2026-06-08T16:25:05.729126+00:00,1.4844983083177306,0.2917824331602227,0.15226743077820343,0.5218526322130942,18.398803210103345,-3.579123358635666,NACA4412,0.329595635912656,6.686178417672379,0.22933058142826937,15.0,15.0,1.225,1.3425518783505204,0.10815210830805017,12.413552535901783,analytic,converged,1,0.0,1.500011421740055e-06,d3c044325798,42,phase1
baseline_phase1_20260608T162505Z_d3c044325798,wing_000082,v20_a-5,2026-06-08T16:25:05.729129+00:00,1.4844983083177306,0.2917824331602227,0.15226743077820343,0.5218526322130942,18.398803210103345,-3.579123358635666,NACA4412,0.329595635912656,6.686178417672379,0.22933058142826937,20.0,-5.0,1.225,-0.21760812842530466,0.009852182882382604,-22.087300958899718,analytic,converged,1,0.0,1.500011421740055e-06,d3c044325798,42,phase1
baseline_phase1_20260608T162505Z_d3c044325798,wing_000082,v20_a0,2026-06-08T16:25:05.729131+00:00,1.4844983083177306,0.2917824331602227,0.15226743077820343,0.5218526322130942,18.398803210103345,-3.579123358635666,NACA4412,0.329595635912656,6.686178417672379,0.22933058142826937,20.0,0.0,1.225,0.1724318732686517,0.008865284090064068,19.450236621509728,analytic,converged,1,0.0,2.5999615900218487e-06,d3c044325798,42,phase1
baseline_phase1_20260608T162505Z_d3c044325798,wing_000082,v20_a5,2026-06-08T16:25:05.729133+00:00,1.4844983083177306,0.2917824331602227,0.15226743077820343,0.5218526322130942,18.398803210103345,-3.579123358635666,NACA4412,0.329595635912656,6.686178417672379,0.22933058142826937,20.0,5.0,1.225,0.5624718749626081,0.02491963873023583,22.57142974870427,analytic,converged,1,0.0,1.400010660290718e-06,d3c044325798,42,phase1
baseline_phase1_20260608T162505Z_d3c044325798,wing_000082,v20_a10,2026-06-08T16:25:05.729136+00:00,1.4844983083177306,0.2917824331602227,0.15226743077820343,0.5218526322130942,18.398803210103345,-3.579123358635666,NACA4412,0.329595635912656,6.686178417672379,0.22933058142826937,20.0,10.0,1.225,0.9525118766565643,0.05801524680289787,16.418302586777692,analytic,converged,1,0.0,1.700012944638729e-06,d3c044325798,42,phase1
baseline_phase1_20260608T162505Z_d3c044325798,wing_000082,v20_a15,2026-06-08T16:25:05.729138+00:00,1.4844983083177306,0.2917824331602227,0.15226743077820343,0.5218526322130942,18.398803210103345,-3.579123358635666,NACA4412,0.329595635912656,6.686178417672379,0.22933058142826937,20.0,15.0,1.225,1.3425518783505204,0.10815210830805017,12.413552535901783,analytic,converged,1,0.0,1.600012183189392e-06,d3c044325798,42,phase1
baseline_phase1_20260608T162505Z_d3c044325798,wing_000082,v25_a-5,2026-06-08T16:25:05.729141+00:00,1.4844983083177306,0.2917824331602227,0.15226743077820343,0.5218526322130942,18.398803210103345,-3.579123358635666,NACA4412,0.329595635912656,6.686178417672379,0.22933058142826937,25.0,-5.0,1.225,-0.21760812842530466,0.009852182882382604,-22.087300958899718,analytic,converged,1,0.0,1.500011421740055e-06,d3c044325798,42,phase1
baseline_phase1_20260608T162505Z_d3c044325798,wing_000082,v25_a0,2026-06-08T16:25:05.729143+00:00,1.4844983083177306,0.2917824331602227,0.15226743077820343,0.5218526322130942,18.398803210103345,-3.579123358635666,NACA4412,0.329595635912656,6.686178417672379,0.22933058142826937,25.0,0.0,1.225,0.1724318732686517,0.008865284090064068,19.450236621509728,analytic,converged,1,0.0,1.500011421740055e-06,d3c044325798,42,phase1
baseline_phase1_20260608T162505Z_d3c044325798,wing_000082,v25_a5,2026-06-08T16:25:05.729145+00:00,1.4844983083177306,0.2917824331602227,0.15226743077820343,0.5218526322130942,18.398803210103345,-3.579123358635666,NACA4412,0.329595635912656,6.686178417672379,0.22933058142826937,25.0,5.0,1.225,0.5624718749626081,0.02491963873023583,22.57142974870427,analytic,converged,1,0.0,1.400010660290718e-06,d3c044325798,42,phase1
baseline_phase1_20260608T162505Z_d3c044325798,wing_000082,v25_a10,2026-06-08T16:25:05.729148+00:00,1.4844983083177306,0.2917824331602227,0.15226743077820343,0.5218526322130942,18.398803210103345,-3.579123358635666,NACA4412,0.329595635912656,6.686178417672379,0.22933058142826937,25.0,10.0,1.225,0.9525118766565643,0.05801524680289787,16.418302586777692,analytic,converged,1,0.0,2.500019036233425e-06,d3c044325798,42,phase1
baseline_phase1_20260608T162505Z_d3c044325798,wing_000082,v25_a15,2026-06-08T16:25:05.729150+00:00,1.4844983083177306,0.2917824331602227,0.15226743077820343,0.5218526322130942,18.398803210103345,-3.579123358635666,NACA4412,0.329595635912656,6.686178417672379,0.22933058142826937,25.0,15.0,1.225,1.3425518783505204,0.10815210830805017,12.413552535901783,analytic,converged,1,0.0,1.400010660290718e-06,d3c044325798,42,phase1
baseline_phase1_20260608T162505Z_d3c044325798,wing_000083,v15_a-5,2026-06-08T16:25:05.729154+00:00,1.0648838692106413,0.23790932382476976,0.1473637939415316,0.6194115958652854,28.546294836238392,-1.9156275101715652,NACA4412,0.20513556417491302,5.527942750766108,0.19618317408665822,15.0,-5.0,1.225,-0.1372717970141657,0.008476527875647642,-16.194342663407753,analytic,converged,1,0.0,1.500011421740055e-06,d3c044325798,42,phase1
baseline_phase1_20260608T162505Z_d3c044325798,wing_000083,v15_a0,2026-06-08T16:25:05.729156+00:00,1.0648838692106413,0.23790932382476976,0.1473637939415316,0.6194115958652854,28.546294836238392,-1.9156275101715652,NACA4412,0.20513556417491302,5.527942750766108,0.19618317408665822,15.0,0.0,1.225,0.21330239998893763,0.010282188167471736,20.74484501885809,analytic,converged,1,0.0,1.5999539755284786e-06,d3c044325798,42,phase1
baseline_phase1_20260608T162505Z_d3c044325798,wing_000083,v15_a5,2026-06-08T16:25:05.729159+00:00,1.0648838692106413,0.23790932382476976,0.1473637939415316,0.6194115958652854,28.546294836238392,-1.9156275101715652,NACA4412,0.20513556417491302,5.527942750766108,0.19618317408665822,15.0,5.0,1.225,0.563876596992041,0.028739509293201494,19.620258343291525,analytic,converged,1,0.0,1.400010660290718e-06,d3c044325798,42,phase1
baseline_phase1_20260608T162505Z_d3c044325798,wing_000083,v15_a10,2026-06-08T16:25:05.729161+00:00,1.0648838692106413,0.23790932382476976,0.1473637939415316,0.6194115958652854,28.546294836238392,-1.9156275101715652,NACA4412,0.20513556417491302,5.527942750766108,0.19618317408665822,15.0,10.0,1.225,0.9144507939951444,0.06384849125283694,14.322198943965073,analytic,converged,1,0.0,1.300009898841381e-06,d3c044325798,42,phase1
baseline_phase1_20260608T162505Z_d3c044325798,wing_000083,v15_a15,2026-06-08T16:25:05.729164+00:00,1.0648838692106413,0.23790932382476976,0.1473637939415316,0.6194115958652854,28.546294836238392,-1.9156275101715652,NACA4412,0.20513556417491302,5.527942750766108,0.19618317408665822,15.0,15.0,1.225,1.2650249909982478,0.11560913404637806,10.942258165265446,analytic,converged,1,0.0,1.3999524526298046e-06,d3c044325798,42,phase1
baseline_phase1_20260608T162505Z_d3c044325798,wing_000083,v20_a-5,2026-06-08T16:25:05.729166+00:00,1.0648838692106413,0.23790932382476976,0.1473637939415316,0.6194115958652854,28.546294836238392,-1.9156275101715652,NACA4412,0.20513556417491302,5.527942750766108,0.19618317408665822,20.0,-5.0,1.225,-0.1372717970141657,0.008476527875647642,-16.194342663407753,analytic,converged,1,0.0,1.400010660290718e-06,d3c044325798,42,phase1
baseline_phase1_20260608T162505Z_d3c044325798,wing_000083,v20_a0,2026-06-08T16:25:05.729169+00:00,1.0648838692106413,0.23790932382476976,0.1473637939415316,0.6194115958652854,28.546294836238392,-1.9156275101715652,NACA4412,0.20513556417491302,5.527942750766108,0.19618317408665822,20.0,0.0,1.225,0.21330239998893763,0.010282188167471736,20.74484501885809,analytic,converged,1,0.0,1.600012183189392e-06,d3c044325798,42,phase1
baseline_phase1_20260608T162505Z_d3c044325798,wing_000083,v20_a5,2026-06-08T16:25:05.729246+00:00,1.0648838692106413,0.23790932382476976,0.1473637939415316,0.6194115958652854,28.546294836238392,-1.9156275101715652,NACA4412,0.20513556417491302,5.527942750766108,0.19618317408665822,20.0,5.0,1.225,0.563876596992041,0.028739509293201494,19.620258343291525,analytic,converged,1,0.0,2.4999608285725117e-06,d3c044325798,42,phase1
baseline_phase1_20260608T162505Z_d3c044325798,wing_000083,v20_a10,2026-06-08T16:25:05.729249+00:00,1.0648838692106413,0.23790932382476976,0.1473637939415316,0.6194115958652854,28.546294836238392,-1.9156275101715652,NACA4412,0.20513556417491302,5.527942750766108,0.19618317408665822,20.0,10.0,1.225,0.9144507939951444,0.06384849125283694,14.322198943965073,analytic,converged,1,0.0,1.400010660290718e-06,d3c044325798,42,phase1
baseline_phase1_20260608T162505Z_d3c044325798,wing_000083,v20_a15,2026-06-08T16:25:05.729251+00:00,1.0648838692106413,0.23790932382476976,0.1473637939415316,0.6194115958652854,28.546294836238392,-1.9156275101715652,NACA4412,0.20513556417491302,5.527942750766108,0.19618317408665822,20.0,15.0,1.225,1.2650249909982478,0.11560913404637806,10.942258165265446,analytic,converged,1,0.0,1.4999532140791416e-06,d3c044325798,42,phase1
baseline_phase1_20260608T162505Z_d3c044325798,wing_000083,v25_a-5,2026-06-08T16:25:05.729253+00:00,1.0648838692106413,0.23790932382476976,0.1473637939415316,0.6194115958652854,28.546294836238392,-1.9156275101715652,NACA4412,0.20513556417491302,5.527942750766108,0.19618317408665822,25.0,-5.0,1.225,-0.1372717970141657,0.008476527875647642,-16.194342663407753,analytic,converged,1,0.0,1.500011421740055e-06,d3c044325798,42,phase1
baseline_phase1_20260608T162505Z_d3c044325798,wing_000083,v25_a0,2026-06-08T16:25:05.729256+00:00,1.0648838692106413,0.23790932382476976,0.1473637939415316,0.6194115958652854,28.546294836238392,-1.9156275101715652,NACA4412,0.20513556417491302,5.527942750766108,0.19618317408665822,25.0,0.0,1.225,0.21330239998893763,0.010282188167471736,20.74484501885809,analytic,converged,1,0.0,1.400010660290718e-06,d3c044325798,42,phase1
baseline_phase1_20260608T162505Z_d3c044325798,wing_000083,v25_a5,2026-06-08T16:25:05.729258+00:00,1.0648838692106413,0.23790932382476976,0.1473637939415316,0.6194115958652854,28.546294836238392,-1.9156275101715652,NACA4412,0.20513556417491302,5.527942750766108,0.19618317408665822,25.0,5.0,1.225,0.563876596992041,0.028739509293201494,19.620258343291525,analytic,converged,1,0.0,1.4999532140791416e-06,d3c044325798,42,phase1
baseline_phase1_20260608T162505Z_d3c044325798,wing_000083,v25_a10,2026-06-08T16:25:05.729261+00:00,1.0648838692106413,0.23790932382476976,0.1473637939415316,0.6194115958652854,28.546294836238392,-1.9156275101715652,NACA4412,0.20513556417491302,5.527942750766108,0.19618317408665822,25.0,10.0,1.225,0.9144507939951444,0.06384849125283694,14.322198943965073,analytic,converged,1,0.0,1.400010660290718e-06,d3c044325798,42,phase1
baseline_phase1_20260608T162505Z_d3c044325798,wing_000083,v25_a15,2026-06-08T16:25:05.729263+00:00,1.0648838692106413,0.23790932382476976,0.1473637939415316,0.6194115958652854,28.546294836238392,-1.9156275101715652,NACA4412,0.20513556417491302,5.527942750766108,0.19618317408665822,25.0,15.0,1.225,1.2650249909982478,0.11560913404637806,10.942258165265446,analytic,converged,1,0.0,1.400010660290718e-06,d3c044325798,42,phase1
baseline_phase1_20260608T162505Z_d3c044325798,wing_000084,v15_a-5,2026-06-08T16:25:05.729266+00:00,1.2253650313815603,0.272752202494365,0.16525316342083,0.6058728835535034,29.413230531641,-1.383749396663287,NACA4412,0.2683582294749824,5.595205569325426,0.2233999058765403,15.0,-5.0,1.225,-0.11828795721627153,0.008136475064435983,-14.537985587063456,analytic,converged,1,0.0,1.3999524526298046e-06,d3c044325798,42,phase1
baseline_phase1_20260608T162505Z_d3c044325798,wing_000084,v15_a0,2026-06-08T16:25:05.729268+00:00,1.2253650313815603,0.272752202494365,0.16525316342083,0.6058728835535034,29.413230531641,-1.383749396663287,NACA4412,0.2683582294749824,5.595205569325426,0.2233999058765403,15.0,0.0,1.225,0.23128863179742787,0.01078033553072539,21.454678394584707,analytic,converged,1,0.0,1.400010660290718e-06,d3c044325798,42,phase1
baseline_phase1_20260608T162505Z_d3c044325798,wing_000084,v15_a5,2026-06-08T16:25:05.729270+00:00,1.2253650313815603,0.272752202494365,0.16525316342083,0.6058728835535034,29.413230531641,-1.383749396663287,NACA4412,0.2683582294749824,5.595205569325426,0.2233999058765403,15.0,5.0,1.225,0.5808652208111273,0.029782181948148967,19.503783229261664,analytic,converged,1,0.0,1.500011421740055e-06,d3c044325798,42,phase1
baseline_phase1_20260608T162505Z_d3c044325798,wing_000084,v15_a10,2026-06-08T16:25:05.729273+00:00,1.2253650313815603,0.272752202494365,0.16525316342083,0.6058728835535034,29.413230531641,-1.383749396663287,NACA4412,0.2683582294749824,5.595205569325426,0.2233999058765403,15.0,10.0,1.225,0.9304418098248267,0.0651420143167067,14.283282756673986,analytic,converged,1,0.0,1.400010660290718e-06,d3c044325798,42,phase1
baseline_phase1_20260608T162505Z_d3c044325798,wing_000084,v15_a15,2026-06-08T16:25:05.729275+00:00,1.2253650313815603,0.272752202494365,0.16525316342083,0.6058728835535034,29.413230531641,-1.383749396663287,NACA4412,0.2683582294749824,5.595205569325426,0.2233999058765403,15.0,15.0,1.225,1.280018398838526,0.11685983263639858,10.953450556627239,analytic,converged,1,0.0,1.300009898841381e-06,d3c044325798,42,phase1
baseline_phase1_20260608T162505Z_d3c044325798,wing_000084,v20_a-5,2026-06-08T16:25:05.729277+00:00,1.2253650313815603,0.272752202494365,0.16525316342083,0.6058728835535034,29.413230531641,-1.383749396663287,NACA4412,0.2683582294749824,5.595205569325426,0.2233999058765403,20.0,-5.0,1.225,-0.11828795721627153,0.008136475064435983,-14.537985587063456,analytic,converged,1,0.0,1.600012183189392e-06,d3c044325798,42,phase1
baseline_phase1_20260608T162505Z_d3c044325798,wing_000084,v20_a0,2026-06-08T16:25:05.729280+00:00,1.2253650313815603,0.272752202494365,0.16525316342083,0.6058728835535034,29.413230531641,-1.383749396663287,NACA4412,0.2683582294749824,5.595205569325426,0.2233999058765403,20.0,0.0,1.225,0.23128863179742787,0.01078033553072539,21.454678394584707,analytic,converged,1,0.0,1.500011421740055e-06,d3c044325798,42,phase1
baseline_phase1_20260608T162505Z_d3c044325798,wing_000084,v20_a5,2026-06-08T16:25:05.729282+00:00,1.2253650313815603,0.272752202494365,0.16525316342083,0.6058728835535034,29.413230531641,-1.383749396663287,NACA4412,0.2683582294749824,5.595205569325426,0.2233999058765403,20.0,5.0,1.225,0.5808652208111273,0.029782181948148967,19.503783229261664,analytic,converged,1,0.0,2.800021320581436e-06,d3c044325798,42,phase1
baseline_phase1_20260608T162505Z_d3c044325798,wing_000084,v20_a10,2026-06-08T16:25:05.729284+00:00,1.2253650313815603,0.272752202494365,0.16525316342083,0.6058728835535034,29.413230531641,-1.383749396663287,NACA4412,0.2683582294749824,5.595205569325426,0.2233999058765403,20.0,10.0,1.225,0.9304418098248267,0.0651420143167067,14.283282756673986,analytic,converged,1,0.0,1.7999554984271526e-06,d3c044325798,42,phase1
baseline_phase1_20260608T162505Z_d3c044325798,wing_000084,v20_a15,2026-06-08T16:25:05.729287+00:00,1.2253650313815603,0.272752202494365,0.16525316342083,0.6058728835535034,29.413230531641,-1.383749396663287,NACA4412,0.2683582294749824,5.595205569325426,0.2233999058765403,20.0,15.0,1.225,1.280018398838526,0.11685983263639858,10.953450556627239,analytic,converged,1,0.0,1.700012944638729e-06,d3c044325798,42,phase1
baseline_phase1_20260608T162505Z_d3c044325798,wing_000084,v25_a-5,2026-06-08T16:25:05.729289+00:00,1.2253650313815603,0.272752202494365,0.16525316342083,0.6058728835535034,29.413230531641,-1.383749396663287,NACA4412,0.2683582294749824,5.595205569325426,0.2233999058765403,25.0,-5.0,1.225,-0.11828795721627153,0.008136475064435983,-14.537985587063456,analytic,converged,1,0.0,1.800013706088066e-06,d3c044325798,42,phase1
baseline_phase1_20260608T162505Z_d3c044325798,wing_000084,v25_a0,2026-06-08T16:25:05.729292+00:00,1.2253650313815603,0.272752202494365,0.16525316342083,0.6058728835535034,29.413230531641,-1.383749396663287,NACA4412,0.2683582294749824,5.595205569325426,0.2233999058765403,25.0,0.0,1.225,0.23128863179742787,0.01078033553072539,21.454678394584707,analytic,converged,1,0.0,1.500011421740055e-06,d3c044325798,42,phase1
baseline_phase1_20260608T162505Z_d3c044325798,wing_000084,v25_a5,2026-06-08T16:25:05.729294+00:00,1.2253650313815603,0.272752202494365,0.16525316342083,0.6058728835535034,29.413230531641,-1.383749396663287,NACA4412,0.2683582294749824,5.595205569325426,0.2233999058765403,25.0,5.0,1.225,0.5808652208111273,0.029782181948148967,19.503783229261664,analytic,converged,1,0.0,1.400010660290718e-06,d3c044325798,42,phase1
baseline_phase1_20260608T162505Z_d3c044325798,wing_000084,v25_a10,2026-06-08T16:25:05.729297+00:00,1.2253650313815603,0.272752202494365,0.16525316342083,0.6058728835535034,29.413230531641,-1.383749396663287,NACA4412,0.2683582294749824,5.595205569325426,0.2233999058765403,25.0,10.0,1.225,0.9304418098248267,0.0651420143167067,14.283282756673986,analytic,converged,1,0.0,1.4999532140791416e-06,d3c044325798,42,phase1
baseline_phase1_20260608T162505Z_d3c044325798,wing_000084,v25_a15,2026-06-08T16:25:05.729299+00:00,1.2253650313815603,0.272752202494365,0.16525316342083,0.6058728835535034,29.413230531641,-1.383749396663287,NACA4412,0.2683582294749824,5.595205569325426,0.2233999058765403,25.0,15.0,1.225,1.280018398838526,0.11685983263639858,10.953450556627239,analytic,converged,1,0.0,2.400018274784088e-06,d3c044325798,42,phase1
baseline_phase1_20260608T162505Z_d3c044325798,wing_000085,v15_a-5,2026-06-08T16:25:05.729301+00:00,1.0119906536646004,0.2617208593352939,0.2065762697319894,0.7892999826480852,12.007401822282155,-4.692242047755858,NACA4412,0.23695615887702787,4.322002382035535,0.23523082818413407,15.0,-5.0,1.225,-0.2342023439073561,0.011952571661466207,-19.59430577290735,analytic,converged,1,0.0,1.800013706088066e-06,d3c044325798,42,phase1
baseline_phase1_20260608T162505Z_d3c044325798,wing_000085,v15_a0,2026-06-08T16:25:05.729304+00:00,1.0119906536646004,0.2617208593352939,0.2065762697319894,0.7892999826480852,12.007401822282155,-4.692242047755858,NACA4412,0.23695615887702787,4.322002382035535,0.23523082818413407,15.0,0.0,1.225,0.1157586142230993,0.008361055119767462,13.84497680794129,analytic,converged,1,0.0,1.600012183189392e-06,d3c044325798,42,phase1
baseline_phase1_20260608T162505Z_d3c044325798,wing_000085,v15_a5,2026-06-08T16:25:05.729306+00:00,1.0119906536646004,0.2617208593352939,0.2065762697319894,0.7892999826480852,12.007401822282155,-4.692242047755858,NACA4412,0.23695615887702787,4.322002382035535,0.23523082818413407,15.0,5.0,1.225,0.4657195723535547,0.02599295958017407,17.91714294469102,analytic,converged,1,0.0,1.300009898841381e-06,d3c044325798,42,phase1
baseline_phase1_20260608T162505Z_d3c044325798,wing_000085,v15_a10,2026-06-08T16:25:05.729309+00:00,1.0119906536646004,0.2617208593352939,0.2065762697319894,0.7892999826480852,12.007401822282155,-4.692242047755858,NACA4412,0.23695615887702787,4.322002382035535,0.23523082818413407,15.0,10.0,1.225,0.8156805304840101,0.06484828504268604,12.578289926203796,analytic,converged,1,0.0,1.300009898841381e-06,d3c044325798,42,phase1
baseline_phase1_20260608T162505Z_d3c044325798,wing_000085,v15_a15,2026-06-08T16:25:05.729311+00:00,1.0119906536646004,0.2617208593352939,0.2065762697319894,0.7892999826480852,12.007401822282155,-4.692242047755858,NACA4412,0.23695615887702787,4.322002382035535,0.23523082818413407,15.0,15.0,1.225,1.1656414886144657,0.12492703150730339,9.330578614975902,analytic,converged,1,0.0,1.400010660290718e-06,d3c044325798,42,phase1
baseline_phase1_20260608T162505Z_d3c044325798,wing_000085,v20_a-5,2026-06-08T16:25:05.729313+00:00,1.0119906536646004,0.2617208593352939,0.2065762697319894,0.7892999826480852,12.007401822282155,-4.692242047755858,NACA4412,0.23695615887702787,4.322002382035535,0.23523082818413407,20.0,-5.0,1.225,-0.2342023439073561,0.011952571661466207,-19.59430577290735,analytic,converged,1,0.0,1.400010660290718e-06,d3c044325798,42,phase1
baseline_phase1_20260608T162505Z_d3c044325798,wing_000085,v20_a0,2026-06-08T16:25:05.729316+00:00,1.0119906536646004,0.2617208593352939,0.2065762697319894,0.7892999826480852,12.007401822282155,-4.692242047755858,NACA4412,0.23695615887702787,4.322002382035535,0.23523082818413407,20.0,0.0,1.225,0.1157586142230993,0.008361055119767462,13.84497680794129,analytic,converged,1,0.0,1.5999539755284786e-06,d3c044325798,42,phase1
baseline_phase1_20260608T162505Z_d3c044325798,wing_000085,v20_a5,2026-06-08T16:25:05.729318+00:00,1.0119906536646004,0.2617208593352939,0.2065762697319894,0.7892999826480852,12.007401822282155,-4.692242047755858,NACA4412,0.23695615887702787,4.322002382035535,0.23523082818413407,20.0,5.0,1.225,0.4657195723535547,0.02599295958017407,17.91714294469102,analytic,converged,1,0.0,1.500011421740055e-06,d3c044325798,42,phase1
baseline_phase1_20260608T162505Z_d3c044325798,wing_000085,v20_a10,2026-06-08T16:25:05.729320+00:00,1.0119906536646004,0.2617208593352939,0.2065762697319894,0.7892999826480852,12.007401822282155,-4.692242047755858,NACA4412,0.23695615887702787,4.322002382035535,0.23523082818413407,20.0,10.0,1.225,0.8156805304840101,0.06484828504268604,12.578289926203796,analytic,converged,1,0.0,1.600012183189392e-06,d3c044325798,42,phase1
baseline_phase1_20260608T162505Z_d3c044325798,wing_000085,v20_a15,2026-06-08T16:25:05.729323+00:00,1.0119906536646004,0.2617208593352939,0.2065762697319894,0.7892999826480852,12.007401822282155,-4.692242047755858,NACA4412,0.23695615887702787,4.322002382035535,0.23523082818413407,20.0,15.0,1.225,1.1656414886144657,0.12492703150730339,9.330578614975902,analytic,converged,1,0.0,1.600012183189392e-06,d3c044325798,42,phase1
baseline_phase1_20260608T162505Z_d3c044325798,wing_000085,v25_a-5,2026-06-08T16:25:05.729325+00:00,1.0119906536646004,0.2617208593352939,0.2065762697319894,0.7892999826480852,12.007401822282155,-4.692242047755858,NACA4412,0.23695615887702787,4.322002382035535,0.23523082818413407,25.0,-5.0,1.225,-0.2342023439073561,0.011952571661466207,-19.59430577290735,analytic,converged,1,0.0,1.700012944638729e-06,d3c044325798,42,phase1
baseline_phase1_20260608T162505Z_d3c044325798,wing_000085,v25_a0,2026-06-08T16:25:05.729328+00:00,1.0119906536646004,0.2617208593352939,0.2065762697319894,0.7892999826480852,12.007401822282155,-4.692242047755858,NACA4412,0.23695615887702787,4.322002382035535,0.23523082818413407,25.0,0.0,1.225,0.1157586142230993,0.008361055119767462,13.84497680794129,analytic,converged,1,0.0,1.5999539755284786e-06,d3c044325798,42,phase1
baseline_phase1_20260608T162505Z_d3c044325798,wing_000085,v25_a5,2026-06-08T16:25:05.729330+00:00,1.0119906536646004,0.2617208593352939,0.2065762697319894,0.7892999826480852,12.007401822282155,-4.692242047755858,NACA4412,0.23695615887702787,4.322002382035535,0.23523082818413407,25.0,5.0,1.225,0.4657195723535547,0.02599295958017407,17.91714294469102,analytic,converged,1,0.0,1.500011421740055e-06,d3c044325798,42,phase1
baseline_phase1_20260608T162505Z_d3c044325798,wing_000085,v25_a10,2026-06-08T16:25:05.729333+00:00,1.0119906536646004,0.2617208593352939,0.2065762697319894,0.7892999826480852,12.007401822282155,-4.692242047755858,NACA4412,0.23695615887702787,4.322002382035535,0.23523082818413407,25.0,10.0,1.225,0.8156805304840101,0.06484828504268604,12.578289926203796,analytic,converged,1,0.0,1.500011421740055e-06,d3c044325798,42,phase1
baseline_phase1_20260608T162505Z_d3c044325798,wing_000085,v25_a15,2026-06-08T16:25:05.729336+00:00,1.0119906536646004,0.2617208593352939,0.2065762697319894,0.7892999826480852,12.007401822282155,-4.692242047755858,NACA4412,0.23695615887702787,4.322002382035535,0.23523082818413407,25.0,15.0,1.225,1.1656414886144657,0.12492703150730339,9.330578614975902,analytic,converged,1,0.0,1.7999554984271526e-06,d3c044325798,42,phase1
baseline_phase1_20260608T162505Z_d3c044325798,wing_000086,v15_a-5,2026-06-08T16:25:05.729339+00:00,1.2693818779844845,0.1999442819273135,0.12452522583146747,0.6227996351340349,27.11906432714668,0.6685950078818292,NACA0012,0.20593785655377134,7.8243523513351265,0.1651564634629697,15.0,-5.0,1.225,-0.3592456771722367,0.013376833627714513,-26.855808120984705,analytic,converged,1,0.0,1.600012183189392e-06,d3c044325798,42,phase1
baseline_phase1_20260608T162505Z_d3c044325798,wing_000086,v15_a0,2026-06-08T16:25:05.729341+00:00,1.2693818779844845,0.1999442819273135,0.12452522583146747,0.6227996351340349,27.11906432714668,0.6685950078818292,NACA0012,0.20593785655377134,7.8243523513351265,0.1651564634629697,15.0,0.0,1.225,0.02573994661718815,0.007231710134615032,3.559316695228462,analytic,converged,1,0.0,1.400010660290718e-06,d3c044325798,42,phase1
baseline_phase1_20260608T162505Z_d3c044325798,wing_000086,v15_a5,2026-06-08T16:25:05.729344+00:00,1.2693818779844845,0.1999442819273135,0.12452522583146747,0.6227996351340349,27.11906432714668,0.6685950078818292,NACA0012,0.20593785655377134,7.8243523513351265,0.1651564634629697,15.0,5.0,1.225,0.41072557040661306,0.01527395426075624,26.890585332044676,analytic,converged,1,0.0,1.600012183189392e-06,d3c044325798,42,phase1
baseline_phase1_20260608T162505Z_d3c044325798,wing_000086,v15_a10,2026-06-08T16:25:05.729346+00:00,1.2693818779844845,0.1999442819273135,0.12452522583146747,0.6227996351340349,27.11906432714668,0.6685950078818292,NACA0012,0.20593785655377134,7.8243523513351265,0.1651564634629697,15.0,10.0,1.225,0.7957111941960381,0.03750356600613815,21.216947584819142,analytic,converged,1,0.0,1.600012183189392e-06,d3c044325798,42,phase1
baseline_phase1_20260608T162505Z_d3c044325798,wing_000086,v15_a15,2026-06-08T16:25:05.729349+00:00,1.2693818779844845,0.1999442819273135,0.12452522583146747,0.6227996351340349,27.11906432714668,0.6685950078818292,NACA0012,0.20593785655377134,7.8243523513351265,0.1651564634629697,15.0,15.0,1.225,1.180696817985463,0.07392054537076076,15.972512270620872,analytic,converged,1,0.0,1.400010660290718e-06,d3c044325798,42,phase1
baseline_phase1_20260608T162505Z_d3c044325798,wing_000086,v20_a-5,2026-06-08T16:25:05.729351+00:00,1.2693818779844845,0.1999442819273135,0.12452522583146747,0.6227996351340349,27.11906432714668,0.6685950078818292,NACA0012,0.20593785655377134,7.8243523513351265,0.1651564634629697,20.0,-5.0,1.225,-0.3592456771722367,0.013376833627714513,-26.855808120984705,analytic,converged,1,0.0,1.500011421740055e-06,d3c044325798,42,phase1
baseline_phase1_20260608T162505Z_d3c044325798,wing_000086,v20_a0,2026-06-08T16:25:05.729355+00:00,1.2693818779844845,0.1999442819273135,0.12452522583146747,0.6227996351340349,27.11906432714668,0.6685950078818292,NACA0012,0.20593785655377134,7.8243523513351265,0.1651564634629697,20.0,0.0,1.225,0.02573994661718815,0.007231710134615032,3.559316695228462,analytic,converged,1,0.0,1.400010660290718e-06,d3c044325798,42,phase1
baseline_phase1_20260608T162505Z_d3c044325798,wing_000086,v20_a5,2026-06-08T16:25:05.729357+00:00,1.2693818779844845,0.1999442819273135,0.12452522583146747,0.6227996351340349,27.11906432714668,0.6685950078818292,NACA0012,0.20593785655377134,7.8243523513351265,0.1651564634629697,20.0,5.0,1.225,0.41072557040661306,0.01527395426075624,26.890585332044676,analytic,converged,1,0.0,1.400010660290718e-06,d3c044325798,42,phase1
baseline_phase1_20260608T162505Z_d3c044325798,wing_000086,v20_a10,2026-06-08T16:25:05.729359+00:00,1.2693818779844845,0.1999442819273135,0.12452522583146747,0.6227996351340349,27.11906432714668,0.6685950078818292,NACA0012,0.20593785655377134,7.8243523513351265,0.1651564634629697,20.0,10.0,1.225,0.7957111941960381,0.03750356600613815,21.216947584819142,analytic,converged,1,0.0,1.300009898841381e-06,d3c044325798,42,phase1
baseline_phase1_20260608T162505Z_d3c044325798,wing_000086,v20_a15,2026-06-08T16:25:05.729362+00:00,1.2693818779844845,0.1999442819273135,0.12452522583146747,0.6227996351340349,27.11906432714668,0.6685950078818292,NACA0012,0.20593785655377134,7.8243523513351265,0.1651564634629697,20.0,15.0,1.225,1.180696817985463,0.07392054537076076,15.972512270620872,analytic,converged,1,0.0,2.300017513334751e-06,d3c044325798,42,phase1
baseline_phase1_20260608T162505Z_d3c044325798,wing_000086,v25_a-5,2026-06-08T16:25:05.729364+00:00,1.2693818779844845,0.1999442819273135,0.12452522583146747,0.6227996351340349,27.11906432714668,0.6685950078818292,NACA0012,0.20593785655377134,7.8243523513351265,0.1651564634629697,25.0,-5.0,1.225,-0.3592456771722367,0.013376833627714513,-26.855808120984705,analytic,converged,1,0.0,1.3999524526298046e-06,d3c044325798,42,phase1
baseline_phase1_20260608T162505Z_d3c044325798,wing_000086,v25_a0,2026-06-08T16:25:05.729367+00:00,1.2693818779844845,0.1999442819273135,0.12452522583146747,0.6227996351340349,27.11906432714668,0.6685950078818292,NACA0012,0.20593785655377134,7.8243523513351265,0.1651564634629697,25.0,0.0,1.225,0.02573994661718815,0.007231710134615032,3.559316695228462,analytic,converged,1,0.0,1.500011421740055e-06,d3c044325798,42,phase1
baseline_phase1_20260608T162505Z_d3c044325798,wing_000086,v25_a5,2026-06-08T16:25:05.729370+00:00,1.2693818779844845,0.1999442819273135,0.12452522583146747,0.6227996351340349,27.11906432714668,0.6685950078818292,NACA0012,0.20593785655377134,7.8243523513351265,0.1651564634629697,25.0,5.0,1.225,0.41072557040661306,0.01527395426075624,26.890585332044676,analytic,converged,1,0.0,1.400010660290718e-06,d3c044325798,42,phase1
baseline_phase1_20260608T162505Z_d3c044325798,wing_000086,v25_a10,2026-06-08T16:25:05.729372+00:00,1.2693818779844845,0.1999442819273135,0.12452522583146747,0.6227996351340349,27.11906432714668,0.6685950078818292,NACA0012,0.20593785655377134,7.8243523513351265,0.1651564634629697,25.0,10.0,1.225,0.7957111941960381,0.03750356600613815,21.216947584819142,analytic,converged,1,0.0,1.3999524526298046e-06,d3c044325798,42,phase1
baseline_phase1_20260608T162505Z_d3c044325798,wing_000086,v25_a15,2026-06-08T16:25:05.729375+00:00,1.2693818779844845,0.1999442819273135,0.12452522583146747,0.6227996351340349,27.11906432714668,0.6685950078818292,NACA0012,0.20593785655377134,7.8243523513351265,0.1651564634629697,25.0,15.0,1.225,1.180696817985463,0.07392054537076076,15.972512270620872,analytic,converged,1,0.0,1.600012183189392e-06,d3c044325798,42,phase1
baseline_phase1_20260608T162505Z_d3c044325798,wing_000087,v15_a-5,2026-06-08T16:25:05.729378+00:00,1.5055700246815873,0.33173847613227847,0.16911068301338023,0.5097710852989765,28.890542683434393,4.412749927730665,NACA4412,0.37703174044834087,6.012069690801784,0.2592255657286337,15.0,-5.0,1.225,0.0862682854985476,0.007663563815973147,11.25694097030142,analytic,converged,1,0.0,1.3999524526298046e-06,d3c044325798,42,phase1
baseline_phase1_20260608T162505Z_d3c044325798,wing_000087,v15_a0,2026-06-08T16:25:05.729380+00:00,1.5055700246815873,0.33173847613227847,0.16911068301338023,0.5097710852989765,28.890542683434393,4.412749927730665,NACA4412,0.37703174044834087,6.012069690801784,0.2592255657286337,15.0,0.0,1.225,0.44381999239959413,0.019469332009639465,22.795851043058608,analytic,converged,1,0.0,2.200016751885414e-06,d3c044325798,42,phase1
baseline_phase1_20260608T162505Z_d3c044325798,wing_000087,v15_a5,2026-06-08T16:25:05.729382+00:00,1.5055700246815873,0.33173847613227847,0.16911068301338023,0.5097710852989765,28.890542683434393,4.412749927730665,NACA4412,0.37703174044834087,6.012069690801784,0.2592255657286337,15.0,5.0,1.225,0.8013716993006407,0.047201400575994236,16.97771018490082,analytic,converged,1,0.0,1.500011421740055e-06,d3c044325798,42,phase1
baseline_phase1_20260608T162505Z_d3c044325798,wing_000087,v15_a10,2026-06-08T16:25:05.729385+00:00,1.5055700246815873,0.33173847613227847,0.16911068301338023,0.5097710852989765,28.890542683434393,4.412749927730665,NACA4412,0.37703174044834087,6.012069690801784,0.2592255657286337,15.0,10.0,1.225,1.158923406201687,0.09085976951503744,12.755077548484023,analytic,converged,1,0.0,1.4999532140791416e-06,d3c044325798,42,phase1
baseline_phase1_20260608T162505Z_d3c044325798,wing_000087,v15_a15,2026-06-08T16:25:05.729387+00:00,1.5055700246815873,0.33173847613227847,0.16911068301338023,0.5097710852989765,28.890542683434393,4.412749927730665,NACA4412,0.37703174044834087,6.012069690801784,0.2592255657286337,15.0,15.0,1.225,1.4,0.12928526964364434,10.828766524283022,analytic,stall_limited,1,0.0,1.600012183189392e-06,d3c044325798,42,phase1
baseline_phase1_20260608T162505Z_d3c044325798,wing_000087,v20_a-5,2026-06-08T16:25:05.729390+00:00,1.5055700246815873,0.33173847613227847,0.16911068301338023,0.5097710852989765,28.890542683434393,4.412749927730665,NACA4412,0.37703174044834087,6.012069690801784,0.2592255657286337,20.0,-5.0,1.225,0.0862682854985476,0.007663563815973147,11.25694097030142,analytic,converged,1,0.0,1.400010660290718e-06,d3c044325798,42,phase1
baseline_phase1_20260608T162505Z_d3c044325798,wing_000087,v20_a0,2026-06-08T16:25:05.729392+00:00,1.5055700246815873,0.33173847613227847,0.16911068301338023,0.5097710852989765,28.890542683434393,4.412749927730665,NACA4412,0.37703174044834087,6.012069690801784,0.2592255657286337,20.0,0.0,1.225,0.44381999239959413,0.019469332009639465,22.795851043058608,analytic,converged,1,0.0,1.400010660290718e-06,d3c044325798,42,phase1
baseline_phase1_20260608T162505Z_d3c044325798,wing_000087,v20_a5,2026-06-08T16:25:05.729395+00:00,1.5055700246815873,0.33173847613227847,0.16911068301338023,0.5097710852989765,28.890542683434393,4.412749927730665,NACA4412,0.37703174044834087,6.012069690801784,0.2592255657286337,20.0,5.0,1.225,0.8013716993006407,0.047201400575994236,16.97771018490082,analytic,converged,1,0.0,1.400010660290718e-06,d3c044325798,42,phase1
baseline_phase1_20260608T162505Z_d3c044325798,wing_000087,v20_a10,2026-06-08T16:25:05.729397+00:00,1.5055700246815873,0.33173847613227847,0.16911068301338023,0.5097710852989765,28.890542683434393,4.412749927730665,NACA4412,0.37703174044834087,6.012069690801784,0.2592255657286337,20.0,10.0,1.225,1.158923406201687,0.09085976951503744,12.755077548484023,analytic,converged,1,0.0,1.500011421740055e-06,d3c044325798,42,phase1
baseline_phase1_20260608T162505Z_d3c044325798,wing_000087,v20_a15,2026-06-08T16:25:05.729399+00:00,1.5055700246815873,0.33173847613227847,0.16911068301338023,0.5097710852989765,28.890542683434393,4.412749927730665,NACA4412,0.37703174044834087,6.012069690801784,0.2592255657286337,20.0,15.0,1.225,1.4,0.12928526964364434,10.828766524283022,analytic,stall_limited,1,0.0,1.500011421740055e-06,d3c044325798,42,phase1
baseline_phase1_20260608T162505Z_d3c044325798,wing_000087,v25_a-5,2026-06-08T16:25:05.729401+00:00,1.5055700246815873,0.33173847613227847,0.16911068301338023,0.5097710852989765,28.890542683434393,4.412749927730665,NACA4412,0.37703174044834087,6.012069690801784,0.2592255657286337,25.0,-5.0,1.225,0.0862682854985476,0.007663563815973147,11.25694097030142,analytic,converged,1,0.0,1.400010660290718e-06,d3c044325798,42,phase1
baseline_phase1_20260608T162505Z_d3c044325798,wing_000087,v25_a0,2026-06-08T16:25:05.729404+00:00,1.5055700246815873,0.33173847613227847,0.16911068301338023,0.5097710852989765,28.890542683434393,4.412749927730665,NACA4412,0.37703174044834087,6.012069690801784,0.2592255657286337,25.0,0.0,1.225,0.44381999239959413,0.019469332009639465,22.795851043058608,analytic,converged,1,0.0,2.6999623514711857e-06,d3c044325798,42,phase1
baseline_phase1_20260608T162505Z_d3c044325798,wing_000087,v25_a5,2026-06-08T16:25:05.729407+00:00,1.5055700246815873,0.33173847613227847,0.16911068301338023,0.5097710852989765,28.890542683434393,4.412749927730665,NACA4412,0.37703174044834087,6.012069690801784,0.2592255657286337,25.0,5.0,1.225,0.8013716993006407,0.047201400575994236,16.97771018490082,analytic,converged,1,0.0,1.700012944638729e-06,d3c044325798,42,phase1
baseline_phase1_20260608T162505Z_d3c044325798,wing_000087,v25_a10,2026-06-08T16:25:05.729409+00:00,1.5055700246815873,0.33173847613227847,0.16911068301338023,0.5097710852989765,28.890542683434393,4.412749927730665,NACA4412,0.37703174044834087,6.012069690801784,0.2592255657286337,25.0,10.0,1.225,1.158923406201687,0.09085976951503744,12.755077548484023,analytic,converged,1,0.0,1.700012944638729e-06,d3c044325798,42,phase1
baseline_phase1_20260608T162505Z_d3c044325798,wing_000087,v25_a15,2026-06-08T16:25:05.729411+00:00,1.5055700246815873,0.33173847613227847,0.16911068301338023,0.5097710852989765,28.890542683434393,4.412749927730665,NACA4412,0.37703174044834087,6.012069690801784,0.2592255657286337,25.0,15.0,1.225,1.4,0.12928526964364434,10.828766524283022,analytic,stall_limited,1,0.0,1.500011421740055e-06,d3c044325798,42,phase1
baseline_phase1_20260608T162505Z_d3c044325798,wing_000088,v15_a-5,2026-06-08T16:25:05.729414+00:00,1.7001892672761154,0.40097699118312213,0.2003092478956668,0.4995529726147992,28.446897459057332,2.7400863376598226,NACA4412,0.5111502051212887,5.655174380444561,0.31180462093950756,15.0,-5.0,1.225,0.02612336405076786,0.007245190110767238,3.6056147114684194,analytic,converged,1,0.0,1.600012183189392e-06,d3c044325798,42,phase1
baseline_phase1_20260608T162505Z_d3c044325798,wing_000088,v15_a0,2026-06-08T16:25:05.729416+00:00,1.7001892672761154,0.40097699118312213,0.2003092478956668,0.4995529726147992,28.446897459057332,2.7400863376598226,NACA4412,0.5111502051212887,5.655174380444561,0.31180462093950756,15.0,0.0,1.225,0.3791006144263226,0.01671687087915704,22.67772582361652,analytic,converged,1,0.0,1.700012944638729e-06,d3c044325798,42,phase1
baseline_phase1_20260608T162505Z_d3c044325798,wing_000088,v15_a5,2026-06-08T16:25:05.729419+00:00,1.7001892672761154,0.40097699118312213,0.2003092478956668,0.4995529726147992,28.446897459057332,2.7400863376598226,NACA4412,0.5111502051212887,5.655174380444561,0.31180462093950756,15.0,5.0,1.225,0.7320778648018774,0.04268948945792012,17.14890185143819,analytic,converged,1,0.0,1.500011421740055e-06,d3c044325798,42,phase1
baseline_phase1_20260608T162505Z_d3c044325798,wing_000088,v15_a10,2026-06-08T16:25:05.729421+00:00,1.7001892672761154,0.40097699118312213,0.2003092478956668,0.4995529726147992,28.446897459057332,2.7400863376598226,NACA4412,0.5111502051212887,5.655174380444561,0.31180462093950756,15.0,10.0,1.225,1.0850551151774321,0.08516304584705647,12.740914846165467,analytic,converged,1,0.0,1.300009898841381e-06,d3c044325798,42,phase1
baseline_phase1_20260608T162505Z_d3c044325798,wing_000088,v15_a15,2026-06-08T16:25:05.729423+00:00,1.7001892672761154,0.40097699118312213,0.2003092478956668,0.4995529726147992,28.446897459057332,2.7400863376598226,NACA4412,0.5111502051212887,5.655174380444561,0.31180462093950756,15.0,15.0,1.225,1.4,0.13699001175560882,10.21972319045866,analytic,stall_limited,1,0.0,1.4999532140791416e-06,d3c044325798,42,phase1
baseline_phase1_20260608T162505Z_d3c044325798,wing_000088,v20_a-5,2026-06-08T16:25:05.729426+00:00,1.7001892672761154,0.40097699118312213,0.2003092478956668,0.4995529726147992,28.446897459057332,2.7400863376598226,NACA4412,0.5111502051212887,5.655174380444561,0.31180462093950756,20.0,-5.0,1.225,0.02612336405076786,0.007245190110767238,3.6056147114684194,analytic,converged,1,0.0,1.500011421740055e-06,d3c044325798,42,phase1
baseline_phase1_20260608T162505Z_d3c044325798,wing_000088,v20_a0,2026-06-08T16:25:05.729428+00:00,1.7001892672761154,0.40097699118312213,0.2003092478956668,0.4995529726147992,28.446897459057332,2.7400863376598226,NACA4412,0.5111502051212887,5.655174380444561,0.31180462093950756,20.0,0.0,1.225,0.3791006144263226,0.01671687087915704,22.67772582361652,analytic,converged,1,0.0,1.600012183189392e-06,d3c044325798,42,phase1
baseline_phase1_20260608T162505Z_d3c044325798,wing_000088,v20_a5,2026-06-08T16:25:05.729430+00:00,1.7001892672761154,0.40097699118312213,0.2003092478956668,0.4995529726147992,28.446897459057332,2.7400863376598226,NACA4412,0.5111502051212887,5.655174380444561,0.31180462093950756,20.0,5.0,1.225,0.7320778648018774,0.04268948945792012,17.14890185143819,analytic,converged,1,0.0,1.4999532140791416e-06,d3c044325798,42,phase1
baseline_phase1_20260608T162505Z_d3c044325798,wing_000088,v20_a10,2026-06-08T16:25:05.729433+00:00,1.7001892672761154,0.40097699118312213,0.2003092478956668,0.4995529726147992,28.446897459057332,2.7400863376598226,NACA4412,0.5111502051212887,5.655174380444561,0.31180462093950756,20.0,10.0,1.225,1.0850551151774321,0.08516304584705647,12.740914846165467,analytic,converged,1,0.0,1.300009898841381e-06,d3c044325798,42,phase1
baseline_phase1_20260608T162505Z_d3c044325798,wing_000088,v20_a15,2026-06-08T16:25:05.729435+00:00,1.7001892672761154,0.40097699118312213,0.2003092478956668,0.4995529726147992,28.446897459057332,2.7400863376598226,NACA4412,0.5111502051212887,5.655174380444561,0.31180462093950756,20.0,15.0,1.225,1.4,0.13699001175560882,10.21972319045866,analytic,stall_limited,1,0.0,1.300009898841381e-06,d3c044325798,42,phase1
baseline_phase1_20260608T162505Z_d3c044325798,wing_000088,v25_a-5,2026-06-08T16:25:05.729438+00:00,1.7001892672761154,0.40097699118312213,0.2003092478956668,0.4995529726147992,28.446897459057332,2.7400863376598226,NACA4412,0.5111502051212887,5.655174380444561,0.31180462093950756,25.0,-5.0,1.225,0.02612336405076786,0.007245190110767238,3.6056147114684194,analytic,converged,1,0.0,1.2999516911804676e-06,d3c044325798,42,phase1
baseline_phase1_20260608T162505Z_d3c044325798,wing_000088,v25_a0,2026-06-08T16:25:05.729440+00:00,1.7001892672761154,0.40097699118312213,0.2003092478956668,0.4995529726147992,28.446897459057332,2.7400863376598226,NACA4412,0.5111502051212887,5.655174380444561,0.31180462093950756,25.0,0.0,1.225,0.3791006144263226,0.01671687087915704,22.67772582361652,analytic,converged,1,0.0,2.600019797682762e-06,d3c044325798,42,phase1
baseline_phase1_20260608T162505Z_d3c044325798,wing_000088,v25_a5,2026-06-08T16:25:05.729442+00:00,1.7001892672761154,0.40097699118312213,0.2003092478956668,0.4995529726147992,28.446897459057332,2.7400863376598226,NACA4412,0.5111502051212887,5.655174380444561,0.31180462093950756,25.0,5.0,1.225,0.7320778648018774,0.04268948945792012,17.14890185143819,analytic,converged,1,0.0,1.6999547369778156e-06,d3c044325798,42,phase1
baseline_phase1_20260608T162505Z_d3c044325798,wing_000088,v25_a10,2026-06-08T16:25:05.729445+00:00,1.7001892672761154,0.40097699118312213,0.2003092478956668,0.4995529726147992,28.446897459057332,2.7400863376598226,NACA4412,0.5111502051212887,5.655174380444561,0.31180462093950756,25.0,10.0,1.225,1.0850551151774321,0.08516304584705647,12.740914846165467,analytic,converged,1,0.0,1.500011421740055e-06,d3c044325798,42,phase1
baseline_phase1_20260608T162505Z_d3c044325798,wing_000088,v25_a15,2026-06-08T16:25:05.729447+00:00,1.7001892672761154,0.40097699118312213,0.2003092478956668,0.4995529726147992,28.446897459057332,2.7400863376598226,NACA4412,0.5111502051212887,5.655174380444561,0.31180462093950756,25.0,15.0,1.225,1.4,0.13699001175560882,10.21972319045866,analytic,stall_limited,1,0.0,1.700012944638729e-06,d3c044325798,42,phase1
baseline_phase1_20260608T162505Z_d3c044325798,wing_000089,v15_a-5,2026-06-08T16:25:05.729449+00:00,1.8664098031445644,0.43810680949391634,0.27874973002242465,0.6362597521468003,7.200514946746431,-3.8433016416560255,NACA0012,0.6689740364007938,5.207205905951058,0.3643324447633993,15.0,-5.0,1.225,-0.519960199818175,0.0266431512429762,-19.51571700645769,analytic,converged,1,0.0,1.4999532140791416e-06,d3c044325798,42,phase1
baseline_phase1_20260608T162505Z_d3c044325798,wing_000089,v15_a0,2026-06-08T16:25:05.729500+00:00,1.8664098031445644,0.43810680949391634,0.27874973002242465,0.6362597521468003,7.200514946746431,-3.8433016416560255,NACA0012,0.6689740364007938,5.207205905951058,0.3643324447633993,15.0,0.0,1.225,-0.14435601717611127,0.008698636248560977,-16.59524700782749,analytic,converged,1,0.0,1.600012183189392e-06,d3c044325798,42,phase1
baseline_phase1_20260608T162505Z_d3c044325798,wing_000089,v15_a5,2026-06-08T16:25:05.729528+00:00,1.8664098031445644,0.43810680949391634,0.27874973002242465,0.6362597521468003,7.200514946746431,-3.8433016416560255,NACA0012,0.6689740364007938,5.207205905951058,0.3643324447633993,15.0,5.0,1.225,0.23124816546595234,0.011045767656761138,20.935454433934687,analytic,converged,1,0.0,1.400010660290718e-06,d3c044325798,42,phase1
baseline_phase1_20260608T162505Z_d3c044325798,wing_000089,v15_a10,2026-06-08T16:25:05.729537+00:00,1.8664098031445644,0.43810680949391634,0.27874973002242465,0.6362597521468003,7.200514946746431,-3.8433016416560255,NACA0012,0.6689740364007938,5.207205905951058,0.3643324447633993,15.0,10.0,1.225,0.6068523481080159,0.03368454546757667,18.015749943609794,analytic,converged,1,0.0,1.3999524526298046e-06,d3c044325798,42,phase1
baseline_phase1_20260608T162505Z_d3c044325798,wing_000089,v15_a15,2026-06-08T16:25:05.729543+00:00,1.8664098031445644,0.43810680949391634,0.27874973002242465,0.6362597521468003,7.200514946746431,-3.8433016416560255,NACA0012,0.6689740364007938,5.207205905951058,0.3643324447633993,15.0,15.0,1.225,0.9824565307500795,0.07661496968100757,12.823297259538368,analytic,converged,1,0.0,1.500011421740055e-06,d3c044325798,42,phase1
baseline_phase1_20260608T162505Z_d3c044325798,wing_000089,v20_a-5,2026-06-08T16:25:05.729549+00:00,1.8664098031445644,0.43810680949391634,0.27874973002242465,0.6362597521468003,7.200514946746431,-3.8433016416560255,NACA0012,0.6689740364007938,5.207205905951058,0.3643324447633993,20.0,-5.0,1.225,-0.519960199818175,0.0266431512429762,-19.51571700645769,analytic,converged,1,0.0,2.6999623514711857e-06,d3c044325798,42,phase1
baseline_phase1_20260608T162505Z_d3c044325798,wing_000089,v20_a0,2026-06-08T16:25:05.729555+00:00,1.8664098031445644,0.43810680949391634,0.27874973002242465,0.6362597521468003,7.200514946746431,-3.8433016416560255,NACA0012,0.6689740364007938,5.207205905951058,0.3643324447633993,20.0,0.0,1.225,-0.14435601717611127,0.008698636248560977,-16.59524700782749,analytic,converged,1,0.0,1.500011421740055e-06,d3c044325798,42,phase1
baseline_phase1_20260608T162505Z_d3c044325798,wing_000089,v20_a5,2026-06-08T16:25:05.729560+00:00,1.8664098031445644,0.43810680949391634,0.27874973002242465,0.6362597521468003,7.200514946746431,-3.8433016416560255,NACA0012,0.6689740364007938,5.207205905951058,0.3643324447633993,20.0,5.0,1.225,0.23124816546595234,0.011045767656761138,20.935454433934687,analytic,converged,1,0.0,1.400010660290718e-06,d3c044325798,42,phase1
baseline_phase1_20260608T162505Z_d3c044325798,wing_000089,v20_a10,2026-06-08T16:25:05.729566+00:00,1.8664098031445644,0.43810680949391634,0.27874973002242465,0.6362597521468003,7.200514946746431,-3.8433016416560255,NACA0012,0.6689740364007938,5.207205905951058,0.3643324447633993,20.0,10.0,1.225,0.6068523481080159,0.03368454546757667,18.015749943609794,analytic,converged,1,0.0,1.5999539755284786e-06,d3c044325798,42,phase1
baseline_phase1_20260608T162505Z_d3c044325798,wing_000089,v20_a15,2026-06-08T16:25:05.729571+00:00,1.8664098031445644,0.43810680949391634,0.27874973002242465,0.6362597521468003,7.200514946746431,-3.8433016416560255,NACA0012,0.6689740364007938,5.207205905951058,0.3643324447633993,20.0,15.0,1.225,0.9824565307500795,0.07661496968100757,12.823297259538368,analytic,converged,1,0.0,1.400010660290718e-06,d3c044325798,42,phase1
baseline_phase1_20260608T162505Z_d3c044325798,wing_000089,v25_a-5,2026-06-08T16:25:05.729577+00:00,1.8664098031445644,0.43810680949391634,0.27874973002242465,0.6362597521468003,7.200514946746431,-3.8433016416560255,NACA0012,0.6689740364007938,5.207205905951058,0.3643324447633993,25.0,-5.0,1.225,-0.519960199818175,0.0266431512429762,-19.51571700645769,analytic,converged,1,0.0,1.400010660290718e-06,d3c044325798,42,phase1
baseline_phase1_20260608T162505Z_d3c044325798,wing_000089,v25_a0,2026-06-08T16:25:05.729583+00:00,1.8664098031445644,0.43810680949391634,0.27874973002242465,0.6362597521468003,7.200514946746431,-3.8433016416560255,NACA0012,0.6689740364007938,5.207205905951058,0.3643324447633993,25.0,0.0,1.225,-0.14435601717611127,0.008698636248560977,-16.59524700782749,analytic,converged,1,0.0,1.3999524526298046e-06,d3c044325798,42,phase1
baseline_phase1_20260608T162505Z_d3c044325798,wing_000089,v25_a5,2026-06-08T16:25:05.729594+00:00,1.8664098031445644,0.43810680949391634,0.27874973002242465,0.6362597521468003,7.200514946746431,-3.8433016416560255,NACA0012,0.6689740364007938,5.207205905951058,0.3643324447633993,25.0,5.0,1.225,0.23124816546595234,0.011045767656761138,20.935454433934687,analytic,converged,1,0.0,1.400010660290718e-06,d3c044325798,42,phase1
baseline_phase1_20260608T162505Z_d3c044325798,wing_000089,v25_a10,2026-06-08T16:25:05.729599+00:00,1.8664098031445644,0.43810680949391634,0.27874973002242465,0.6362597521468003,7.200514946746431,-3.8433016416560255,NACA0012,0.6689740364007938,5.207205905951058,0.3643324447633993,25.0,10.0,1.225,0.6068523481080159,0.03368454546757667,18.015749943609794,analytic,converged,1,0.0,1.9000144675374031e-06,d3c044325798,42,phase1
baseline_phase1_20260608T162505Z_d3c044325798,wing_000089,v25_a15,2026-06-08T16:25:05.729605+00:00,1.8664098031445644,0.43810680949391634,0.27874973002242465,0.6362597521468003,7.200514946746431,-3.8433016416560255,NACA0012,0.6689740364007938,5.207205905951058,0.3643324447633993,25.0,15.0,1.225,0.9824565307500795,0.07661496968100757,12.823297259538368,analytic,converged,1,0.0,1.300009898841381e-06,d3c044325798,42,phase1
baseline_phase1_20260608T162505Z_d3c044325798,wing_000090,v15_a-5,2026-06-08T16:25:05.729610+00:00,1.900803258017946,0.23351576074240316,0.2106960304372349,0.9022775583428767,3.3220570613719764,3.624625546385719,NACA0012,0.4221796099621217,8.558094565523437,0.22230127539945804,15.0,-5.0,1.225,-0.27382370237222775,0.010480924201264554,-26.125911905668598,analytic,converged,1,0.0,1.600012183189392e-06,d3c044325798,42,phase1
baseline_phase1_20260608T162505Z_d3c044325798,wing_000090,v15_a0,2026-06-08T16:25:05.729616+00:00,1.900803258017946,0.23351576074240316,0.2106960304372349,0.9022775583428767,3.3220570613719764,3.624625546385719,NACA0012,0.4221796099621217,8.558094565523437,0.22230127539945804,15.0,0.0,1.225,0.1556784458772662,0.008260501031786696,18.84612631585059,analytic,converged,1,0.0,1.9999570213258266e-06,d3c044325798,42,phase1
baseline_phase1_20260608T162505Z_d3c044325798,wing_000090,v15_a5,2026-06-08T16:25:05.729621+00:00,1.900803258017946,0.23351576074240316,0.2106960304372349,0.9022775583428767,3.3220570613719764,3.624625546385719,NACA0012,0.4221796099621217,8.558094565523437,0.22230127539945804,15.0,5.0,1.225,0.5851805941267602,0.022184213473108602,26.378243918185696,analytic,converged,1,0.0,1.600012183189392e-06,d3c044325798,42,phase1
baseline_phase1_20260608T162505Z_d3c044325798,wing_000090,v15_a10,2026-06-08T16:25:05.729862+00:00,1.900803258017946,0.23351576074240316,0.2106960304372349,0.9022775583428767,3.3220570613719764,3.624625546385719,NACA0012,0.4221796099621217,8.558094565523437,0.22230127539945804,15.0,10.0,1.225,1.014682742376254,0.052252061525230264,19.418999227165568,analytic,converged,1,0.0,1.700012944638729e-06,d3c044325798,42,phase1
baseline_phase1_20260608T162505Z_d3c044325798,wing_000090,v15_a15,2026-06-08T16:25:05.729881+00:00,1.900803258017946,0.23351576074240316,0.2106960304372349,0.9022775583428767,3.3220570613719764,3.624625546385719,NACA0012,0.4221796099621217,8.558094565523437,0.22230127539945804,15.0,15.0,1.225,1.4,0.09296501973637922,15.059427771542222,analytic,stall_limited,1,0.0,1.800013706088066e-06,d3c044325798,42,phase1
baseline_phase1_20260608T162505Z_d3c044325798,wing_000090,v20_a-5,2026-06-08T16:25:05.729890+00:00,1.900803258017946,0.23351576074240316,0.2106960304372349,0.9022775583428767,3.3220570613719764,3.624625546385719,NACA0012,0.4221796099621217,8.558094565523437,0.22230127539945804,20.0,-5.0,1.225,-0.27382370237222775,0.010480924201264554,-26.125911905668598,analytic,converged,1,0.0,1.700012944638729e-06,d3c044325798,42,phase1
baseline_phase1_20260608T162505Z_d3c044325798,wing_000090,v20_a0,2026-06-08T16:25:05.729896+00:00,1.900803258017946,0.23351576074240316,0.2106960304372349,0.9022775583428767,3.3220570613719764,3.624625546385719,NACA0012,0.4221796099621217,8.558094565523437,0.22230127539945804,20.0,0.0,1.225,0.1556784458772662,0.008260501031786696,18.84612631585059,analytic,converged,1,0.0,1.6999547369778156e-06,d3c044325798,42,phase1
baseline_phase1_20260608T162505Z_d3c044325798,wing_000090,v20_a5,2026-06-08T16:25:05.729902+00:00,1.900803258017946,0.23351576074240316,0.2106960304372349,0.9022775583428767,3.3220570613719764,3.624625546385719,NACA0012,0.4221796099621217,8.558094565523437,0.22230127539945804,20.0,5.0,1.225,0.5851805941267602,0.022184213473108602,26.378243918185696,analytic,converged,1,0.0,1.600012183189392e-06,d3c044325798,42,phase1
baseline_phase1_20260608T162505Z_d3c044325798,wing_000090,v20_a10,2026-06-08T16:25:05.729908+00:00,1.900803258017946,0.23351576074240316,0.2106960304372349,0.9022775583428767,3.3220570613719764,3.624625546385719,NACA0012,0.4221796099621217,8.558094565523437,0.22230127539945804,20.0,10.0,1.225,1.014682742376254,0.052252061525230264,19.418999227165568,analytic,converged,1,0.0,1.600012183189392e-06,d3c044325798,42,phase1
baseline_phase1_20260608T162505Z_d3c044325798,wing_000090,v20_a15,2026-06-08T16:25:05.729914+00:00,1.900803258017946,0.23351576074240316,0.2106960304372349,0.9022775583428767,3.3220570613719764,3.624625546385719,NACA0012,0.4221796099621217,8.558094565523437,0.22230127539945804,20.0,15.0,1.225,1.4,0.09296501973637922,15.059427771542222,analytic,stall_limited,1,0.0,1.7999554984271526e-06,d3c044325798,42,phase1
baseline_phase1_20260608T162505Z_d3c044325798,wing_000090,v25_a-5,2026-06-08T16:25:05.729920+00:00,1.900803258017946,0.23351576074240316,0.2106960304372349,0.9022775583428767,3.3220570613719764,3.624625546385719,NACA0012,0.4221796099621217,8.558094565523437,0.22230127539945804,25.0,-5.0,1.225,-0.27382370237222775,0.010480924201264554,-26.125911905668598,analytic,converged,1,0.0,1.9000144675374031e-06,d3c044325798,42,phase1
baseline_phase1_20260608T162505Z_d3c044325798,wing_000090,v25_a0,2026-06-08T16:25:05.729925+00:00,1.900803258017946,0.23351576074240316,0.2106960304372349,0.9022775583428767,3.3220570613719764,3.624625546385719,NACA0012,0.4221796099621217,8.558094565523437,0.22230127539945804,25.0,0.0,1.225,0.1556784458772662,0.008260501031786696,18.84612631585059,analytic,converged,1,0.0,1.700012944638729e-06,d3c044325798,42,phase1
baseline_phase1_20260608T162505Z_d3c044325798,wing_000090,v25_a5,2026-06-08T16:25:05.729930+00:00,1.900803258017946,0.23351576074240316,0.2106960304372349,0.9022775583428767,3.3220570613719764,3.624625546385719,NACA0012,0.4221796099621217,8.558094565523437,0.22230127539945804,25.0,5.0,1.225,0.5851805941267602,0.022184213473108602,26.378243918185696,analytic,converged,1,0.0,1.9000144675374031e-06,d3c044325798,42,phase1
baseline_phase1_20260608T162505Z_d3c044325798,wing_000090,v25_a10,2026-06-08T16:25:05.729936+00:00,1.900803258017946,0.23351576074240316,0.2106960304372349,0.9022775583428767,3.3220570613719764,3.624625546385719,NACA0012,0.4221796099621217,8.558094565523437,0.22230127539945804,25.0,10.0,1.225,1.014682742376254,0.052252061525230264,19.418999227165568,analytic,converged,1,0.0,2.800021320581436e-06,d3c044325798,42,phase1
baseline_phase1_20260608T162505Z_d3c044325798,wing_000090,v25_a15,2026-06-08T16:25:05.729941+00:00,1.900803258017946,0.23351576074240316,0.2106960304372349,0.9022775583428767,3.3220570613719764,3.624625546385719,NACA0012,0.4221796099621217,8.558094565523437,0.22230127539945804,25.0,15.0,1.225,1.4,0.09296501973637922,15.059427771542222,analytic,stall_limited,1,0.0,1.800013706088066e-06,d3c044325798,42,phase1
baseline_phase1_20260608T162505Z_d3c044325798,wing_000091,v15_a-5,2026-06-08T16:25:05.729947+00:00,1.654641934602844,0.4149309207818833,0.10417797882110147,0.2510730668728945,23.477266203605737,-4.331951683175204,NACA4412,0.42946967695431815,6.374931872169083,0.29055866716035994,15.0,-5.0,1.225,-0.2379066627298399,0.01052482555174919,-22.604333113179308,analytic,converged,1,0.0,1.700012944638729e-06,d3c044325798,42,phase1
baseline_phase1_20260608T162505Z_d3c044325798,wing_000091,v15_a0,2026-06-08T16:25:05.729952+00:00,1.654641934602844,0.4149309207818833,0.10417797882110147,0.2510730668728945,23.477266203605737,-4.331951683175204,NACA4412,0.42946967695431815,6.374931872169083,0.29055866716035994,15.0,0.0,1.225,0.1378174025089837,0.008315741981590704,16.573073432783545,analytic,converged,1,0.0,1.5999539755284786e-06,d3c044325798,42,phase1
baseline_phase1_20260608T162505Z_d3c044325798,wing_000091,v15_a5,2026-06-08T16:25:05.729958+00:00,1.654641934602844,0.4149309207818833,0.10417797882110147,0.2510730668728945,23.477266203605737,-4.331951683175204,NACA4412,0.42946967695431815,6.374931872169083,0.29055866716035994,15.0,5.0,1.225,0.5135414677478073,0.022691971512972888,22.630976222326833,analytic,converged,1,0.0,2.200016751885414e-06,d3c044325798,42,phase1
baseline_phase1_20260608T162505Z_d3c044325798,wing_000091,v15_a10,2026-06-08T16:25:05.729964+00:00,1.654641934602844,0.4149309207818833,0.10417797882110147,0.2510730668728945,23.477266203605737,-4.331951683175204,NACA4412,0.42946967695431815,6.374931872169083,0.29055866716035994,15.0,10.0,1.225,0.8892655329866308,0.05365351414589573,16.57422718982622,analytic,converged,1,0.0,1.500011421740055e-06,d3c044325798,42,phase1
baseline_phase1_20260608T162505Z_d3c044325798,wing_000091,v15_a15,2026-06-08T16:25:05.729969+00:00,1.654641934602844,0.4149309207818833,0.10417797882110147,0.2510730668728945,23.477266203605737,-4.331951683175204,NACA4412,0.42946967695431815,6.374931872169083,0.29055866716035994,15.0,15.0,1.225,1.2649895982254544,0.10120036988035926,12.49985152940593,analytic,converged,1,0.0,1.5999539755284786e-06,d3c044325798,42,phase1
baseline_phase1_20260608T162505Z_d3c044325798,wing_000091,v20_a-5,2026-06-08T16:25:05.729974+00:00,1.654641934602844,0.4149309207818833,0.10417797882110147,0.2510730668728945,23.477266203605737,-4.331951683175204,NACA4412,0.42946967695431815,6.374931872169083,0.29055866716035994,20.0,-5.0,1.225,-0.2379066627298399,0.01052482555174919,-22.604333113179308,analytic,converged,1,0.0,1.700012944638729e-06,d3c044325798,42,phase1
baseline_phase1_20260608T162505Z_d3c044325798,wing_000091,v20_a0,2026-06-08T16:25:05.729980+00:00,1.654641934602844,0.4149309207818833,0.10417797882110147,0.2510730668728945,23.477266203605737,-4.331951683175204,NACA4412,0.42946967695431815,6.374931872169083,0.29055866716035994,20.0,0.0,1.225,0.1378174025089837,0.008315741981590704,16.573073432783545,analytic,converged,1,0.0,1.500011421740055e-06,d3c044325798,42,phase1
baseline_phase1_20260608T162505Z_d3c044325798,wing_000091,v20_a5,2026-06-08T16:25:05.729985+00:00,1.654641934602844,0.4149309207818833,0.10417797882110147,0.2510730668728945,23.477266203605737,-4.331951683175204,NACA4412,0.42946967695431815,6.374931872169083,0.29055866716035994,20.0,5.0,1.225,0.5135414677478073,0.022691971512972888,22.630976222326833,analytic,converged,1,0.0,2.300017513334751e-06,d3c044325798,42,phase1
baseline_phase1_20260608T162505Z_d3c044325798,wing_000091,v20_a10,2026-06-08T16:25:05.729991+00:00,1.654641934602844,0.4149309207818833,0.10417797882110147,0.2510730668728945,23.477266203605737,-4.331951683175204,NACA4412,0.42946967695431815,6.374931872169083,0.29055866716035994,20.0,10.0,1.225,0.8892655329866308,0.05365351414589573,16.57422718982622,analytic,converged,1,0.0,1.400010660290718e-06,d3c044325798,42,phase1
baseline_phase1_20260608T162505Z_d3c044325798,wing_000091,v20_a15,2026-06-08T16:25:05.729996+00:00,1.654641934602844,0.4149309207818833,0.10417797882110147,0.2510730668728945,23.477266203605737,-4.331951683175204,NACA4412,0.42946967695431815,6.374931872169083,0.29055866716035994,20.0,15.0,1.225,1.2649895982254544,0.10120036988035926,12.49985152940593,analytic,converged,1,0.0,1.500011421740055e-06,d3c044325798,42,phase1
baseline_phase1_20260608T162505Z_d3c044325798,wing_000091,v25_a-5,2026-06-08T16:25:05.730001+00:00,1.654641934602844,0.4149309207818833,0.10417797882110147,0.2510730668728945,23.477266203605737,-4.331951683175204,NACA4412,0.42946967695431815,6.374931872169083,0.29055866716035994,25.0,-5.0,1.225,-0.2379066627298399,0.01052482555174919,-22.604333113179308,analytic,converged,1,0.0,1.400010660290718e-06,d3c044325798,42,phase1
baseline_phase1_20260608T162505Z_d3c044325798,wing_000091,v25_a0,2026-06-08T16:25:05.730007+00:00,1.654641934602844,0.4149309207818833,0.10417797882110147,0.2510730668728945,23.477266203605737,-4.331951683175204,NACA4412,0.42946967695431815,6.374931872169083,0.29055866716035994,25.0,0.0,1.225,0.1378174025089837,0.008315741981590704,16.573073432783545,analytic,converged,1,0.0,1.400010660290718e-06,d3c044325798,42,phase1
baseline_phase1_20260608T162505Z_d3c044325798,wing_000091,v25_a5,2026-06-08T16:25:05.730013+00:00,1.654641934602844,0.4149309207818833,0.10417797882110147,0.2510730668728945,23.477266203605737,-4.331951683175204,NACA4412,0.42946967695431815,6.374931872169083,0.29055866716035994,25.0,5.0,1.225,0.5135414677478073,0.022691971512972888,22.630976222326833,analytic,converged,1,0.0,1.500011421740055e-06,d3c044325798,42,phase1
baseline_phase1_20260608T162505Z_d3c044325798,wing_000091,v25_a10,2026-06-08T16:25:05.730019+00:00,1.654641934602844,0.4149309207818833,0.10417797882110147,0.2510730668728945,23.477266203605737,-4.331951683175204,NACA4412,0.42946967695431815,6.374931872169083,0.29055866716035994,25.0,10.0,1.225,0.8892655329866308,0.05365351414589573,16.57422718982622,analytic,converged,1,0.0,1.400010660290718e-06,d3c044325798,42,phase1
baseline_phase1_20260608T162505Z_d3c044325798,wing_000091,v25_a15,2026-06-08T16:25:05.730024+00:00,1.654641934602844,0.4149309207818833,0.10417797882110147,0.2510730668728945,23.477266203605737,-4.331951683175204,NACA4412,0.42946967695431815,6.374931872169083,0.29055866716035994,25.0,15.0,1.225,1.2649895982254544,0.10120036988035926,12.49985152940593,analytic,converged,1,0.0,1.400010660290718e-06,d3c044325798,42,phase1
baseline_phase1_20260608T162505Z_d3c044325798,wing_000092,v15_a-5,2026-06-08T16:25:05.730030+00:00,1.635779947981389,0.39913076540830095,0.20723785151975543,0.5192229451612336,19.283591728328265,0.09205125806706427,NACA0012,0.4959428123280615,5.395331823960371,0.313305459573724,15.0,-5.0,1.225,-0.363254655670129,0.016358733456398607,-22.205548897677307,analytic,converged,1,0.0,2.700020559132099e-06,d3c044325798,42,phase1
baseline_phase1_20260608T162505Z_d3c044325798,wing_000092,v15_a0,2026-06-08T16:25:05.730036+00:00,1.635779947981389,0.39913076540830095,0.20723785151975543,0.5192229451612336,19.283591728328265,0.09205125806706427,NACA0012,0.4959428123280615,5.395331823960371,0.313305459573724,15.0,0.0,1.225,0.00337487091668484,0.007200790546416915,0.46868061151482354,analytic,converged,1,0.0,1.500011421740055e-06,d3c044325798,42,phase1
baseline_phase1_20260608T162505Z_d3c044325798,wing_000092,v15_a5,2026-06-08T16:25:05.730041+00:00,1.635779947981389,0.39913076540830095,0.20723785151975543,0.5192229451612336,19.283591728328265,0.09205125806706427,NACA0012,0.4959428123280615,5.395331823960371,0.313305459573724,15.0,5.0,1.225,0.37000439750349867,0.016702257894201992,22.152956794658387,analytic,converged,1,0.0,1.500011421740055e-06,d3c044325798,42,phase1
baseline_phase1_20260608T162505Z_d3c044325798,wing_000092,v15_a10,2026-06-08T16:25:05.730047+00:00,1.635779947981389,0.39913076540830095,0.20723785151975543,0.5192229451612336,19.283591728328265,0.09205125806706427,NACA0012,0.4959428123280615,5.395331823960371,0.313305459573724,15.0,10.0,1.225,0.7366339240903126,0.04486313549975385,16.419581821122474,analytic,converged,1,0.0,1.500011421740055e-06,d3c044325798,42,phase1
baseline_phase1_20260608T162505Z_d3c044325798,wing_000092,v15_a15,2026-06-08T16:25:05.730104+00:00,1.635779947981389,0.39913076540830095,0.20723785151975543,0.5192229451612336,19.283591728328265,0.09205125806706427,NACA0012,0.4959428123280615,5.395331823960371,0.313305459573724,15.0,15.0,1.225,1.1032634506771264,0.09168342336307246,12.033401570403077,analytic,converged,1,0.0,1.400010660290718e-06,d3c044325798,42,phase1
baseline_phase1_20260608T162505Z_d3c044325798,wing_000092,v20_a-5,2026-06-08T16:25:05.730112+00:00,1.635779947981389,0.39913076540830095,0.20723785151975543,0.5192229451612336,19.283591728328265,0.09205125806706427,NACA0012,0.4959428123280615,5.395331823960371,0.313305459573724,20.0,-5.0,1.225,-0.363254655670129,0.016358733456398607,-22.205548897677307,analytic,converged,1,0.0,1.400010660290718e-06,d3c044325798,42,phase1
baseline_phase1_20260608T162505Z_d3c044325798,wing_000092,v20_a0,2026-06-08T16:25:05.730118+00:00,1.635779947981389,0.39913076540830095,0.20723785151975543,0.5192229451612336,19.283591728328265,0.09205125806706427,NACA0012,0.4959428123280615,5.395331823960371,0.313305459573724,20.0,0.0,1.225,0.00337487091668484,0.007200790546416915,0.46868061151482354,analytic,converged,1,0.0,1.500011421740055e-06,d3c044325798,42,phase1
baseline_phase1_20260608T162505Z_d3c044325798,wing_000092,v20_a5,2026-06-08T16:25:05.730124+00:00,1.635779947981389,0.39913076540830095,0.20723785151975543,0.5192229451612336,19.283591728328265,0.09205125806706427,NACA0012,0.4959428123280615,5.395331823960371,0.313305459573724,20.0,5.0,1.225,0.37000439750349867,0.016702257894201992,22.152956794658387,analytic,converged,1,0.0,1.400010660290718e-06,d3c044325798,42,phase1
baseline_phase1_20260608T162505Z_d3c044325798,wing_000092,v20_a10,2026-06-08T16:25:05.730135+00:00,1.635779947981389,0.39913076540830095,0.20723785151975543,0.5192229451612336,19.283591728328265,0.09205125806706427,NACA0012,0.4959428123280615,5.395331823960371,0.313305459573724,20.0,10.0,1.225,0.7366339240903126,0.04486313549975385,16.419581821122474,analytic,converged,1,0.0,1.500011421740055e-06,d3c044325798,42,phase1
baseline_phase1_20260608T162505Z_d3c044325798,wing_000092,v20_a15,2026-06-08T16:25:05.730141+00:00,1.635779947981389,0.39913076540830095,0.20723785151975543,0.5192229451612336,19.283591728328265,0.09205125806706427,NACA0012,0.4959428123280615,5.395331823960371,0.313305459573724,20.0,15.0,1.225,1.1032634506771264,0.09168342336307246,12.033401570403077,analytic,converged,1,0.0,1.500011421740055e-06,d3c044325798,42,phase1
baseline_phase1_20260608T162505Z_d3c044325798,wing_000092,v25_a-5,2026-06-08T16:25:05.730147+00:00,1.635779947981389,0.39913076540830095,0.20723785151975543,0.5192229451612336,19.283591728328265,0.09205125806706427,NACA0012,0.4959428123280615,5.395331823960371,0.313305459573724,25.0,-5.0,1.225,-0.363254655670129,0.016358733456398607,-22.205548897677307,analytic,converged,1,0.0,1.400010660290718e-06,d3c044325798,42,phase1
baseline_phase1_20260608T162505Z_d3c044325798,wing_000092,v25_a0,2026-06-08T16:25:05.730153+00:00,1.635779947981389,0.39913076540830095,0.20723785151975543,0.5192229451612336,19.283591728328265,0.09205125806706427,NACA0012,0.4959428123280615,5.395331823960371,0.313305459573724,25.0,0.0,1.225,0.00337487091668484,0.007200790546416915,0.46868061151482354,analytic,converged,1,0.0,1.300009898841381e-06,d3c044325798,42,phase1
baseline_phase1_20260608T162505Z_d3c044325798,wing_000092,v25_a5,2026-06-08T16:25:05.730158+00:00,1.635779947981389,0.39913076540830095,0.20723785151975543,0.5192229451612336,19.283591728328265,0.09205125806706427,NACA0012,0.4959428123280615,5.395331823960371,0.313305459573724,25.0,5.0,1.225,0.37000439750349867,0.016702257894201992,22.152956794658387,analytic,converged,1,0.0,1.300009898841381e-06,d3c044325798,42,phase1
baseline_phase1_20260608T162505Z_d3c044325798,wing_000092,v25_a10,2026-06-08T16:25:05.730164+00:00,1.635779947981389,0.39913076540830095,0.20723785151975543,0.5192229451612336,19.283591728328265,0.09205125806706427,NACA0012,0.4959428123280615,5.395331823960371,0.313305459573724,25.0,10.0,1.225,0.7366339240903126,0.04486313549975385,16.419581821122474,analytic,converged,1,0.0,1.300009898841381e-06,d3c044325798,42,phase1
baseline_phase1_20260608T162505Z_d3c044325798,wing_000092,v25_a15,2026-06-08T16:25:05.730169+00:00,1.635779947981389,0.39913076540830095,0.20723785151975543,0.5192229451612336,19.283591728328265,0.09205125806706427,NACA0012,0.4959428123280615,5.395331823960371,0.313305459573724,25.0,15.0,1.225,1.1032634506771264,0.09168342336307246,12.033401570403077,analytic,converged,1,0.0,2.400018274784088e-06,d3c044325798,42,phase1
baseline_phase1_20260608T162505Z_d3c044325798,wing_000093,v15_a-5,2026-06-08T16:25:05.730175+00:00,1.92046480241528,0.3966660952342497,0.05896234873217186,0.1486447907713208,13.963336167786016,-1.6326698808032862,NACA4412,0.43750919480837763,8.429960103881541,0.26953089628648885,15.0,-5.0,1.225,-0.15209880256861882,0.008227678503620061,-18.486235516093334,analytic,converged,1,0.0,1.600012183189392e-06,d3c044325798,42,phase1
baseline_phase1_20260608T162505Z_d3c044325798,wing_000093,v15_a0,2026-06-08T16:25:05.730180+00:00,1.92046480241528,0.3966660952342497,0.05896234873217186,0.1486447907713208,13.963336167786016,-1.6326698808032862,NACA4412,0.43750919480837763,8.429960103881541,0.26953089628648885,15.0,0.0,1.225,0.2665982097098144,0.010357331188670781,25.740048749375617,analytic,converged,1,0.0,1.700012944638729e-06,d3c044325798,42,phase1
baseline_phase1_20260608T162505Z_d3c044325798,wing_000093,v15_a5,2026-06-08T16:25:05.730186+00:00,1.92046480241528,0.3966660952342497,0.05896234873217186,0.1486447907713208,13.963336167786016,-1.6326698808032862,NACA4412,0.43750919480837763,8.429960103881541,0.26953089628648885,15.0,5.0,1.225,0.6852952219882475,0.02806224733900567,24.420539585071225,analytic,converged,1,0.0,1.500011421740055e-06,d3c044325798,42,phase1
baseline_phase1_20260608T162505Z_d3c044325798,wing_000093,v15_a10,2026-06-08T16:25:05.730192+00:00,1.92046480241528,0.3966660952342497,0.05896234873217186,0.1486447907713208,13.963336167786016,-1.6326698808032862,NACA4412,0.43750919480837763,8.429960103881541,0.26953089628648885,15.0,10.0,1.225,1.1039922342666808,0.061342426954624725,17.99720501902067,analytic,converged,1,0.0,1.3999524526298046e-06,d3c044325798,42,phase1
baseline_phase1_20260608T162505Z_d3c044325798,wing_000093,v15_a15,2026-06-08T16:25:05.730201+00:00,1.92046480241528,0.3966660952342497,0.05896234873217186,0.1486447907713208,13.963336167786016,-1.6326698808032862,NACA4412,0.43750919480837763,8.429960103881541,0.26953089628648885,15.0,15.0,1.225,1.4,0.09426863855499823,14.851174488779867,analytic,stall_limited,1,0.0,1.500011421740055e-06,d3c044325798,42,phase1
baseline_phase1_20260608T162505Z_d3c044325798,wing_000093,v20_a-5,2026-06-08T16:25:05.730207+00:00,1.92046480241528,0.3966660952342497,0.05896234873217186,0.1486447907713208,13.963336167786016,-1.6326698808032862,NACA4412,0.43750919480837763,8.429960103881541,0.26953089628648885,20.0,-5.0,1.225,-0.15209880256861882,0.008227678503620061,-18.486235516093334,analytic,converged,1,0.0,1.500011421740055e-06,d3c044325798,42,phase1
baseline_phase1_20260608T162505Z_d3c044325798,wing_000093,v20_a0,2026-06-08T16:25:05.730213+00:00,1.92046480241528,0.3966660952342497,0.05896234873217186,0.1486447907713208,13.963336167786016,-1.6326698808032862,NACA4412,0.43750919480837763,8.429960103881541,0.26953089628648885,20.0,0.0,1.225,0.2665982097098144,0.010357331188670781,25.740048749375617,analytic,converged,1,0.0,1.3999524526298046e-06,d3c044325798,42,phase1
baseline_phase1_20260608T162505Z_d3c044325798,wing_000093,v20_a5,2026-06-08T16:25:05.730218+00:00,1.92046480241528,0.3966660952342497,0.05896234873217186,0.1486447907713208,13.963336167786016,-1.6326698808032862,NACA4412,0.43750919480837763,8.429960103881541,0.26953089628648885,20.0,5.0,1.225,0.6852952219882475,0.02806224733900567,24.420539585071225,analytic,converged,1,0.0,1.400010660290718e-06,d3c044325798,42,phase1
baseline_phase1_20260608T162505Z_d3c044325798,wing_000093,v20_a10,2026-06-08T16:25:05.730224+00:00,1.92046480241528,0.3966660952342497,0.05896234873217186,0.1486447907713208,13.963336167786016,-1.6326698808032862,NACA4412,0.43750919480837763,8.429960103881541,0.26953089628648885,20.0,10.0,1.225,1.1039922342666808,0.061342426954624725,17.99720501902067,analytic,converged,1,0.0,1.400010660290718e-06,d3c044325798,42,phase1
baseline_phase1_20260608T162505Z_d3c044325798,wing_000093,v20_a15,2026-06-08T16:25:05.730229+00:00,1.92046480241528,0.3966660952342497,0.05896234873217186,0.1486447907713208,13.963336167786016,-1.6326698808032862,NACA4412,0.43750919480837763,8.429960103881541,0.26953089628648885,20.0,15.0,1.225,1.4,0.09426863855499823,14.851174488779867,analytic,stall_limited,1,0.0,2.5999615900218487e-06,d3c044325798,42,phase1
baseline_phase1_20260608T162505Z_d3c044325798,wing_000093,v25_a-5,2026-06-08T16:25:05.730238+00:00,1.92046480241528,0.3966660952342497,0.05896234873217186,0.1486447907713208,13.963336167786016,-1.6326698808032862,NACA4412,0.43750919480837763,8.429960103881541,0.26953089628648885,25.0,-5.0,1.225,-0.15209880256861882,0.008227678503620061,-18.486235516093334,analytic,converged,1,0.0,1.600012183189392e-06,d3c044325798,42,phase1
baseline_phase1_20260608T162505Z_d3c044325798,wing_000093,v25_a0,2026-06-08T16:25:05.730244+00:00,1.92046480241528,0.3966660952342497,0.05896234873217186,0.1486447907713208,13.963336167786016,-1.6326698808032862,NACA4412,0.43750919480837763,8.429960103881541,0.26953089628648885,25.0,0.0,1.225,0.2665982097098144,0.010357331188670781,25.740048749375617,analytic,converged,1,0.0,1.9999570213258266e-06,d3c044325798,42,phase1
baseline_phase1_20260608T162505Z_d3c044325798,wing_000093,v25_a5,2026-06-08T16:25:05.730250+00:00,1.92046480241528,0.3966660952342497,0.05896234873217186,0.1486447907713208,13.963336167786016,-1.6326698808032862,NACA4412,0.43750919480837763,8.429960103881541,0.26953089628648885,25.0,5.0,1.225,0.6852952219882475,0.02806224733900567,24.420539585071225,analytic,converged,1,0.0,1.500011421740055e-06,d3c044325798,42,phase1
baseline_phase1_20260608T162505Z_d3c044325798,wing_000093,v25_a10,2026-06-08T16:25:05.730255+00:00,1.92046480241528,0.3966660952342497,0.05896234873217186,0.1486447907713208,13.963336167786016,-1.6326698808032862,NACA4412,0.43750919480837763,8.429960103881541,0.26953089628648885,25.0,10.0,1.225,1.1039922342666808,0.061342426954624725,17.99720501902067,analytic,converged,1,0.0,1.500011421740055e-06,d3c044325798,42,phase1
baseline_phase1_20260608T162505Z_d3c044325798,wing_000093,v25_a15,2026-06-08T16:25:05.730261+00:00,1.92046480241528,0.3966660952342497,0.05896234873217186,0.1486447907713208,13.963336167786016,-1.6326698808032862,NACA4412,0.43750919480837763,8.429960103881541,0.26953089628648885,25.0,15.0,1.225,1.4,0.09426863855499823,14.851174488779867,analytic,stall_limited,1,0.0,1.600012183189392e-06,d3c044325798,42,phase1
baseline_phase1_20260608T162505Z_d3c044325798,wing_000094,v15_a-5,2026-06-08T16:25:05.730267+00:00,1.6783865571786674,0.31655706106624115,0.2843627950969113,0.8982986957836552,18.978824690071388,1.3007284274081865,NACA0012,0.5042879042629868,5.586057907605495,0.30074739591129146,15.0,-5.0,1.225,-0.3225738771023506,0.014175641558656034,-22.75550462866904,analytic,converged,1,0.0,1.700012944638729e-06,d3c044325798,42,phase1
baseline_phase1_20260608T162505Z_d3c044325798,wing_000094,v15_a0,2026-06-08T16:25:05.730273+00:00,1.6783865571786674,0.31655706106624115,0.2843627950969113,0.8982986957836552,18.978824690071388,1.3007284274081865,NACA0012,0.5042879042629868,5.586057907605495,0.30074739591129146,15.0,0.0,1.225,0.04823174082853634,0.007355952249133764,6.5568316915347165,analytic,converged,1,0.0,1.4999532140791416e-06,d3c044325798,42,phase1
baseline_phase1_20260608T162505Z_d3c044325798,wing_000094,v15_a5,2026-06-08T16:25:05.730413+00:00,1.6783865571786674,0.31655706106624115,0.2843627950969113,0.8982986957836552,18.978824690071388,1.3007284274081865,NACA0012,0.5042879042629868,5.586057907605495,0.30074739591129146,15.0,5.0,1.225,0.4190373587594232,0.018971485052121075,22.087746826786944,analytic,converged,1,0.0,1.500011421740055e-06,d3c044325798,42,phase1
baseline_phase1_20260608T162505Z_d3c044325798,wing_000094,v15_a10,2026-06-08T16:25:05.730428+00:00,1.6783865571786674,0.31655706106624115,0.2843627950969113,0.8982986957836552,18.978824690071388,1.3007284274081865,NACA0012,0.5042879042629868,5.586057907605495,0.30074739591129146,15.0,10.0,1.225,0.7898429766903102,0.049022239967617974,16.111931588847167,analytic,converged,1,0.0,1.400010660290718e-06,d3c044325798,42,phase1
baseline_phase1_20260608T162505Z_d3c044325798,wing_000094,v15_a15,2026-06-08T16:25:05.730437+00:00,1.6783865571786674,0.31655706106624115,0.2843627950969113,0.8982986957836552,18.978824690071388,1.3007284274081865,NACA0012,0.5042879042629868,5.586057907605495,0.30074739591129146,15.0,15.0,1.225,1.160648594621197,0.09750821699562445,11.903084995116664,analytic,converged,1,0.0,1.4999532140791416e-06,d3c044325798,42,phase1
baseline_phase1_20260608T162505Z_d3c044325798,wing_000094,v20_a-5,2026-06-08T16:25:05.730445+00:00,1.6783865571786674,0.31655706106624115,0.2843627950969113,0.8982986957836552,18.978824690071388,1.3007284274081865,NACA0012,0.5042879042629868,5.586057907605495,0.30074739591129146,20.0,-5.0,1.225,-0.3225738771023506,0.014175641558656034,-22.75550462866904,analytic,converged,1,0.0,1.500011421740055e-06,d3c044325798,42,phase1
baseline_phase1_20260608T162505Z_d3c044325798,wing_000094,v20_a0,2026-06-08T16:25:05.730460+00:00,1.6783865571786674,0.31655706106624115,0.2843627950969113,0.8982986957836552,18.978824690071388,1.3007284274081865,NACA0012,0.5042879042629868,5.586057907605495,0.30074739591129146,20.0,0.0,1.225,0.04823174082853634,0.007355952249133764,6.5568316915347165,analytic,converged,1,0.0,1.500011421740055e-06,d3c044325798,42,phase1
baseline_phase1_20260608T162505Z_d3c044325798,wing_000094,v20_a5,2026-06-08T16:25:05.730466+00:00,1.6783865571786674,0.31655706106624115,0.2843627950969113,0.8982986957836552,18.978824690071388,1.3007284274081865,NACA0012,0.5042879042629868,5.586057907605495,0.30074739591129146,20.0,5.0,1.225,0.4190373587594232,0.018971485052121075,22.087746826786944,analytic,converged,1,0.0,1.400010660290718e-06,d3c044325798,42,phase1
baseline_phase1_20260608T162505Z_d3c044325798,wing_000094,v20_a10,2026-06-08T16:25:05.730473+00:00,1.6783865571786674,0.31655706106624115,0.2843627950969113,0.8982986957836552,18.978824690071388,1.3007284274081865,NACA0012,0.5042879042629868,5.586057907605495,0.30074739591129146,20.0,10.0,1.225,0.7898429766903102,0.049022239967617974,16.111931588847167,analytic,converged,1,0.0,1.600012183189392e-06,d3c044325798,42,phase1
baseline_phase1_20260608T162505Z_d3c044325798,wing_000094,v20_a15,2026-06-08T16:25:05.730480+00:00,1.6783865571786674,0.31655706106624115,0.2843627950969113,0.8982986957836552,18.978824690071388,1.3007284274081865,NACA0012,0.5042879042629868,5.586057907605495,0.30074739591129146,20.0,15.0,1.225,1.160648594621197,0.09750821699562445,11.903084995116664,analytic,converged,1,0.0,1.3999524526298046e-06,d3c044325798,42,phase1
baseline_phase1_20260608T162505Z_d3c044325798,wing_000094,v25_a-5,2026-06-08T16:25:05.730487+00:00,1.6783865571786674,0.31655706106624115,0.2843627950969113,0.8982986957836552,18.978824690071388,1.3007284274081865,NACA0012,0.5042879042629868,5.586057907605495,0.30074739591129146,25.0,-5.0,1.225,-0.3225738771023506,0.014175641558656034,-22.75550462866904,analytic,converged,1,0.0,1.600012183189392e-06,d3c044325798,42,phase1
baseline_phase1_20260608T162505Z_d3c044325798,wing_000094,v25_a0,2026-06-08T16:25:05.730494+00:00,1.6783865571786674,0.31655706106624115,0.2843627950969113,0.8982986957836552,18.978824690071388,1.3007284274081865,NACA0012,0.5042879042629868,5.586057907605495,0.30074739591129146,25.0,0.0,1.225,0.04823174082853634,0.007355952249133764,6.5568316915347165,analytic,converged,1,0.0,1.500011421740055e-06,d3c044325798,42,phase1
baseline_phase1_20260608T162505Z_d3c044325798,wing_000094,v25_a5,2026-06-08T16:25:05.730501+00:00,1.6783865571786674,0.31655706106624115,0.2843627950969113,0.8982986957836552,18.978824690071388,1.3007284274081865,NACA0012,0.5042879042629868,5.586057907605495,0.30074739591129146,25.0,5.0,1.225,0.4190373587594232,0.018971485052121075,22.087746826786944,analytic,converged,1,0.0,1.4999532140791416e-06,d3c044325798,42,phase1
baseline_phase1_20260608T162505Z_d3c044325798,wing_000094,v25_a10,2026-06-08T16:25:05.730507+00:00,1.6783865571786674,0.31655706106624115,0.2843627950969113,0.8982986957836552,18.978824690071388,1.3007284274081865,NACA0012,0.5042879042629868,5.586057907605495,0.30074739591129146,25.0,10.0,1.225,0.7898429766903102,0.049022239967617974,16.111931588847167,analytic,converged,1,0.0,1.400010660290718e-06,d3c044325798,42,phase1
baseline_phase1_20260608T162505Z_d3c044325798,wing_000094,v25_a15,2026-06-08T16:25:05.730514+00:00,1.6783865571786674,0.31655706106624115,0.2843627950969113,0.8982986957836552,18.978824690071388,1.3007284274081865,NACA0012,0.5042879042629868,5.586057907605495,0.30074739591129146,25.0,15.0,1.225,1.160648594621197,0.09750821699562445,11.903084995116664,analytic,converged,1,0.0,1.300009898841381e-06,d3c044325798,42,phase1
baseline_phase1_20260608T162505Z_d3c044325798,wing_000095,v15_a-5,2026-06-08T16:25:05.730578+00:00,1.7226863279216371,0.15575116040934447,0.07916480152182133,0.5082774427732081,21.937990780393726,0.8316020528089405,NACA0012,0.20234325791468957,14.666405073201556,0.12161937717966617,15.0,-5.0,1.225,-0.40590702004956897,0.011406885101331771,-35.58438753820521,analytic,converged,1,0.0,1.4999532140791416e-06,d3c044325798,42,phase1
baseline_phase1_20260608T162505Z_d3c044325798,wing_000095,v15_a0,2026-06-08T16:25:05.730611+00:00,1.7226863279216371,0.15575116040934447,0.07916480152182133,0.5082774427732081,21.937990780393726,0.8316020528089405,NACA0012,0.20234325791468957,14.666405073201556,0.12161937717966617,15.0,0.0,1.225,0.03681702223955038,0.007234610258710578,5.08901252769244,analytic,converged,1,0.0,2.400018274784088e-06,d3c044325798,42,phase1
baseline_phase1_20260608T162505Z_d3c044325798,wing_000095,v15_a5,2026-06-08T16:25:05.730620+00:00,1.7226863279216371,0.15575116040934447,0.07916480152182133,0.5082774427732081,21.937990780393726,0.8316020528089405,NACA0012,0.20234325791468957,14.666405073201556,0.12161937717966617,15.0,5.0,1.225,0.4795410645286697,0.013071636100619146,36.68561921685962,analytic,converged,1,0.0,1.400010660290718e-06,d3c044325798,42,phase1
baseline_phase1_20260608T162505Z_d3c044325798,wing_000095,v15_a10,2026-06-08T16:25:05.730626+00:00,1.7226863279216371,0.15575116040934447,0.07916480152182133,0.5082774427732081,21.937990780393726,0.8316020528089405,NACA0012,0.20234325791468957,14.666405073201556,0.12161937717966617,15.0,10.0,1.225,0.9222651068177891,0.02891796262705748,31.892464856941867,analytic,converged,1,0.0,1.400010660290718e-06,d3c044325798,42,phase1
baseline_phase1_20260608T162505Z_d3c044325798,wing_000095,v15_a15,2026-06-08T16:25:05.730632+00:00,1.7226863279216371,0.15575116040934447,0.07916480152182133,0.5082774427732081,21.937990780393726,0.8316020528089405,NACA0012,0.20234325791468957,14.666405073201556,0.12161937717966617,15.0,15.0,1.225,1.3649891491069082,0.054773589838025556,24.92057126698111,analytic,converged,1,0.0,1.600012183189392e-06,d3c044325798,42,phase1
baseline_phase1_20260608T162505Z_d3c044325798,wing_000095,v20_a-5,2026-06-08T16:25:05.730637+00:00,1.7226863279216371,0.15575116040934447,0.07916480152182133,0.5082774427732081,21.937990780393726,0.8316020528089405,NACA0012,0.20234325791468957,14.666405073201556,0.12161937717966617,20.0,-5.0,1.225,-0.40590702004956897,0.011406885101331771,-35.58438753820521,analytic,converged,1,0.0,1.4999532140791416e-06,d3c044325798,42,phase1
baseline_phase1_20260608T162505Z_d3c044325798,wing_000095,v20_a0,2026-06-08T16:25:05.730643+00:00,1.7226863279216371,0.15575116040934447,0.07916480152182133,0.5082774427732081,21.937990780393726,0.8316020528089405,NACA0012,0.20234325791468957,14.666405073201556,0.12161937717966617,20.0,0.0,1.225,0.03681702223955038,0.007234610258710578,5.08901252769244,analytic,converged,1,0.0,1.700012944638729e-06,d3c044325798,42,phase1
baseline_phase1_20260608T162505Z_d3c044325798,wing_000095,v20_a5,2026-06-08T16:25:05.730649+00:00,1.7226863279216371,0.15575116040934447,0.07916480152182133,0.5082774427732081,21.937990780393726,0.8316020528089405,NACA0012,0.20234325791468957,14.666405073201556,0.12161937717966617,20.0,5.0,1.225,0.4795410645286697,0.013071636100619146,36.68561921685962,analytic,converged,1,0.0,1.400010660290718e-06,d3c044325798,42,phase1
baseline_phase1_20260608T162505Z_d3c044325798,wing_000095,v20_a10,2026-06-08T16:25:05.730654+00:00,1.7226863279216371,0.15575116040934447,0.07916480152182133,0.5082774427732081,21.937990780393726,0.8316020528089405,NACA0012,0.20234325791468957,14.666405073201556,0.12161937717966617,20.0,10.0,1.225,0.9222651068177891,0.02891796262705748,31.892464856941867,analytic,converged,1,0.0,1.5999539755284786e-06,d3c044325798,42,phase1
baseline_phase1_20260608T162505Z_d3c044325798,wing_000095,v20_a15,2026-06-08T16:25:05.730659+00:00,1.7226863279216371,0.15575116040934447,0.07916480152182133,0.5082774427732081,21.937990780393726,0.8316020528089405,NACA0012,0.20234325791468957,14.666405073201556,0.12161937717966617,20.0,15.0,1.225,1.3649891491069082,0.054773589838025556,24.92057126698111,analytic,converged,1,0.0,1.400010660290718e-06,d3c044325798,42,phase1
baseline_phase1_20260608T162505Z_d3c044325798,wing_000095,v25_a-5,2026-06-08T16:25:05.730665+00:00,1.7226863279216371,0.15575116040934447,0.07916480152182133,0.5082774427732081,21.937990780393726,0.8316020528089405,NACA0012,0.20234325791468957,14.666405073201556,0.12161937717966617,25.0,-5.0,1.225,-0.40590702004956897,0.011406885101331771,-35.58438753820521,analytic,converged,1,0.0,1.300009898841381e-06,d3c044325798,42,phase1
baseline_phase1_20260608T162505Z_d3c044325798,wing_000095,v25_a0,2026-06-08T16:25:05.730670+00:00,1.7226863279216371,0.15575116040934447,0.07916480152182133,0.5082774427732081,21.937990780393726,0.8316020528089405,NACA0012,0.20234325791468957,14.666405073201556,0.12161937717966617,25.0,0.0,1.225,0.03681702223955038,0.007234610258710578,5.08901252769244,analytic,converged,1,0.0,1.7999554984271526e-06,d3c044325798,42,phase1
baseline_phase1_20260608T162505Z_d3c044325798,wing_000095,v25_a5,2026-06-08T16:25:05.730676+00:00,1.7226863279216371,0.15575116040934447,0.07916480152182133,0.5082774427732081,21.937990780393726,0.8316020528089405,NACA0012,0.20234325791468957,14.666405073201556,0.12161937717966617,25.0,5.0,1.225,0.4795410645286697,0.013071636100619146,36.68561921685962,analytic,converged,1,0.0,2.500019036233425e-06,d3c044325798,42,phase1
baseline_phase1_20260608T162505Z_d3c044325798,wing_000095,v25_a10,2026-06-08T16:25:05.730681+00:00,1.7226863279216371,0.15575116040934447,0.07916480152182133,0.5082774427732081,21.937990780393726,0.8316020528089405,NACA0012,0.20234325791468957,14.666405073201556,0.12161937717966617,25.0,10.0,1.225,0.9222651068177891,0.02891796262705748,31.892464856941867,analytic,converged,1,0.0,1.4999532140791416e-06,d3c044325798,42,phase1
baseline_phase1_20260608T162505Z_d3c044325798,wing_000095,v25_a15,2026-06-08T16:25:05.730686+00:00,1.7226863279216371,0.15575116040934447,0.07916480152182133,0.5082774427732081,21.937990780393726,0.8316020528089405,NACA0012,0.20234325791468957,14.666405073201556,0.12161937717966617,25.0,15.0,1.225,1.3649891491069082,0.054773589838025556,24.92057126698111,analytic,converged,1,0.0,1.500011421740055e-06,d3c044325798,42,phase1
baseline_phase1_20260608T162505Z_d3c044325798,wing_000096,v15_a-5,2026-06-08T16:25:05.730691+00:00,1.312297541051883,0.36015569730349595,0.10959567745343277,0.30430082954117116,21.35509544287632,1.1932610407166386,NACA0012,0.3082267869996296,5.587200428017595,0.2571499963430557,15.0,-5.0,1.225,-0.3230312703264882,0.014194007298809989,-22.758285488099673,analytic,converged,1,0.0,1.400010660290718e-06,d3c044325798,42,phase1
baseline_phase1_20260608T162505Z_d3c044325798,wing_000096,v15_a0,2026-06-08T16:25:05.730696+00:00,1.312297541051883,0.36015569730349595,0.10959567745343277,0.30430082954117116,21.35509544287632,1.1932610407166386,NACA0012,0.3082267869996296,5.587200428017595,0.2571499963430557,15.0,0.0,1.225,0.04376882653112833,0.007328400512377378,5.972493787314779,analytic,converged,1,0.0,1.5999539755284786e-06,d3c044325798,42,phase1
baseline_phase1_20260608T162505Z_d3c044325798,wing_000096,v15_a5,2026-06-08T16:25:05.730702+00:00,1.312297541051883,0.36015569730349595,0.10959567745343277,0.30430082954117116,21.35509544287632,1.1932610407166386,NACA0012,0.3082267869996296,5.587200428017595,0.2571499963430557,15.0,5.0,1.225,0.4105689233887449,0.01849819583748093,22.195079292914215,analytic,converged,1,0.0,1.400010660290718e-06,d3c044325798,42,phase1
baseline_phase1_20260608T162505Z_d3c044325798,wing_000096,v15_a10,2026-06-08T16:25:05.730707+00:00,1.312297541051883,0.36015569730349595,0.10959567745343277,0.30430082954117116,21.35509544287632,1.1932610407166386,NACA0012,0.3082267869996296,5.587200428017595,0.2571499963430557,15.0,10.0,1.225,0.7773690202463615,0.047703393274120647,16.29588519582502,analytic,converged,1,0.0,1.500011421740055e-06,d3c044325798,42,phase1
baseline_phase1_20260608T162505Z_d3c044325798,wing_000096,v15_a15,2026-06-08T16:25:05.730712+00:00,1.312297541051883,0.36015569730349595,0.10959567745343277,0.30430082954117116,21.35509544287632,1.1932610407166386,NACA0012,0.3082267869996296,5.587200428017595,0.2571499963430557,15.0,15.0,1.225,1.144169117103978,0.09494399282229654,12.050990095239419,analytic,converged,1,0.0,2.400018274784088e-06,d3c044325798,42,phase1
baseline_phase1_20260608T162505Z_d3c044325798,wing_000096,v20_a-5,2026-06-08T16:25:05.730717+00:00,1.312297541051883,0.36015569730349595,0.10959567745343277,0.30430082954117116,21.35509544287632,1.1932610407166386,NACA0012,0.3082267869996296,5.587200428017595,0.2571499963430557,20.0,-5.0,1.225,-0.3230312703264882,0.014194007298809989,-22.758285488099673,analytic,converged,1,0.0,1.600012183189392e-06,d3c044325798,42,phase1
baseline_phase1_20260608T162505Z_d3c044325798,wing_000096,v20_a0,2026-06-08T16:25:05.730723+00:00,1.312297541051883,0.36015569730349595,0.10959567745343277,0.30430082954117116,21.35509544287632,1.1932610407166386,NACA0012,0.3082267869996296,5.587200428017595,0.2571499963430557,20.0,0.0,1.225,0.04376882653112833,0.007328400512377378,5.972493787314779,analytic,converged,1,0.0,1.5999539755284786e-06,d3c044325798,42,phase1
baseline_phase1_20260608T162505Z_d3c044325798,wing_000096,v20_a5,2026-06-08T16:25:05.730728+00:00,1.312297541051883,0.36015569730349595,0.10959567745343277,0.30430082954117116,21.35509544287632,1.1932610407166386,NACA0012,0.3082267869996296,5.587200428017595,0.2571499963430557,20.0,5.0,1.225,0.4105689233887449,0.01849819583748093,22.195079292914215,analytic,converged,1,0.0,1.400010660290718e-06,d3c044325798,42,phase1
baseline_phase1_20260608T162505Z_d3c044325798,wing_000096,v20_a10,2026-06-08T16:25:05.730733+00:00,1.312297541051883,0.36015569730349595,0.10959567745343277,0.30430082954117116,21.35509544287632,1.1932610407166386,NACA0012,0.3082267869996296,5.587200428017595,0.2571499963430557,20.0,10.0,1.225,0.7773690202463615,0.047703393274120647,16.29588519582502,analytic,converged,1,0.0,1.400010660290718e-06,d3c044325798,42,phase1
baseline_phase1_20260608T162505Z_d3c044325798,wing_000096,v20_a15,2026-06-08T16:25:05.730742+00:00,1.312297541051883,0.36015569730349595,0.10959567745343277,0.30430082954117116,21.35509544287632,1.1932610407166386,NACA0012,0.3082267869996296,5.587200428017595,0.2571499963430557,20.0,15.0,1.225,1.144169117103978,0.09494399282229654,12.050990095239419,analytic,converged,1,0.0,1.9000144675374031e-06,d3c044325798,42,phase1
baseline_phase1_20260608T162505Z_d3c044325798,wing_000096,v25_a-5,2026-06-08T16:25:05.730747+00:00,1.312297541051883,0.36015569730349595,0.10959567745343277,0.30430082954117116,21.35509544287632,1.1932610407166386,NACA0012,0.3082267869996296,5.587200428017595,0.2571499963430557,25.0,-5.0,1.225,-0.3230312703264882,0.014194007298809989,-22.758285488099673,analytic,converged,1,0.0,1.400010660290718e-06,d3c044325798,42,phase1
baseline_phase1_20260608T162505Z_d3c044325798,wing_000096,v25_a0,2026-06-08T16:25:05.730752+00:00,1.312297541051883,0.36015569730349595,0.10959567745343277,0.30430082954117116,21.35509544287632,1.1932610407166386,NACA0012,0.3082267869996296,5.587200428017595,0.2571499963430557,25.0,0.0,1.225,0.04376882653112833,0.007328400512377378,5.972493787314779,analytic,converged,1,0.0,1.500011421740055e-06,d3c044325798,42,phase1
baseline_phase1_20260608T162505Z_d3c044325798,wing_000096,v25_a5,2026-06-08T16:25:05.730757+00:00,1.312297541051883,0.36015569730349595,0.10959567745343277,0.30430082954117116,21.35509544287632,1.1932610407166386,NACA0012,0.3082267869996296,5.587200428017595,0.2571499963430557,25.0,5.0,1.225,0.4105689233887449,0.01849819583748093,22.195079292914215,analytic,converged,1,0.0,1.700012944638729e-06,d3c044325798,42,phase1
baseline_phase1_20260608T162505Z_d3c044325798,wing_000096,v25_a10,2026-06-08T16:25:05.730763+00:00,1.312297541051883,0.36015569730349595,0.10959567745343277,0.30430082954117116,21.35509544287632,1.1932610407166386,NACA0012,0.3082267869996296,5.587200428017595,0.2571499963430557,25.0,10.0,1.225,0.7773690202463615,0.047703393274120647,16.29588519582502,analytic,converged,1,0.0,1.300009898841381e-06,d3c044325798,42,phase1
baseline_phase1_20260608T162505Z_d3c044325798,wing_000096,v25_a15,2026-06-08T16:25:05.730768+00:00,1.312297541051883,0.36015569730349595,0.10959567745343277,0.30430082954117116,21.35509544287632,1.1932610407166386,NACA0012,0.3082267869996296,5.587200428017595,0.2571499963430557,25.0,15.0,1.225,1.144169117103978,0.09494399282229654,12.050990095239419,analytic,converged,1,0.0,1.3999524526298046e-06,d3c044325798,42,phase1
baseline_phase1_20260608T162505Z_d3c044325798,wing_000097,v15_a-5,2026-06-08T16:25:05.730773+00:00,1.8176500491843375,0.20921110035102775,0.08352175151455027,0.3992223709660345,4.944335781882295,-0.18819029912335505,NACA0012,0.26604294129566963,12.418490358021016,0.15536086819772937,15.0,-5.0,1.225,-0.4681757747442552,0.01380967754486133,-33.902006272294635,analytic,converged,1,0.0,1.600012183189392e-06,d3c044325798,42,phase1
baseline_phase1_20260608T162505Z_d3c044325798,wing_000097,v15_a0,2026-06-08T16:25:05.730778+00:00,1.8176500491843375,0.20921110035102775,0.08352175151455027,0.3992223709660345,4.944335781882295,-0.18819029912335505,NACA0012,0.26604294129566963,12.418490358021016,0.15536086819772937,15.0,0.0,1.225,-0.00864786939629612,0.007202255177040062,-1.2007168843259686,analytic,converged,1,0.0,1.400010660290718e-06,d3c044325798,42,phase1
baseline_phase1_20260608T162505Z_d3c044325798,wing_000097,v15_a5,2026-06-08T16:25:05.730784+00:00,1.8176500491843375,0.20921110035102775,0.08352175151455027,0.3992223709660345,4.944335781882295,-0.18819029912335505,NACA0012,0.26604294129566963,12.418490358021016,0.15536086819772937,15.0,5.0,1.225,0.45088003595166287,0.013330337844447974,33.82360156306559,analytic,converged,1,0.0,1.3999524526298046e-06,d3c044325798,42,phase1
baseline_phase1_20260608T162505Z_d3c044325798,wing_000097,v15_a10,2026-06-08T16:25:05.730789+00:00,1.8176500491843375,0.20921110035102775,0.08352175151455027,0.3992223709660345,4.944335781882295,-0.18819029912335505,NACA0012,0.26604294129566963,12.418490358021016,0.15536086819772937,15.0,10.0,1.225,0.9104079412996219,0.03219392554708506,28.278873291426027,analytic,converged,1,0.0,2.800021320581436e-06,d3c044325798,42,phase1
baseline_phase1_20260608T162505Z_d3c044325798,wing_000097,v15_a15,2026-06-08T16:25:05.730795+00:00,1.8176500491843375,0.20921110035102775,0.08352175151455027,0.3992223709660345,4.944335781882295,-0.18819029912335505,NACA0012,0.26604294129566963,12.418490358021016,0.15536086819772937,15.0,15.0,1.225,1.369935846647581,0.06379301828495135,21.47469869709467,analytic,converged,1,0.0,1.7999554984271526e-06,d3c044325798,42,phase1
baseline_phase1_20260608T162505Z_d3c044325798,wing_000097,v20_a-5,2026-06-08T16:25:05.730800+00:00,1.8176500491843375,0.20921110035102775,0.08352175151455027,0.3992223709660345,4.944335781882295,-0.18819029912335505,NACA0012,0.26604294129566963,12.418490358021016,0.15536086819772937,20.0,-5.0,1.225,-0.4681757747442552,0.01380967754486133,-33.902006272294635,analytic,converged,1,0.0,1.600012183189392e-06,d3c044325798,42,phase1
baseline_phase1_20260608T162505Z_d3c044325798,wing_000097,v20_a0,2026-06-08T16:25:05.730805+00:00,1.8176500491843375,0.20921110035102775,0.08352175151455027,0.3992223709660345,4.944335781882295,-0.18819029912335505,NACA0012,0.26604294129566963,12.418490358021016,0.15536086819772937,20.0,0.0,1.225,-0.00864786939629612,0.007202255177040062,-1.2007168843259686,analytic,converged,1,0.0,1.700012944638729e-06,d3c044325798,42,phase1
baseline_phase1_20260608T162505Z_d3c044325798,wing_000097,v20_a5,2026-06-08T16:25:05.730810+00:00,1.8176500491843375,0.20921110035102775,0.08352175151455027,0.3992223709660345,4.944335781882295,-0.18819029912335505,NACA0012,0.26604294129566963,12.418490358021016,0.15536086819772937,20.0,5.0,1.225,0.45088003595166287,0.013330337844447974,33.82360156306559,analytic,converged,1,0.0,1.500011421740055e-06,d3c044325798,42,phase1
baseline_phase1_20260608T162505Z_d3c044325798,wing_000097,v20_a10,2026-06-08T16:25:05.730816+00:00,1.8176500491843375,0.20921110035102775,0.08352175151455027,0.3992223709660345,4.944335781882295,-0.18819029912335505,NACA0012,0.26604294129566963,12.418490358021016,0.15536086819772937,20.0,10.0,1.225,0.9104079412996219,0.03219392554708506,28.278873291426027,analytic,converged,1,0.0,1.400010660290718e-06,d3c044325798,42,phase1
baseline_phase1_20260608T162505Z_d3c044325798,wing_000097,v20_a15,2026-06-08T16:25:05.730821+00:00,1.8176500491843375,0.20921110035102775,0.08352175151455027,0.3992223709660345,4.944335781882295,-0.18819029912335505,NACA0012,0.26604294129566963,12.418490358021016,0.15536086819772937,20.0,15.0,1.225,1.369935846647581,0.06379301828495135,21.47469869709467,analytic,converged,1,0.0,1.500011421740055e-06,d3c044325798,42,phase1
baseline_phase1_20260608T162505Z_d3c044325798,wing_000097,v25_a-5,2026-06-08T16:25:05.730827+00:00,1.8176500491843375,0.20921110035102775,0.08352175151455027,0.3992223709660345,4.944335781882295,-0.18819029912335505,NACA0012,0.26604294129566963,12.418490358021016,0.15536086819772937,25.0,-5.0,1.225,-0.4681757747442552,0.01380967754486133,-33.902006272294635,analytic,converged,1,0.0,1.500011421740055e-06,d3c044325798,42,phase1
baseline_phase1_20260608T162505Z_d3c044325798,wing_000097,v25_a0,2026-06-08T16:25:05.730832+00:00,1.8176500491843375,0.20921110035102775,0.08352175151455027,0.3992223709660345,4.944335781882295,-0.18819029912335505,NACA0012,0.26604294129566963,12.418490358021016,0.15536086819772937,25.0,0.0,1.225,-0.00864786939629612,0.007202255177040062,-1.2007168843259686,analytic,converged,1,0.0,1.500011421740055e-06,d3c044325798,42,phase1
baseline_phase1_20260608T162505Z_d3c044325798,wing_000097,v25_a5,2026-06-08T16:25:05.730837+00:00,1.8176500491843375,0.20921110035102775,0.08352175151455027,0.3992223709660345,4.944335781882295,-0.18819029912335505,NACA0012,0.26604294129566963,12.418490358021016,0.15536086819772937,25.0,5.0,1.225,0.45088003595166287,0.013330337844447974,33.82360156306559,analytic,converged,1,0.0,1.4999532140791416e-06,d3c044325798,42,phase1
baseline_phase1_20260608T162505Z_d3c044325798,wing_000097,v25_a10,2026-06-08T16:25:05.730843+00:00,1.8176500491843375,0.20921110035102775,0.08352175151455027,0.3992223709660345,4.944335781882295,-0.18819029912335505,NACA0012,0.26604294129566963,12.418490358021016,0.15536086819772937,25.0,10.0,1.225,0.9104079412996219,0.03219392554708506,28.278873291426027,analytic,converged,1,0.0,2.00001522898674e-06,d3c044325798,42,phase1
baseline_phase1_20260608T162505Z_d3c044325798,wing_000097,v25_a15,2026-06-08T16:25:05.730848+00:00,1.8176500491843375,0.20921110035102775,0.08352175151455027,0.3992223709660345,4.944335781882295,-0.18819029912335505,NACA0012,0.26604294129566963,12.418490358021016,0.15536086819772937,25.0,15.0,1.225,1.369935846647581,0.06379301828495135,21.47469869709467,analytic,converged,1,0.0,2.6999623514711857e-06,d3c044325798,42,phase1
baseline_phase1_20260608T162505Z_d3c044325798,wing_000098,v15_a-5,2026-06-08T16:25:05.730853+00:00,1.2872462984272985,0.46028984436362597,0.14089585800953416,0.30610246942191355,19.591344615799784,3.18828665332121,NACA4412,0.386937035023633,4.282358324045091,0.3288737739576048,15.0,-5.0,1.225,0.04044642166175336,0.007343056767671269,5.508117796368375,analytic,converged,1,0.0,1.700012944638729e-06,d3c044325798,42,phase1
baseline_phase1_20260608T162505Z_d3c044325798,wing_000098,v15_a0,2026-06-08T16:25:05.730859+00:00,1.2872462984272985,0.46028984436362597,0.14089585800953416,0.30610246942191355,19.591344615799784,3.18828665332121,NACA4412,0.386937035023633,4.282358324045091,0.3288737739576048,15.0,0.0,1.225,0.38082238691144576,0.019882157409314344,19.153977059503564,analytic,converged,1,0.0,1.800013706088066e-06,d3c044325798,42,phase1
baseline_phase1_20260608T162505Z_d3c044325798,wing_000098,v15_a5,2026-06-08T16:25:05.730866+00:00,1.2872462984272985,0.46028984436362597,0.14089585800953416,0.30610246942191355,19.591344615799784,3.18828665332121,NACA4412,0.386937035023633,4.282358324045091,0.3288737739576048,15.0,5.0,1.225,0.7211983521611381,0.05268389510076737,13.689161569806435,analytic,converged,1,0.0,1.500011421740055e-06,d3c044325798,42,phase1
baseline_phase1_20260608T162505Z_d3c044325798,wing_000098,v15_a10,2026-06-08T16:25:05.730871+00:00,1.2872462984272985,0.46028984436362597,0.14089585800953416,0.30610246942191355,19.591344615799784,3.18828665332121,NACA4412,0.386937035023633,4.282358324045091,0.3288737739576048,15.0,10.0,1.225,1.0615743174108305,0.10574826984203034,10.038692065568915,analytic,converged,1,0.0,2.200016751885414e-06,d3c044325798,42,phase1
baseline_phase1_20260608T162505Z_d3c044325798,wing_000098,v15_a15,2026-06-08T16:25:05.730876+00:00,1.2872462984272985,0.46028984436362597,0.14089585800953416,0.30610246942191355,19.591344615799784,3.18828665332121,NACA4412,0.386937035023633,4.282358324045091,0.3288737739576048,15.0,15.0,1.225,1.4,0.178597415577452,7.838859232500285,analytic,stall_limited,1,0.0,1.400010660290718e-06,d3c044325798,42,phase1
baseline_phase1_20260608T162505Z_d3c044325798,wing_000098,v20_a-5,2026-06-08T16:25:05.730881+00:00,1.2872462984272985,0.46028984436362597,0.14089585800953416,0.30610246942191355,19.591344615799784,3.18828665332121,NACA4412,0.386937035023633,4.282358324045091,0.3288737739576048,20.0,-5.0,1.225,0.04044642166175336,0.007343056767671269,5.508117796368375,analytic,converged,1,0.0,1.300009898841381e-06,d3c044325798,42,phase1
baseline_phase1_20260608T162505Z_d3c044325798,wing_000098,v20_a0,2026-06-08T16:25:05.730887+00:00,1.2872462984272985,0.46028984436362597,0.14089585800953416,0.30610246942191355,19.591344615799784,3.18828665332121,NACA4412,0.386937035023633,4.282358324045091,0.3288737739576048,20.0,0.0,1.225,0.38082238691144576,0.019882157409314344,19.153977059503564,analytic,converged,1,0.0,1.400010660290718e-06,d3c044325798,42,phase1
baseline_phase1_20260608T162505Z_d3c044325798,wing_000098,v20_a5,2026-06-08T16:25:05.730893+00:00,1.2872462984272985,0.46028984436362597,0.14089585800953416,0.30610246942191355,19.591344615799784,3.18828665332121,NACA4412,0.386937035023633,4.282358324045091,0.3288737739576048,20.0,5.0,1.225,0.7211983521611381,0.05268389510076737,13.689161569806435,analytic,converged,1,0.0,1.5999539755284786e-06,d3c044325798,42,phase1
baseline_phase1_20260608T162505Z_d3c044325798,wing_000098,v20_a10,2026-06-08T16:25:05.730898+00:00,1.2872462984272985,0.46028984436362597,0.14089585800953416,0.30610246942191355,19.591344615799784,3.18828665332121,NACA4412,0.386937035023633,4.282358324045091,0.3288737739576048,20.0,10.0,1.225,1.0615743174108305,0.10574826984203034,10.038692065568915,analytic,converged,1,0.0,1.400010660290718e-06,d3c044325798,42,phase1
baseline_phase1_20260608T162505Z_d3c044325798,wing_000098,v20_a15,2026-06-08T16:25:05.730903+00:00,1.2872462984272985,0.46028984436362597,0.14089585800953416,0.30610246942191355,19.591344615799784,3.18828665332121,NACA4412,0.386937035023633,4.282358324045091,0.3288737739576048,20.0,15.0,1.225,1.4,0.178597415577452,7.838859232500285,analytic,stall_limited,1,0.0,1.400010660290718e-06,d3c044325798,42,phase1
baseline_phase1_20260608T162505Z_d3c044325798,wing_000098,v25_a-5,2026-06-08T16:25:05.730910+00:00,1.2872462984272985,0.46028984436362597,0.14089585800953416,0.30610246942191355,19.591344615799784,3.18828665332121,NACA4412,0.386937035023633,4.282358324045091,0.3288737739576048,25.0,-5.0,1.225,0.04044642166175336,0.007343056767671269,5.508117796368375,analytic,converged,1,0.0,1.4999532140791416e-06,d3c044325798,42,phase1
baseline_phase1_20260608T162505Z_d3c044325798,wing_000098,v25_a0,2026-06-08T16:25:05.730915+00:00,1.2872462984272985,0.46028984436362597,0.14089585800953416,0.30610246942191355,19.591344615799784,3.18828665332121,NACA4412,0.386937035023633,4.282358324045091,0.3288737739576048,25.0,0.0,1.225,0.38082238691144576,0.019882157409314344,19.153977059503564,analytic,converged,1,0.0,1.400010660290718e-06,d3c044325798,42,phase1
baseline_phase1_20260608T162505Z_d3c044325798,wing_000098,v25_a5,2026-06-08T16:25:05.730920+00:00,1.2872462984272985,0.46028984436362597,0.14089585800953416,0.30610246942191355,19.591344615799784,3.18828665332121,NACA4412,0.386937035023633,4.282358324045091,0.3288737739576048,25.0,5.0,1.225,0.7211983521611381,0.05268389510076737,13.689161569806435,analytic,converged,1,0.0,1.500011421740055e-06,d3c044325798,42,phase1
baseline_phase1_20260608T162505Z_d3c044325798,wing_000098,v25_a10,2026-06-08T16:25:05.730926+00:00,1.2872462984272985,0.46028984436362597,0.14089585800953416,0.30610246942191355,19.591344615799784,3.18828665332121,NACA4412,0.386937035023633,4.282358324045091,0.3288737739576048,25.0,10.0,1.225,1.0615743174108305,0.10574826984203034,10.038692065568915,analytic,converged,1,0.0,1.4999532140791416e-06,d3c044325798,42,phase1
baseline_phase1_20260608T162505Z_d3c044325798,wing_000098,v25_a15,2026-06-08T16:25:05.730931+00:00,1.2872462984272985,0.46028984436362597,0.14089585800953416,0.30610246942191355,19.591344615799784,3.18828665332121,NACA4412,0.386937035023633,4.282358324045091,0.3288737739576048,25.0,15.0,1.225,1.4,0.178597415577452,7.838859232500285,analytic,stall_limited,1,0.0,1.500011421740055e-06,d3c044325798,42,phase1
baseline_phase1_20260608T162505Z_d3c044325798,wing_000099,v15_a-5,2026-06-08T16:25:05.730937+00:00,1.5313749904784668,0.4722271420492359,0.19987623835353235,0.42326291853146514,0.1903581407960019,-2.2860885170567173,NACA4412,0.5146211538824174,4.556962619532628,0.3544454415464564,15.0,-5.0,1.225,-0.15498521164168022,0.009173950495627718,-16.89405362668414,analytic,converged,1,0.0,1.500011421740055e-06,d3c044325798,42,phase1
baseline_phase1_20260608T162505Z_d3c044325798,wing_000099,v15_a0,2026-06-08T16:25:05.730993+00:00,1.5313749904784668,0.4722271420492359,0.19987623835353235,0.42326291853146514,0.1903581407960019,-2.2860885170567173,NACA4412,0.5146211538824174,4.556962619532628,0.3544454415464564,15.0,0.0,1.225,0.20661537365866608,0.010708172997637069,19.29510979176925,analytic,converged,1,0.0,1.3999524526298046e-06,d3c044325798,42,phase1
baseline_phase1_20260608T162505Z_d3c044325798,wing_000099,v15_a5,2026-06-08T16:25:05.731018+00:00,1.5313749904784668,0.4722271420492359,0.19987623835353235,0.42326291853146514,0.1903581407960019,-2.2860885170567173,NACA4412,0.5146211538824174,4.556962619532628,0.3544454415464564,15.0,5.0,1.225,0.5682159589590124,0.033732769848075786,16.84462798394912,analytic,converged,1,0.0,1.600012183189392e-06,d3c044325798,42,phase1
baseline_phase1_20260608T162505Z_d3c044325798,wing_000099,v15_a10,2026-06-08T16:25:05.731030+00:00,1.5313749904784668,0.4722271420492359,0.19987623835353235,0.42326291853146514,0.1903581407960019,-2.2860885170567173,NACA4412,0.5146211538824174,4.556962619532628,0.3544454415464564,15.0,10.0,1.225,0.9298165442593586,0.07824774104694383,11.882982586059907,analytic,converged,1,0.0,1.7999554984271526e-06,d3c044325798,42,phase1
baseline_phase1_20260608T162505Z_d3c044325798,wing_000099,v15_a15,2026-06-08T16:25:05.731039+00:00,1.5313749904784668,0.4722271420492359,0.19987623835353235,0.42326291853146514,0.1903581407960019,-2.2860885170567173,NACA4412,0.5146211538824174,4.556962619532628,0.3544454415464564,15.0,15.0,1.225,1.291417129559705,0.14425308659424133,8.95244018724005,analytic,converged,1,0.0,1.400010660290718e-06,d3c044325798,42,phase1
baseline_phase1_20260608T162505Z_d3c044325798,wing_000099,v20_a-5,2026-06-08T16:25:05.731049+00:00,1.5313749904784668,0.4722271420492359,0.19987623835353235,0.42326291853146514,0.1903581407960019,-2.2860885170567173,NACA4412,0.5146211538824174,4.556962619532628,0.3544454415464564,20.0,-5.0,1.225,-0.15498521164168022,0.009173950495627718,-16.89405362668414,analytic,converged,1,0.0,1.0000017937272787e-05,d3c044325798,42,phase1
baseline_phase1_20260608T162505Z_d3c044325798,wing_000099,v20_a0,2026-06-08T16:25:05.731058+00:00,1.5313749904784668,0.4722271420492359,0.19987623835353235,0.42326291853146514,0.1903581407960019,-2.2860885170567173,NACA4412,0.5146211538824174,4.556962619532628,0.3544454415464564,20.0,0.0,1.225,0.20661537365866608,0.010708172997637069,19.29510979176925,analytic,converged,1,0.0,1.9000144675374031e-06,d3c044325798,42,phase1
baseline_phase1_20260608T162505Z_d3c044325798,wing_000099,v20_a5,2026-06-08T16:25:05.731092+00:00,1.5313749904784668,0.4722271420492359,0.19987623835353235,0.42326291853146514,0.1903581407960019,-2.2860885170567173,NACA4412,0.5146211538824174,4.556962619532628,0.3544454415464564,20.0,5.0,1.225,0.5682159589590124,0.033732769848075786,16.84462798394912,analytic,converged,1,0.0,1.400010660290718e-06,d3c044325798,42,phase1
baseline_phase1_20260608T162505Z_d3c044325798,wing_000099,v20_a10,2026-06-08T16:25:05.731106+00:00,1.5313749904784668,0.4722271420492359,0.19987623835353235,0.42326291853146514,0.1903581407960019,-2.2860885170567173,NACA4412,0.5146211538824174,4.556962619532628,0.3544454415464564,20.0,10.0,1.225,0.9298165442593586,0.07824774104694383,11.882982586059907,analytic,converged,1,0.0,1.400010660290718e-06,d3c044325798,42,phase1
baseline_phase1_20260608T162505Z_d3c044325798,wing_000099,v20_a15,2026-06-08T16:25:05.731109+00:00,1.5313749904784668,0.4722271420492359,0.19987623835353235,0.42326291853146514,0.1903581407960019,-2.2860885170567173,NACA4412,0.5146211538824174,4.556962619532628,0.3544454415464564,20.0,15.0,1.225,1.291417129559705,0.14425308659424133,8.95244018724005,analytic,converged,1,0.0,1.600012183189392e-06,d3c044325798,42,phase1
baseline_phase1_20260608T162505Z_d3c044325798,wing_000099,v25_a-5,2026-06-08T16:25:05.731112+00:00,1.5313749904784668,0.4722271420492359,0.19987623835353235,0.42326291853146514,0.1903581407960019,-2.2860885170567173,NACA4412,0.5146211538824174,4.556962619532628,0.3544454415464564,25.0,-5.0,1.225,-0.15498521164168022,0.009173950495627718,-16.89405362668414,analytic,converged,1,0.0,1.500011421740055e-06,d3c044325798,42,phase1
baseline_phase1_20260608T162505Z_d3c044325798,wing_000099,v25_a0,2026-06-08T16:25:05.731115+00:00,1.5313749904784668,0.4722271420492359,0.19987623835353235,0.42326291853146514,0.1903581407960019,-2.2860885170567173,NACA4412,0.5146211538824174,4.556962619532628,0.3544454415464564,25.0,0.0,1.225,0.20661537365866608,0.010708172997637069,19.29510979176925,analytic,converged,1,0.0,1.5999539755284786e-06,d3c044325798,42,phase1
baseline_phase1_20260608T162505Z_d3c044325798,wing_000099,v25_a5,2026-06-08T16:25:05.731118+00:00,1.5313749904784668,0.4722271420492359,0.19987623835353235,0.42326291853146514,0.1903581407960019,-2.2860885170567173,NACA4412,0.5146211538824174,4.556962619532628,0.3544454415464564,25.0,5.0,1.225,0.5682159589590124,0.033732769848075786,16.84462798394912,analytic,converged,1,0.0,1.500011421740055e-06,d3c044325798,42,phase1
baseline_phase1_20260608T162505Z_d3c044325798,wing_000099,v25_a10,2026-06-08T16:25:05.731120+00:00,1.5313749904784668,0.4722271420492359,0.19987623835353235,0.42326291853146514,0.1903581407960019,-2.2860885170567173,NACA4412,0.5146211538824174,4.556962619532628,0.3544454415464564,25.0,10.0,1.225,0.9298165442593586,0.07824774104694383,11.882982586059907,analytic,converged,1,0.0,1.700012944638729e-06,d3c044325798,42,phase1
baseline_phase1_20260608T162505Z_d3c044325798,wing_000099,v25_a15,2026-06-08T16:25:05.731122+00:00,1.5313749904784668,0.4722271420492359,0.19987623835353235,0.42326291853146514,0.1903581407960019,-2.2860885170567173,NACA4412,0.5146211538824174,4.556962619532628,0.3544454415464564,25.0,15.0,1.225,1.291417129559705,0.14425308659424133,8.95244018724005,analytic,converged,1,0.0,1.3999524526298046e-06,d3c044325798,42,phase1
baseline_phase1_20260608T162505Z_d3c044325798,wing_000100,v15_a-5,2026-06-08T16:25:05.731127+00:00,1.1203617849902279,0.3486701793523572,0.07058166671730781,0.2024310391224475,6.4484205376399935,4.758081490725456,NACA4412,0.23485687331152907,5.344576514060539,0.24036847137204523,15.0,-5.0,1.225,0.10453970708848563,0.007965738459958361,13.123668020733897,analytic,converged,1,0.0,1.500011421740055e-06,d3c044325798,42,phase1
baseline_phase1_20260608T162505Z_d3c044325798,wing_000100,v15_a0,2026-06-08T16:25:05.731130+00:00,1.1203617849902279,0.3486701793523572,0.07058166671730781,0.2024310391224475,6.4484205376399935,4.758081490725456,NACA4412,0.23485687331152907,5.344576514060539,0.24036847137204523,15.0,0.0,1.225,0.4835702304432856,0.023584644264540905,20.50360501601141,analytic,converged,1,0.0,2.3999600671231747e-06,d3c044325798,42,phase1
baseline_phase1_20260608T162505Z_d3c044325798,wing_000100,v15_a5,2026-06-08T16:25:05.731132+00:00,1.1203617849902279,0.3486701793523572,0.07058166671730781,0.2024310391224475,6.4484205376399935,4.758081490725456,NACA4412,0.23485687331152907,5.344576514060539,0.24036847137204523,15.0,5.0,1.225,0.8626007537980857,0.05933598335595404,14.537565655959225,analytic,converged,1,0.0,1.600012183189392e-06,d3c044325798,42,phase1
baseline_phase1_20260608T162505Z_d3c044325798,wing_000100,v15_a10,2026-06-08T16:25:05.731135+00:00,1.1203617849902279,0.3486701793523572,0.07058166671730781,0.2024310391224475,6.4484205376399935,4.758081490725456,NACA4412,0.23485687331152907,5.344576514060539,0.24036847137204523,15.0,10.0,1.225,1.2416312771528857,0.11521975573419777,10.776201262023363,analytic,converged,1,0.0,1.600012183189392e-06,d3c044325798,42,phase1
baseline_phase1_20260608T162505Z_d3c044325798,wing_000100,v15_a15,2026-06-08T16:25:05.731137+00:00,1.1203617849902279,0.3486701793523572,0.07058166671730781,0.2024310391224475,6.4484205376399935,4.758081490725456,NACA4412,0.23485687331152907,5.344576514060539,0.24036847137204523,15.0,15.0,1.225,1.4,0.14453270491814374,9.686388978832793,analytic,stall_limited,1,0.0,1.5999539755284786e-06,d3c044325798,42,phase1
baseline_phase1_20260608T162505Z_d3c044325798,wing_000100,v20_a-5,2026-06-08T16:25:05.731140+00:00,1.1203617849902279,0.3486701793523572,0.07058166671730781,0.2024310391224475,6.4484205376399935,4.758081490725456,NACA4412,0.23485687331152907,5.344576514060539,0.24036847137204523,20.0,-5.0,1.225,0.10453970708848563,0.007965738459958361,13.123668020733897,analytic,converged,1,0.0,1.500011421740055e-06,d3c044325798,42,phase1
baseline_phase1_20260608T162505Z_d3c044325798,wing_000100,v20_a0,2026-06-08T16:25:05.731142+00:00,1.1203617849902279,0.3486701793523572,0.07058166671730781,0.2024310391224475,6.4484205376399935,4.758081490725456,NACA4412,0.23485687331152907,5.344576514060539,0.24036847137204523,20.0,0.0,1.225,0.4835702304432856,0.023584644264540905,20.50360501601141,analytic,converged,1,0.0,1.400010660290718e-06,d3c044325798,42,phase1
baseline_phase1_20260608T162505Z_d3c044325798,wing_000100,v20_a5,2026-06-08T16:25:05.731145+00:00,1.1203617849902279,0.3486701793523572,0.07058166671730781,0.2024310391224475,6.4484205376399935,4.758081490725456,NACA4412,0.23485687331152907,5.344576514060539,0.24036847137204523,20.0,5.0,1.225,0.8626007537980857,0.05933598335595404,14.537565655959225,analytic,converged,1,0.0,2.6999623514711857e-06,d3c044325798,42,phase1
baseline_phase1_20260608T162505Z_d3c044325798,wing_000100,v20_a10,2026-06-08T16:25:05.731147+00:00,1.1203617849902279,0.3486701793523572,0.07058166671730781,0.2024310391224475,6.4484205376399935,4.758081490725456,NACA4412,0.23485687331152907,5.344576514060539,0.24036847137204523,20.0,10.0,1.225,1.2416312771528857,0.11521975573419777,10.776201262023363,analytic,converged,1,0.0,1.600012183189392e-06,d3c044325798,42,phase1
baseline_phase1_20260608T162505Z_d3c044325798,wing_000100,v20_a15,2026-06-08T16:25:05.731150+00:00,1.1203617849902279,0.3486701793523572,0.07058166671730781,0.2024310391224475,6.4484205376399935,4.758081490725456,NACA4412,0.23485687331152907,5.344576514060539,0.24036847137204523,20.0,15.0,1.225,1.4,0.14453270491814374,9.686388978832793,analytic,stall_limited,1,0.0,1.5999539755284786e-06,d3c044325798,42,phase1
baseline_phase1_20260608T162505Z_d3c044325798,wing_000100,v25_a-5,2026-06-08T16:25:05.731152+00:00,1.1203617849902279,0.3486701793523572,0.07058166671730781,0.2024310391224475,6.4484205376399935,4.758081490725456,NACA4412,0.23485687331152907,5.344576514060539,0.24036847137204523,25.0,-5.0,1.225,0.10453970708848563,0.007965738459958361,13.123668020733897,analytic,converged,1,0.0,1.400010660290718e-06,d3c044325798,42,phase1
baseline_phase1_20260608T162505Z_d3c044325798,wing_000100,v25_a0,2026-06-08T16:25:05.731155+00:00,1.1203617849902279,0.3486701793523572,0.07058166671730781,0.2024310391224475,6.4484205376399935,4.758081490725456,NACA4412,0.23485687331152907,5.344576514060539,0.24036847137204523,25.0,0.0,1.225,0.4835702304432856,0.023584644264540905,20.50360501601141,analytic,converged,1,0.0,1.500011421740055e-06,d3c044325798,42,phase1
baseline_phase1_20260608T162505Z_d3c044325798,wing_000100,v25_a5,2026-06-08T16:25:05.731157+00:00,1.1203617849902279,0.3486701793523572,0.07058166671730781,0.2024310391224475,6.4484205376399935,4.758081490725456,NACA4412,0.23485687331152907,5.344576514060539,0.24036847137204523,25.0,5.0,1.225,0.8626007537980857,0.05933598335595404,14.537565655959225,analytic,converged,1,0.0,1.500011421740055e-06,d3c044325798,42,phase1
baseline_phase1_20260608T162505Z_d3c044325798,wing_000100,v25_a10,2026-06-08T16:25:05.731159+00:00,1.1203617849902279,0.3486701793523572,0.07058166671730781,0.2024310391224475,6.4484205376399935,4.758081490725456,NACA4412,0.23485687331152907,5.344576514060539,0.24036847137204523,25.0,10.0,1.225,1.2416312771528857,0.11521975573419777,10.776201262023363,analytic,converged,1,0.0,1.500011421740055e-06,d3c044325798,42,phase1
baseline_phase1_20260608T162505Z_d3c044325798,wing_000100,v25_a15,2026-06-08T16:25:05.731162+00:00,1.1203617849902279,0.3486701793523572,0.07058166671730781,0.2024310391224475,6.4484205376399935,4.758081490725456,NACA4412,0.23485687331152907,5.344576514060539,0.24036847137204523,25.0,15.0,1.225,1.4,0.14453270491814374,9.686388978832793,analytic,stall_limited,1,0.0,1.500011421740055e-06,d3c044325798,42,phase1
baseline_phase1_20260608T162505Z_d3c044325798,wing_000101,v15_a-5,2026-06-08T16:25:05.731164+00:00,1.1151896801105903,0.40819427943375974,0.2592321212399581,0.6350704414563588,18.175220252530163,2.5082437087587355,NACA4412,0.372153517132343,3.3417607663852924,0.33925431681835566,15.0,-5.0,1.225,0.015864362107736795,0.007228203374486372,2.19478635088406,analytic,converged,1,0.0,1.500011421740055e-06,d3c044325798,42,phase1
baseline_phase1_20260608T162505Z_d3c044325798,wing_000101,v15_a0,2026-06-08T16:25:05.731167+00:00,1.1151896801105903,0.40819427943375974,0.2592321212399581,0.6350704414563588,18.175220252530163,2.5082437087587355,NACA4412,0.372153517132343,3.3417607663852924,0.33925431681835566,15.0,0.0,1.225,0.32800520781503983,0.019256390996684226,17.03357643036638,analytic,converged,1,0.0,1.800013706088066e-06,d3c044325798,42,phase1
baseline_phase1_20260608T162505Z_d3c044325798,wing_000101,v15_a5,2026-06-08T16:25:05.731169+00:00,1.1151896801105903,0.40819427943375974,0.2592321212399581,0.6350704414563588,18.175220252530163,2.5082437087587355,NACA4412,0.372153517132343,3.3417607663852924,0.33925431681835566,15.0,5.0,1.225,0.6401460535223429,0.05312128058446807,12.050651762892793,analytic,converged,1,0.0,1.3999524526298046e-06,d3c044325798,42,phase1
baseline_phase1_20260608T162505Z_d3c044325798,wing_000101,v15_a10,2026-06-08T16:25:05.731172+00:00,1.1151896801105903,0.40819427943375974,0.2592321212399581,0.6350704414563588,18.175220252530163,2.5082437087587355,NACA4412,0.372153517132343,3.3417607663852924,0.33925431681835566,15.0,10.0,1.225,0.9522868992296459,0.10882287213783791,8.750797332599845,analytic,converged,1,0.0,1.400010660290718e-06,d3c044325798,42,phase1
baseline_phase1_20260608T162505Z_d3c044325798,wing_000101,v15_a15,2026-06-08T16:25:05.731174+00:00,1.1151896801105903,0.40819427943375974,0.2592321212399581,0.6350704414563588,18.175220252530163,2.5082437087587355,NACA4412,0.372153517132343,3.3417607663852924,0.33925431681835566,15.0,15.0,1.225,1.264427744936949,0.18636116565679373,6.784824190601722,analytic,converged,1,0.0,1.300009898841381e-06,d3c044325798,42,phase1
baseline_phase1_20260608T162505Z_d3c044325798,wing_000101,v20_a-5,2026-06-08T16:25:05.731177+00:00,1.1151896801105903,0.40819427943375974,0.2592321212399581,0.6350704414563588,18.175220252530163,2.5082437087587355,NACA4412,0.372153517132343,3.3417607663852924,0.33925431681835566,20.0,-5.0,1.225,0.015864362107736795,0.007228203374486372,2.19478635088406,analytic,converged,1,0.0,1.2999516911804676e-06,d3c044325798,42,phase1
baseline_phase1_20260608T162505Z_d3c044325798,wing_000101,v20_a0,2026-06-08T16:25:05.731179+00:00,1.1151896801105903,0.40819427943375974,0.2592321212399581,0.6350704414563588,18.175220252530163,2.5082437087587355,NACA4412,0.372153517132343,3.3417607663852924,0.33925431681835566,20.0,0.0,1.225,0.32800520781503983,0.019256390996684226,17.03357643036638,analytic,converged,1,0.0,2.500019036233425e-06,d3c044325798,42,phase1
baseline_phase1_20260608T162505Z_d3c044325798,wing_000101,v20_a5,2026-06-08T16:25:05.731181+00:00,1.1151896801105903,0.40819427943375974,0.2592321212399581,0.6350704414563588,18.175220252530163,2.5082437087587355,NACA4412,0.372153517132343,3.3417607663852924,0.33925431681835566,20.0,5.0,1.225,0.6401460535223429,0.05312128058446807,12.050651762892793,analytic,converged,1,0.0,1.500011421740055e-06,d3c044325798,42,phase1
baseline_phase1_20260608T162505Z_d3c044325798,wing_000101,v20_a10,2026-06-08T16:25:05.731184+00:00,1.1151896801105903,0.40819427943375974,0.2592321212399581,0.6350704414563588,18.175220252530163,2.5082437087587355,NACA4412,0.372153517132343,3.3417607663852924,0.33925431681835566,20.0,10.0,1.225,0.9522868992296459,0.10882287213783791,8.750797332599845,analytic,converged,1,0.0,1.600012183189392e-06,d3c044325798,42,phase1
baseline_phase1_20260608T162505Z_d3c044325798,wing_000101,v20_a15,2026-06-08T16:25:05.731186+00:00,1.1151896801105903,0.40819427943375974,0.2592321212399581,0.6350704414563588,18.175220252530163,2.5082437087587355,NACA4412,0.372153517132343,3.3417607663852924,0.33925431681835566,20.0,15.0,1.225,1.264427744936949,0.18636116565679373,6.784824190601722,analytic,converged,1,0.0,1.400010660290718e-06,d3c044325798,42,phase1
baseline_phase1_20260608T162505Z_d3c044325798,wing_000101,v25_a-5,2026-06-08T16:25:05.731188+00:00,1.1151896801105903,0.40819427943375974,0.2592321212399581,0.6350704414563588,18.175220252530163,2.5082437087587355,NACA4412,0.372153517132343,3.3417607663852924,0.33925431681835566,25.0,-5.0,1.225,0.015864362107736795,0.007228203374486372,2.19478635088406,analytic,converged,1,0.0,1.4999532140791416e-06,d3c044325798,42,phase1
baseline_phase1_20260608T162505Z_d3c044325798,wing_000101,v25_a0,2026-06-08T16:25:05.731191+00:00,1.1151896801105903,0.40819427943375974,0.2592321212399581,0.6350704414563588,18.175220252530163,2.5082437087587355,NACA4412,0.372153517132343,3.3417607663852924,0.33925431681835566,25.0,0.0,1.225,0.32800520781503983,0.019256390996684226,17.03357643036638,analytic,converged,1,0.0,1.600012183189392e-06,d3c044325798,42,phase1
baseline_phase1_20260608T162505Z_d3c044325798,wing_000101,v25_a5,2026-06-08T16:25:05.731193+00:00,1.1151896801105903,0.40819427943375974,0.2592321212399581,0.6350704414563588,18.175220252530163,2.5082437087587355,NACA4412,0.372153517132343,3.3417607663852924,0.33925431681835566,25.0,5.0,1.225,0.6401460535223429,0.05312128058446807,12.050651762892793,analytic,converged,1,0.0,1.400010660290718e-06,d3c044325798,42,phase1
baseline_phase1_20260608T162505Z_d3c044325798,wing_000101,v25_a10,2026-06-08T16:25:05.731195+00:00,1.1151896801105903,0.40819427943375974,0.2592321212399581,0.6350704414563588,18.175220252530163,2.5082437087587355,NACA4412,0.372153517132343,3.3417607663852924,0.33925431681835566,25.0,10.0,1.225,0.9522868992296459,0.10882287213783791,8.750797332599845,analytic,converged,1,0.0,1.7999554984271526e-06,d3c044325798,42,phase1
baseline_phase1_20260608T162505Z_d3c044325798,wing_000101,v25_a15,2026-06-08T16:25:05.731198+00:00,1.1151896801105903,0.40819427943375974,0.2592321212399581,0.6350704414563588,18.175220252530163,2.5082437087587355,NACA4412,0.372153517132343,3.3417607663852924,0.33925431681835566,25.0,15.0,1.225,1.264427744936949,0.18636116565679373,6.784824190601722,analytic,converged,1,0.0,1.400010660290718e-06,d3c044325798,42,phase1
baseline_phase1_20260608T162505Z_d3c044325798,wing_000102,v15_a-5,2026-06-08T16:25:05.731200+00:00,1.7512692675226096,0.3543282366100624,0.257394050799166,0.7264282780895831,1.5285260177959095,-1.0684631865148475,NACA0012,0.5356452210992073,5.725700382569354,0.30842119330343254,15.0,-5.0,1.225,-0.4300265723537743,0.019294646189893502,-22.2873520520434,analytic,converged,1,0.0,1.700012944638729e-06,d3c044325798,42,phase1
baseline_phase1_20260608T162505Z_d3c044325798,wing_000102,v15_a0,2026-06-08T16:25:05.731317+00:00,1.7512692675226096,0.3543282366100624,0.257394050799166,0.7264282780895831,1.5285260177959095,-1.0684631865148475,NACA0012,0.5356452210992073,5.725700382569354,0.30842119330343254,15.0,0.0,1.225,-0.041511414370782665,0.007312703562737035,-5.676616591203044,analytic,converged,1,0.0,1.4999532140791416e-06,d3c044325798,42,phase1
baseline_phase1_20260608T162505Z_d3c044325798,wing_000102,v15_a5,2026-06-08T16:25:05.731352+00:00,1.7512692675226096,0.3543282366100624,0.257394050799166,0.7264282780895831,1.5285260177959095,-1.0684631865148475,NACA0012,0.5356452210992073,5.725700382569354,0.30842119330343254,15.0,5.0,1.225,0.347003743612209,0.015075368851769914,23.017927257645123,analytic,converged,1,0.0,1.600012183189392e-06,d3c044325798,42,phase1
baseline_phase1_20260608T162505Z_d3c044325798,wing_000102,v15_a10,2026-06-08T16:25:05.731358+00:00,1.7512692675226096,0.3543282366100624,0.257394050799166,0.7264282780895831,1.5285260177959095,-1.0684631865148475,NACA0012,0.5356452210992073,5.725700382569354,0.30842119330343254,15.0,10.0,1.225,0.7355189015952007,0.04258264205699215,17.27273992559668,analytic,converged,1,0.0,1.400010660290718e-06,d3c044325798,42,phase1
baseline_phase1_20260608T162505Z_d3c044325798,wing_000102,v15_a15,2026-06-08T16:25:05.731361+00:00,1.7512692675226096,0.3543282366100624,0.257394050799166,0.7264282780895831,1.5285260177959095,-1.0684631865148475,NACA0012,0.5356452210992073,5.725700382569354,0.30842119330343254,15.0,15.0,1.225,1.1240340595781924,0.08983452317840372,12.51227278566344,analytic,converged,1,0.0,2.500019036233425e-06,d3c044325798,42,phase1
baseline_phase1_20260608T162505Z_d3c044325798,wing_000102,v20_a-5,2026-06-08T16:25:05.731364+00:00,1.7512692675226096,0.3543282366100624,0.257394050799166,0.7264282780895831,1.5285260177959095,-1.0684631865148475,NACA0012,0.5356452210992073,5.725700382569354,0.30842119330343254,20.0,-5.0,1.225,-0.4300265723537743,0.019294646189893502,-22.2873520520434,analytic,converged,1,0.0,1.600012183189392e-06,d3c044325798,42,phase1
baseline_phase1_20260608T162505Z_d3c044325798,wing_000102,v20_a0,2026-06-08T16:25:05.731367+00:00,1.7512692675226096,0.3543282366100624,0.257394050799166,0.7264282780895831,1.5285260177959095,-1.0684631865148475,NACA0012,0.5356452210992073,5.725700382569354,0.30842119330343254,20.0,0.0,1.225,-0.041511414370782665,0.007312703562737035,-5.676616591203044,analytic,converged,1,0.0,1.400010660290718e-06,d3c044325798,42,phase1
baseline_phase1_20260608T162505Z_d3c044325798,wing_000102,v20_a5,2026-06-08T16:25:05.731369+00:00,1.7512692675226096,0.3543282366100624,0.257394050799166,0.7264282780895831,1.5285260177959095,-1.0684631865148475,NACA0012,0.5356452210992073,5.725700382569354,0.30842119330343254,20.0,5.0,1.225,0.347003743612209,0.015075368851769914,23.017927257645123,analytic,converged,1,0.0,1.400010660290718e-06,d3c044325798,42,phase1
baseline_phase1_20260608T162505Z_d3c044325798,wing_000102,v20_a10,2026-06-08T16:25:05.731372+00:00,1.7512692675226096,0.3543282366100624,0.257394050799166,0.7264282780895831,1.5285260177959095,-1.0684631865148475,NACA0012,0.5356452210992073,5.725700382569354,0.30842119330343254,20.0,10.0,1.225,0.7355189015952007,0.04258264205699215,17.27273992559668,analytic,converged,1,0.0,1.400010660290718e-06,d3c044325798,42,phase1
baseline_phase1_20260608T162505Z_d3c044325798,wing_000102,v20_a15,2026-06-08T16:25:05.731374+00:00,1.7512692675226096,0.3543282366100624,0.257394050799166,0.7264282780895831,1.5285260177959095,-1.0684631865148475,NACA0012,0.5356452210992073,5.725700382569354,0.30842119330343254,20.0,15.0,1.225,1.1240340595781924,0.08983452317840372,12.51227278566344,analytic,converged,1,0.0,1.500011421740055e-06,d3c044325798,42,phase1
baseline_phase1_20260608T162505Z_d3c044325798,wing_000102,v25_a-5,2026-06-08T16:25:05.731377+00:00,1.7512692675226096,0.3543282366100624,0.257394050799166,0.7264282780895831,1.5285260177959095,-1.0684631865148475,NACA0012,0.5356452210992073,5.725700382569354,0.30842119330343254,25.0,-5.0,1.225,-0.4300265723537743,0.019294646189893502,-22.2873520520434,analytic,converged,1,0.0,1.500011421740055e-06,d3c044325798,42,phase1
baseline_phase1_20260608T162505Z_d3c044325798,wing_000102,v25_a0,2026-06-08T16:25:05.731379+00:00,1.7512692675226096,0.3543282366100624,0.257394050799166,0.7264282780895831,1.5285260177959095,-1.0684631865148475,NACA0012,0.5356452210992073,5.725700382569354,0.30842119330343254,25.0,0.0,1.225,-0.041511414370782665,0.007312703562737035,-5.676616591203044,analytic,converged,1,0.0,1.300009898841381e-06,d3c044325798,42,phase1
baseline_phase1_20260608T162505Z_d3c044325798,wing_000102,v25_a5,2026-06-08T16:25:05.731381+00:00,1.7512692675226096,0.3543282366100624,0.257394050799166,0.7264282780895831,1.5285260177959095,-1.0684631865148475,NACA0012,0.5356452210992073,5.725700382569354,0.30842119330343254,25.0,5.0,1.225,0.347003743612209,0.015075368851769914,23.017927257645123,analytic,converged,1,0.0,1.400010660290718e-06,d3c044325798,42,phase1
baseline_phase1_20260608T162505Z_d3c044325798,wing_000102,v25_a10,2026-06-08T16:25:05.731384+00:00,1.7512692675226096,0.3543282366100624,0.257394050799166,0.7264282780895831,1.5285260177959095,-1.0684631865148475,NACA0012,0.5356452210992073,5.725700382569354,0.30842119330343254,25.0,10.0,1.225,0.7355189015952007,0.04258264205699215,17.27273992559668,analytic,converged,1,0.0,1.400010660290718e-06,d3c044325798,42,phase1
baseline_phase1_20260608T162505Z_d3c044325798,wing_000102,v25_a15,2026-06-08T16:25:05.731388+00:00,1.7512692675226096,0.3543282366100624,0.257394050799166,0.7264282780895831,1.5285260177959095,-1.0684631865148475,NACA0012,0.5356452210992073,5.725700382569354,0.30842119330343254,25.0,15.0,1.225,1.1240340595781924,0.08983452317840372,12.51227278566344,analytic,converged,1,0.0,1.600012183189392e-06,d3c044325798,42,phase1
baseline_phase1_20260608T162505Z_d3c044325798,wing_000103,v15_a-5,2026-06-08T16:25:05.731391+00:00,1.1729840645007115,0.3193607966661193,0.2856580348423651,0.8944680681674613,3.683438374359479,-3.788649965574052,NACA4412,0.3548387240411465,3.8775125778353976,0.3028223195558524,15.0,-5.0,1.225,-0.1972781245516396,0.010958684279441851,-18.0019899762718,analytic,converged,1,0.0,1.500011421740055e-06,d3c044325798,42,phase1
baseline_phase1_20260608T162505Z_d3c044325798,wing_000103,v15_a0,2026-06-08T16:25:05.731393+00:00,1.1729840645007115,0.3193607966661193,0.2856580348423651,0.8944680681674613,3.683438374359479,-3.788649965574052,NACA4412,0.3548387240411465,3.8775125778353976,0.3028223195558524,15.0,0.0,1.225,0.14352348847537266,0.009189408411573369,15.618359969137472,analytic,converged,1,0.0,1.400010660290718e-06,d3c044325798,42,phase1
baseline_phase1_20260608T162505Z_d3c044325798,wing_000103,v15_a5,2026-06-08T16:25:05.731395+00:00,1.1729840645007115,0.3193607966661193,0.2856580348423651,0.8944680681674613,3.683438374359479,-3.788649965574052,NACA4412,0.3548387240411465,3.8775125778353976,0.3028223195558524,15.0,5.0,1.225,0.48432510150238495,0.02985436756685158,16.222922840949717,analytic,converged,1,0.0,1.4999532140791416e-06,d3c044325798,42,phase1
baseline_phase1_20260608T162505Z_d3c044325798,wing_000103,v15_a10,2026-06-08T16:25:05.731398+00:00,1.1729840645007115,0.3193607966661193,0.2856580348423651,0.8944680681674613,3.683438374359479,-3.788649965574052,NACA4412,0.3548387240411465,3.8775125778353976,0.3028223195558524,15.0,10.0,1.225,0.8251267145293972,0.07295356174527648,11.310300618500257,analytic,converged,1,0.0,1.800013706088066e-06,d3c044325798,42,phase1
baseline_phase1_20260608T162505Z_d3c044325798,wing_000103,v15_a15,2026-06-08T16:25:05.731400+00:00,1.1729840645007115,0.3193607966661193,0.2856580348423651,0.8944680681674613,3.683438374359479,-3.788649965574052,NACA4412,0.3548387240411465,3.8775125778353976,0.3028223195558524,15.0,15.0,1.225,1.1659283275564094,0.13848699094684808,8.419045858277748,analytic,converged,1,0.0,1.500011421740055e-06,d3c044325798,42,phase1
baseline_phase1_20260608T162505Z_d3c044325798,wing_000103,v20_a-5,2026-06-08T16:25:05.731402+00:00,1.1729840645007115,0.3193607966661193,0.2856580348423651,0.8944680681674613,3.683438374359479,-3.788649965574052,NACA4412,0.3548387240411465,3.8775125778353976,0.3028223195558524,20.0,-5.0,1.225,-0.1972781245516396,0.010958684279441851,-18.0019899762718,analytic,converged,1,0.0,1.3999524526298046e-06,d3c044325798,42,phase1
baseline_phase1_20260608T162505Z_d3c044325798,wing_000103,v20_a0,2026-06-08T16:25:05.731406+00:00,1.1729840645007115,0.3193607966661193,0.2856580348423651,0.8944680681674613,3.683438374359479,-3.788649965574052,NACA4412,0.3548387240411465,3.8775125778353976,0.3028223195558524,20.0,0.0,1.225,0.14352348847537266,0.009189408411573369,15.618359969137472,analytic,converged,1,0.0,1.400010660290718e-06,d3c044325798,42,phase1
baseline_phase1_20260608T162505Z_d3c044325798,wing_000103,v20_a5,2026-06-08T16:25:05.731409+00:00,1.1729840645007115,0.3193607966661193,0.2856580348423651,0.8944680681674613,3.683438374359479,-3.788649965574052,NACA4412,0.3548387240411465,3.8775125778353976,0.3028223195558524,20.0,5.0,1.225,0.48432510150238495,0.02985436756685158,16.222922840949717,analytic,converged,1,0.0,1.400010660290718e-06,d3c044325798,42,phase1
baseline_phase1_20260608T162505Z_d3c044325798,wing_000103,v20_a10,2026-06-08T16:25:05.731411+00:00,1.1729840645007115,0.3193607966661193,0.2856580348423651,0.8944680681674613,3.683438374359479,-3.788649965574052,NACA4412,0.3548387240411465,3.8775125778353976,0.3028223195558524,20.0,10.0,1.225,0.8251267145293972,0.07295356174527648,11.310300618500257,analytic,converged,1,0.0,2.2999593056738377e-06,d3c044325798,42,phase1
baseline_phase1_20260608T162505Z_d3c044325798,wing_000103,v20_a15,2026-06-08T16:25:05.731413+00:00,1.1729840645007115,0.3193607966661193,0.2856580348423651,0.8944680681674613,3.683438374359479,-3.788649965574052,NACA4412,0.3548387240411465,3.8775125778353976,0.3028223195558524,20.0,15.0,1.225,1.1659283275564094,0.13848699094684808,8.419045858277748,analytic,converged,1,0.0,1.500011421740055e-06,d3c044325798,42,phase1
baseline_phase1_20260608T162505Z_d3c044325798,wing_000103,v25_a-5,2026-06-08T16:25:05.731416+00:00,1.1729840645007115,0.3193607966661193,0.2856580348423651,0.8944680681674613,3.683438374359479,-3.788649965574052,NACA4412,0.3548387240411465,3.8775125778353976,0.3028223195558524,25.0,-5.0,1.225,-0.1972781245516396,0.010958684279441851,-18.0019899762718,analytic,converged,1,0.0,1.8999562598764896e-06,d3c044325798,42,phase1
baseline_phase1_20260608T162505Z_d3c044325798,wing_000103,v25_a0,2026-06-08T16:25:05.731418+00:00,1.1729840645007115,0.3193607966661193,0.2856580348423651,0.8944680681674613,3.683438374359479,-3.788649965574052,NACA4412,0.3548387240411465,3.8775125778353976,0.3028223195558524,25.0,0.0,1.225,0.14352348847537266,0.009189408411573369,15.618359969137472,analytic,converged,1,0.0,1.500011421740055e-06,d3c044325798,42,phase1
baseline_phase1_20260608T162505Z_d3c044325798,wing_000103,v25_a5,2026-06-08T16:25:05.731421+00:00,1.1729840645007115,0.3193607966661193,0.2856580348423651,0.8944680681674613,3.683438374359479,-3.788649965574052,NACA4412,0.3548387240411465,3.8775125778353976,0.3028223195558524,25.0,5.0,1.225,0.48432510150238495,0.02985436756685158,16.222922840949717,analytic,converged,1,0.0,1.600012183189392e-06,d3c044325798,42,phase1
baseline_phase1_20260608T162505Z_d3c044325798,wing_000103,v25_a10,2026-06-08T16:25:05.731424+00:00,1.1729840645007115,0.3193607966661193,0.2856580348423651,0.8944680681674613,3.683438374359479,-3.788649965574052,NACA4412,0.3548387240411465,3.8775125778353976,0.3028223195558524,25.0,10.0,1.225,0.8251267145293972,0.07295356174527648,11.310300618500257,analytic,converged,1,0.0,1.500011421740055e-06,d3c044325798,42,phase1
baseline_phase1_20260608T162505Z_d3c044325798,wing_000103,v25_a15,2026-06-08T16:25:05.731426+00:00,1.1729840645007115,0.3193607966661193,0.2856580348423651,0.8944680681674613,3.683438374359479,-3.788649965574052,NACA4412,0.3548387240411465,3.8775125778353976,0.3028223195558524,25.0,15.0,1.225,1.1659283275564094,0.13848699094684808,8.419045858277748,analytic,converged,1,0.0,1.500011421740055e-06,d3c044325798,42,phase1
baseline_phase1_20260608T162505Z_d3c044325798,wing_000104,v15_a-5,2026-06-08T16:25:05.731428+00:00,1.2663959144369517,0.29415882275192273,0.22002289072299297,0.7479731141994272,3.2461445203579062,-1.0865375308715808,NACA2412,0.32557881061141225,4.925869128555591,0.2588723723228898,15.0,-5.0,1.225,-0.26267075553967056,0.012445317471877784,-21.10599075782661,analytic,converged,1,0.0,1.400010660290718e-06,d3c044325798,42,phase1
baseline_phase1_20260608T162505Z_d3c044325798,wing_000104,v15_a0,2026-06-08T16:25:05.731431+00:00,1.2663959144369517,0.29415882275192273,0.22002289072299297,0.7479731141994272,3.2461445203579062,-1.0865375308715808,NACA2412,0.32557881061141225,4.925869128555591,0.2588723723228898,15.0,0.0,1.225,0.10799087490450547,0.008086589230835764,13.354316859908614,analytic,converged,1,0.0,1.400010660290718e-06,d3c044325798,42,phase1
baseline_phase1_20260608T162505Z_d3c044325798,wing_000104,v15_a5,2026-06-08T16:25:05.731433+00:00,1.2663959144369517,0.29415882275192273,0.22002289072299297,0.7479731141994272,3.2461445203579062,-1.0865375308715808,NACA2412,0.32557881061141225,4.925869128555591,0.2588723723228898,15.0,5.0,1.225,0.4786525053486814,0.024617627775926305,19.44348617606275,analytic,converged,1,0.0,1.400010660290718e-06,d3c044325798,42,phase1
baseline_phase1_20260608T162505Z_d3c044325798,wing_000104,v15_a10,2026-06-08T16:25:05.731436+00:00,1.2663959144369517,0.29415882275192273,0.22002289072299297,0.7479731141994272,3.2461445203579062,-1.0865375308715808,NACA2412,0.32557881061141225,4.925869128555591,0.2588723723228898,15.0,10.0,1.225,0.8493141357928574,0.062038433107149425,13.690128735617291,analytic,converged,1,0.0,1.400010660290718e-06,d3c044325798,42,phase1
baseline_phase1_20260608T162505Z_d3c044325798,wing_000104,v15_a15,2026-06-08T16:25:05.731438+00:00,1.2663959144369517,0.29415882275192273,0.22002289072299297,0.7479731141994272,3.2461445203579062,-1.0865375308715808,NACA2412,0.32557881061141225,4.925869128555591,0.2588723723228898,15.0,15.0,1.225,1.2199757662370334,0.12034900522450512,10.136982553044199,analytic,converged,1,0.0,1.500011421740055e-06,d3c044325798,42,phase1
baseline_phase1_20260608T162505Z_d3c044325798,wing_000104,v20_a-5,2026-06-08T16:25:05.731441+00:00,1.2663959144369517,0.29415882275192273,0.22002289072299297,0.7479731141994272,3.2461445203579062,-1.0865375308715808,NACA2412,0.32557881061141225,4.925869128555591,0.2588723723228898,20.0,-5.0,1.225,-0.26267075553967056,0.012445317471877784,-21.10599075782661,analytic,converged,1,0.0,1.500011421740055e-06,d3c044325798,42,phase1
baseline_phase1_20260608T162505Z_d3c044325798,wing_000104,v20_a0,2026-06-08T16:25:05.731443+00:00,1.2663959144369517,0.29415882275192273,0.22002289072299297,0.7479731141994272,3.2461445203579062,-1.0865375308715808,NACA2412,0.32557881061141225,4.925869128555591,0.2588723723228898,20.0,0.0,1.225,0.10799087490450547,0.008086589230835764,13.354316859908614,analytic,converged,1,0.0,2.3999600671231747e-06,d3c044325798,42,phase1
baseline_phase1_20260608T162505Z_d3c044325798,wing_000104,v20_a5,2026-06-08T16:25:05.731445+00:00,1.2663959144369517,0.29415882275192273,0.22002289072299297,0.7479731141994272,3.2461445203579062,-1.0865375308715808,NACA2412,0.32557881061141225,4.925869128555591,0.2588723723228898,20.0,5.0,1.225,0.4786525053486814,0.024617627775926305,19.44348617606275,analytic,converged,1,0.0,1.600012183189392e-06,d3c044325798,42,phase1
baseline_phase1_20260608T162505Z_d3c044325798,wing_000104,v20_a10,2026-06-08T16:25:05.731448+00:00,1.2663959144369517,0.29415882275192273,0.22002289072299297,0.7479731141994272,3.2461445203579062,-1.0865375308715808,NACA2412,0.32557881061141225,4.925869128555591,0.2588723723228898,20.0,10.0,1.225,0.8493141357928574,0.062038433107149425,13.690128735617291,analytic,converged,1,0.0,1.500011421740055e-06,d3c044325798,42,phase1
baseline_phase1_20260608T162505Z_d3c044325798,wing_000104,v20_a15,2026-06-08T16:25:05.731450+00:00,1.2663959144369517,0.29415882275192273,0.22002289072299297,0.7479731141994272,3.2461445203579062,-1.0865375308715808,NACA2412,0.32557881061141225,4.925869128555591,0.2588723723228898,20.0,15.0,1.225,1.2199757662370334,0.12034900522450512,10.136982553044199,analytic,converged,1,0.0,1.300009898841381e-06,d3c044325798,42,phase1
baseline_phase1_20260608T162505Z_d3c044325798,wing_000104,v25_a-5,2026-06-08T16:25:05.731452+00:00,1.2663959144369517,0.29415882275192273,0.22002289072299297,0.7479731141994272,3.2461445203579062,-1.0865375308715808,NACA2412,0.32557881061141225,4.925869128555591,0.2588723723228898,25.0,-5.0,1.225,-0.26267075553967056,0.012445317471877784,-21.10599075782661,analytic,converged,1,0.0,1.500011421740055e-06,d3c044325798,42,phase1
baseline_phase1_20260608T162505Z_d3c044325798,wing_000104,v25_a0,2026-06-08T16:25:05.731455+00:00,1.2663959144369517,0.29415882275192273,0.22002289072299297,0.7479731141994272,3.2461445203579062,-1.0865375308715808,NACA2412,0.32557881061141225,4.925869128555591,0.2588723723228898,25.0,0.0,1.225,0.10799087490450547,0.008086589230835764,13.354316859908614,analytic,converged,1,0.0,2.2999593056738377e-06,d3c044325798,42,phase1
baseline_phase1_20260608T162505Z_d3c044325798,wing_000104,v25_a5,2026-06-08T16:25:05.731457+00:00,1.2663959144369517,0.29415882275192273,0.22002289072299297,0.7479731141994272,3.2461445203579062,-1.0865375308715808,NACA2412,0.32557881061141225,4.925869128555591,0.2588723723228898,25.0,5.0,1.225,0.4786525053486814,0.024617627775926305,19.44348617606275,analytic,converged,1,0.0,1.400010660290718e-06,d3c044325798,42,phase1
baseline_phase1_20260608T162505Z_d3c044325798,wing_000104,v25_a10,2026-06-08T16:25:05.731459+00:00,1.2663959144369517,0.29415882275192273,0.22002289072299297,0.7479731141994272,3.2461445203579062,-1.0865375308715808,NACA2412,0.32557881061141225,4.925869128555591,0.2588723723228898,25.0,10.0,1.225,0.8493141357928574,0.062038433107149425,13.690128735617291,analytic,converged,1,0.0,1.400010660290718e-06,d3c044325798,42,phase1
baseline_phase1_20260608T162505Z_d3c044325798,wing_000104,v25_a15,2026-06-08T16:25:05.731462+00:00,1.2663959144369517,0.29415882275192273,0.22002289072299297,0.7479731141994272,3.2461445203579062,-1.0865375308715808,NACA2412,0.32557881061141225,4.925869128555591,0.2588723723228898,25.0,15.0,1.225,1.2199757662370334,0.12034900522450512,10.136982553044199,analytic,converged,1,0.0,1.3999524526298046e-06,d3c044325798,42,phase1
baseline_phase1_20260608T162505Z_d3c044325798,wing_000105,v15_a-5,2026-06-08T16:25:05.731464+00:00,1.1991093426776849,0.46394872620777494,0.06233008728232407,0.13434693051492536,20.90863506623795,-4.416332699605555,NACA2412,0.31553292105465225,4.556935646812787,0.31422054694355067,15.0,-5.0,1.225,-0.3599238289596129,0.017845829508273302,-20.168512132918938,analytic,converged,1,0.0,1.600012183189392e-06,d3c044325798,42,phase1
baseline_phase1_20260608T162505Z_d3c044325798,wing_000105,v15_a0,2026-06-08T16:25:05.731466+00:00,1.1991093426776849,0.46394872620777494,0.06233008728232407,0.13434693051492536,20.90863506623795,-4.416332699605555,NACA2412,0.31553292105465225,4.556935646812787,0.31422054694355067,15.0,0.0,1.225,-0.014385874922063337,0.00721700712352673,-1.993329738468292,analytic,converged,1,0.0,1.400010660290718e-06,d3c044325798,42,phase1
baseline_phase1_20260608T162505Z_d3c044325798,wing_000105,v15_a5,2026-06-08T16:25:05.731469+00:00,1.1991093426776849,0.46394872620777494,0.06233008728232407,0.13434693051492536,20.90863506623795,-4.416332699605555,NACA2412,0.31553292105465225,4.556935646812787,0.31422054694355067,15.0,5.0,1.225,0.33115207911548633,0.016211835969659347,20.426562403866015,analytic,converged,1,0.0,1.4999532140791416e-06,d3c044325798,42,phase1
baseline_phase1_20260608T162505Z_d3c044325798,wing_000105,v15_a10,2026-06-08T16:25:05.731471+00:00,1.1991093426776849,0.46394872620777494,0.06233008728232407,0.13434693051492536,20.90863506623795,-4.416332699605555,NACA2412,0.31553292105465225,4.556935646812787,0.31422054694355067,15.0,10.0,1.225,0.6766900331530359,0.04483031604667114,15.094473847754264,analytic,converged,1,0.0,1.500011421740055e-06,d3c044325798,42,phase1
baseline_phase1_20260608T162505Z_d3c044325798,wing_000105,v15_a15,2026-06-08T16:25:05.731474+00:00,1.1991093426776849,0.46394872620777494,0.06233008728232407,0.13434693051492536,20.90863506623795,-4.416332699605555,NACA2412,0.31553292105465225,4.556935646812787,0.31422054694355067,15.0,15.0,1.225,1.0222279871905855,0.09307244735456213,10.98314287682131,analytic,converged,1,0.0,1.600012183189392e-06,d3c044325798,42,phase1
baseline_phase1_20260608T162505Z_d3c044325798,wing_000105,v20_a-5,2026-06-08T16:25:05.731476+00:00,1.1991093426776849,0.46394872620777494,0.06233008728232407,0.13434693051492536,20.90863506623795,-4.416332699605555,NACA2412,0.31553292105465225,4.556935646812787,0.31422054694355067,20.0,-5.0,1.225,-0.3599238289596129,0.017845829508273302,-20.168512132918938,analytic,converged,1,0.0,1.500011421740055e-06,d3c044325798,42,phase1
baseline_phase1_20260608T162505Z_d3c044325798,wing_000105,v20_a0,2026-06-08T16:25:05.731478+00:00,1.1991093426776849,0.46394872620777494,0.06233008728232407,0.13434693051492536,20.90863506623795,-4.416332699605555,NACA2412,0.31553292105465225,4.556935646812787,0.31422054694355067,20.0,0.0,1.225,-0.014385874922063337,0.00721700712352673,-1.993329738468292,analytic,converged,1,0.0,1.500011421740055e-06,d3c044325798,42,phase1
baseline_phase1_20260608T162505Z_d3c044325798,wing_000105,v20_a5,2026-06-08T16:25:05.731481+00:00,1.1991093426776849,0.46394872620777494,0.06233008728232407,0.13434693051492536,20.90863506623795,-4.416332699605555,NACA2412,0.31553292105465225,4.556935646812787,0.31422054694355067,20.0,5.0,1.225,0.33115207911548633,0.016211835969659347,20.426562403866015,analytic,converged,1,0.0,1.5999539755284786e-06,d3c044325798,42,phase1
baseline_phase1_20260608T162505Z_d3c044325798,wing_000105,v20_a10,2026-06-08T16:25:05.731483+00:00,1.1991093426776849,0.46394872620777494,0.06233008728232407,0.13434693051492536,20.90863506623795,-4.416332699605555,NACA2412,0.31553292105465225,4.556935646812787,0.31422054694355067,20.0,10.0,1.225,0.6766900331530359,0.04483031604667114,15.094473847754264,analytic,converged,1,0.0,1.500011421740055e-06,d3c044325798,42,phase1
baseline_phase1_20260608T162505Z_d3c044325798,wing_000105,v20_a15,2026-06-08T16:25:05.731485+00:00,1.1991093426776849,0.46394872620777494,0.06233008728232407,0.13434693051492536,20.90863506623795,-4.416332699605555,NACA2412,0.31553292105465225,4.556935646812787,0.31422054694355067,20.0,15.0,1.225,1.0222279871905855,0.09307244735456213,10.98314287682131,analytic,converged,1,0.0,1.400010660290718e-06,d3c044325798,42,phase1
baseline_phase1_20260608T162505Z_d3c044325798,wing_000105,v25_a-5,2026-06-08T16:25:05.731493+00:00,1.1991093426776849,0.46394872620777494,0.06233008728232407,0.13434693051492536,20.90863506623795,-4.416332699605555,NACA2412,0.31553292105465225,4.556935646812787,0.31422054694355067,25.0,-5.0,1.225,-0.3599238289596129,0.017845829508273302,-20.168512132918938,analytic,converged,1,0.0,2.800021320581436e-06,d3c044325798,42,phase1
baseline_phase1_20260608T162505Z_d3c044325798,wing_000105,v25_a0,2026-06-08T16:25:05.731496+00:00,1.1991093426776849,0.46394872620777494,0.06233008728232407,0.13434693051492536,20.90863506623795,-4.416332699605555,NACA2412,0.31553292105465225,4.556935646812787,0.31422054694355067,25.0,0.0,1.225,-0.014385874922063337,0.00721700712352673,-1.993329738468292,analytic,converged,1,0.0,2.0999577827751637e-06,d3c044325798,42,phase1
baseline_phase1_20260608T162505Z_d3c044325798,wing_000105,v25_a5,2026-06-08T16:25:05.731498+00:00,1.1991093426776849,0.46394872620777494,0.06233008728232407,0.13434693051492536,20.90863506623795,-4.416332699605555,NACA2412,0.31553292105465225,4.556935646812787,0.31422054694355067,25.0,5.0,1.225,0.33115207911548633,0.016211835969659347,20.426562403866015,analytic,converged,1,0.0,1.400010660290718e-06,d3c044325798,42,phase1
baseline_phase1_20260608T162505Z_d3c044325798,wing_000105,v25_a10,2026-06-08T16:25:05.731501+00:00,1.1991093426776849,0.46394872620777494,0.06233008728232407,0.13434693051492536,20.90863506623795,-4.416332699605555,NACA2412,0.31553292105465225,4.556935646812787,0.31422054694355067,25.0,10.0,1.225,0.6766900331530359,0.04483031604667114,15.094473847754264,analytic,converged,1,0.0,1.400010660290718e-06,d3c044325798,42,phase1
baseline_phase1_20260608T162505Z_d3c044325798,wing_000105,v25_a15,2026-06-08T16:25:05.731503+00:00,1.1991093426776849,0.46394872620777494,0.06233008728232407,0.13434693051492536,20.90863506623795,-4.416332699605555,NACA2412,0.31553292105465225,4.556935646812787,0.31422054694355067,25.0,15.0,1.225,1.0222279871905855,0.09307244735456213,10.98314287682131,analytic,converged,1,0.0,1.4999532140791416e-06,d3c044325798,42,phase1
baseline_phase1_20260608T162505Z_d3c044325798,wing_000106,v15_a-5,2026-06-08T16:25:05.731506+00:00,1.2780871642169571,0.29773479882460824,0.21307932405371094,0.7156681882497492,26.859596564646047,1.0739642573740031,NACA4412,0.3264324868757616,5.004118355284432,0.2577453384130173,15.0,-5.0,1.225,-0.03191163550258625,0.007276208208832792,-4.385750735368983,analytic,converged,1,0.0,1.600012183189392e-06,d3c044325798,42,phase1
baseline_phase1_20260608T162505Z_d3c044325798,wing_000106,v15_a0,2026-06-08T16:25:05.731508+00:00,1.2780871642169571,0.29773479882460824,0.21307932405371094,0.7156681882497492,26.859596564646047,1.0739642573740031,NACA4412,0.3264324868757616,5.004118355284432,0.2577453384130173,15.0,0.0,1.225,0.3126931570953014,0.014517123469368887,21.53960857018841,analytic,converged,1,0.0,1.500011421740055e-06,d3c044325798,42,phase1
baseline_phase1_20260608T162505Z_d3c044325798,wing_000106,v15_a5,2026-06-08T16:25:05.731511+00:00,1.2780871642169571,0.29773479882460824,0.21307932405371094,0.7156681882497492,26.859596564646047,1.0739642573740031,NACA4412,0.3264324868757616,5.004118355284432,0.2577453384130173,15.0,5.0,1.225,0.657297949693189,0.039531673457872486,16.627121803827716,analytic,converged,1,0.0,1.400010660290718e-06,d3c044325798,42,phase1
baseline_phase1_20260608T162505Z_d3c044325798,wing_000106,v15_a10,2026-06-08T16:25:05.731513+00:00,1.2780871642169571,0.29773479882460824,0.21307932405371094,0.7156681882497492,26.859596564646047,1.0739642573740031,NACA4412,0.3264324868757616,5.004118355284432,0.2577453384130173,15.0,10.0,1.225,1.0019027422910767,0.08231985817434362,12.170851171404674,analytic,converged,1,0.0,1.400010660290718e-06,d3c044325798,42,phase1
baseline_phase1_20260608T162505Z_d3c044325798,wing_000106,v15_a15,2026-06-08T16:25:05.731515+00:00,1.2780871642169571,0.29773479882460824,0.21307932405371094,0.7156681882497492,26.859596564646047,1.0739642573740031,NACA4412,0.3264324868757616,5.004118355284432,0.2577453384130173,15.0,15.0,1.225,1.3465075348889644,0.14288167761878226,9.423934246359671,analytic,converged,1,0.0,1.5999539755284786e-06,d3c044325798,42,phase1
baseline_phase1_20260608T162505Z_d3c044325798,wing_000106,v20_a-5,2026-06-08T16:25:05.731518+00:00,1.2780871642169571,0.29773479882460824,0.21307932405371094,0.7156681882497492,26.859596564646047,1.0739642573740031,NACA4412,0.3264324868757616,5.004118355284432,0.2577453384130173,20.0,-5.0,1.225,-0.03191163550258625,0.007276208208832792,-4.385750735368983,analytic,converged,1,0.0,1.600012183189392e-06,d3c044325798,42,phase1
baseline_phase1_20260608T162505Z_d3c044325798,wing_000106,v20_a0,2026-06-08T16:25:05.731520+00:00,1.2780871642169571,0.29773479882460824,0.21307932405371094,0.7156681882497492,26.859596564646047,1.0739642573740031,NACA4412,0.3264324868757616,5.004118355284432,0.2577453384130173,20.0,0.0,1.225,0.3126931570953014,0.014517123469368887,21.53960857018841,analytic,converged,1,0.0,1.400010660290718e-06,d3c044325798,42,phase1
baseline_phase1_20260608T162505Z_d3c044325798,wing_000106,v20_a5,2026-06-08T16:25:05.731523+00:00,1.2780871642169571,0.29773479882460824,0.21307932405371094,0.7156681882497492,26.859596564646047,1.0739642573740031,NACA4412,0.3264324868757616,5.004118355284432,0.2577453384130173,20.0,5.0,1.225,0.657297949693189,0.039531673457872486,16.627121803827716,analytic,converged,1,0.0,1.3999524526298046e-06,d3c044325798,42,phase1
baseline_phase1_20260608T162505Z_d3c044325798,wing_000106,v20_a10,2026-06-08T16:25:05.731525+00:00,1.2780871642169571,0.29773479882460824,0.21307932405371094,0.7156681882497492,26.859596564646047,1.0739642573740031,NACA4412,0.3264324868757616,5.004118355284432,0.2577453384130173,20.0,10.0,1.225,1.0019027422910767,0.08231985817434362,12.170851171404674,analytic,converged,1,0.0,2.500019036233425e-06,d3c044325798,42,phase1
baseline_phase1_20260608T162505Z_d3c044325798,wing_000106,v20_a15,2026-06-08T16:25:05.731528+00:00,1.2780871642169571,0.29773479882460824,0.21307932405371094,0.7156681882497492,26.859596564646047,1.0739642573740031,NACA4412,0.3264324868757616,5.004118355284432,0.2577453384130173,20.0,15.0,1.225,1.3465075348889644,0.14288167761878226,9.423934246359671,analytic,converged,1,0.0,1.400010660290718e-06,d3c044325798,42,phase1
baseline_phase1_20260608T162505Z_d3c044325798,wing_000106,v25_a-5,2026-06-08T16:25:05.731530+00:00,1.2780871642169571,0.29773479882460824,0.21307932405371094,0.7156681882497492,26.859596564646047,1.0739642573740031,NACA4412,0.3264324868757616,5.004118355284432,0.2577453384130173,25.0,-5.0,1.225,-0.03191163550258625,0.007276208208832792,-4.385750735368983,analytic,converged,1,0.0,1.700012944638729e-06,d3c044325798,42,phase1
baseline_phase1_20260608T162505Z_d3c044325798,wing_000106,v25_a0,2026-06-08T16:25:05.731533+00:00,1.2780871642169571,0.29773479882460824,0.21307932405371094,0.7156681882497492,26.859596564646047,1.0739642573740031,NACA4412,0.3264324868757616,5.004118355284432,0.2577453384130173,25.0,0.0,1.225,0.3126931570953014,0.014517123469368887,21.53960857018841,analytic,converged,1,0.0,1.400010660290718e-06,d3c044325798,42,phase1
baseline_phase1_20260608T162505Z_d3c044325798,wing_000106,v25_a5,2026-06-08T16:25:05.731535+00:00,1.2780871642169571,0.29773479882460824,0.21307932405371094,0.7156681882497492,26.859596564646047,1.0739642573740031,NACA4412,0.3264324868757616,5.004118355284432,0.2577453384130173,25.0,5.0,1.225,0.657297949693189,0.039531673457872486,16.627121803827716,analytic,converged,1,0.0,1.5999539755284786e-06,d3c044325798,42,phase1
baseline_phase1_20260608T162505Z_d3c044325798,wing_000106,v25_a10,2026-06-08T16:25:05.731540+00:00,1.2780871642169571,0.29773479882460824,0.21307932405371094,0.7156681882497492,26.859596564646047,1.0739642573740031,NACA4412,0.3264324868757616,5.004118355284432,0.2577453384130173,25.0,10.0,1.225,1.0019027422910767,0.08231985817434362,12.170851171404674,analytic,converged,1,0.0,1.500011421740055e-06,d3c044325798,42,phase1
baseline_phase1_20260608T162505Z_d3c044325798,wing_000106,v25_a15,2026-06-08T16:25:05.731542+00:00,1.2780871642169571,0.29773479882460824,0.21307932405371094,0.7156681882497492,26.859596564646047,1.0739642573740031,NACA4412,0.3264324868757616,5.004118355284432,0.2577453384130173,25.0,15.0,1.225,1.3465075348889644,0.14288167761878226,9.423934246359671,analytic,converged,1,0.0,1.400010660290718e-06,d3c044325798,42,phase1
baseline_phase1_20260608T162505Z_d3c044325798,wing_000107,v15_a-5,2026-06-08T16:25:05.731544+00:00,1.0677342802722962,0.3513116817143146,0.13167037939733137,0.3747964734756678,1.1955012926845443,2.7731761130726245,NACA4412,0.2578482517027368,4.421424173870006,0.2581384058132202,15.0,-5.0,1.225,0.02766543642209166,0.007264825230757121,3.808135164073099,analytic,converged,1,0.0,1.4999532140791416e-06,d3c044325798,42,phase1
baseline_phase1_20260608T162505Z_d3c044325798,wing_000107,v15_a0,2026-06-08T16:25:05.731547+00:00,1.0677342802722962,0.3513116817143146,0.13167037939733137,0.3747964734756678,1.1955012926845443,2.7731761130726245,NACA4412,0.2578482517027368,4.421424173870006,0.2581384058132202,15.0,0.0,1.225,0.38548089339667935,0.019785623448767792,19.482878282548448,analytic,converged,1,0.0,1.500011421740055e-06,d3c044325798,42,phase1
baseline_phase1_20260608T162505Z_d3c044325798,wing_000107,v15_a5,2026-06-08T16:25:05.731549+00:00,1.0677342802722962,0.3513116817143146,0.13167037939733137,0.3747964734756678,1.1955012926845443,2.7731761130726245,NACA4412,0.2578482517027368,4.421424173870006,0.2581384058132202,15.0,5.0,1.225,0.7432963503712668,0.05399430710934949,13.766198515446083,analytic,converged,1,0.0,1.600012183189392e-06,d3c044325798,42,phase1
baseline_phase1_20260608T162505Z_d3c044325798,wing_000107,v15_a10,2026-06-08T16:25:05.731552+00:00,1.0677342802722962,0.3513116817143146,0.13167037939733137,0.3747964734756678,1.1955012926845443,2.7731761130726245,NACA4412,0.2578482517027368,4.421424173870006,0.2581384058132202,15.0,10.0,1.225,1.1011118073458543,0.10989087621250222,10.020047571707154,analytic,converged,1,0.0,1.400010660290718e-06,d3c044325798,42,phase1
baseline_phase1_20260608T162505Z_d3c044325798,wing_000107,v15_a15,2026-06-08T16:25:05.731555+00:00,1.0677342802722962,0.3513116817143146,0.13167037939733137,0.3747964734756678,1.1955012926845443,2.7731761130726245,NACA4412,0.2578482517027368,4.421424173870006,0.2581384058132202,15.0,15.0,1.225,1.4,0.17320649936635032,8.08283756742205,analytic,stall_limited,1,0.0,1.400010660290718e-06,d3c044325798,42,phase1
baseline_phase1_20260608T162505Z_d3c044325798,wing_000107,v20_a-5,2026-06-08T16:25:05.731557+00:00,1.0677342802722962,0.3513116817143146,0.13167037939733137,0.3747964734756678,1.1955012926845443,2.7731761130726245,NACA4412,0.2578482517027368,4.421424173870006,0.2581384058132202,20.0,-5.0,1.225,0.02766543642209166,0.007264825230757121,3.808135164073099,analytic,converged,1,0.0,1.400010660290718e-06,d3c044325798,42,phase1
baseline_phase1_20260608T162505Z_d3c044325798,wing_000107,v20_a0,2026-06-08T16:25:05.731559+00:00,1.0677342802722962,0.3513116817143146,0.13167037939733137,0.3747964734756678,1.1955012926845443,2.7731761130726245,NACA4412,0.2578482517027368,4.421424173870006,0.2581384058132202,20.0,0.0,1.225,0.38548089339667935,0.019785623448767792,19.482878282548448,analytic,converged,1,0.0,1.700012944638729e-06,d3c044325798,42,phase1
baseline_phase1_20260608T162505Z_d3c044325798,wing_000107,v20_a5,2026-06-08T16:25:05.731562+00:00,1.0677342802722962,0.3513116817143146,0.13167037939733137,0.3747964734756678,1.1955012926845443,2.7731761130726245,NACA4412,0.2578482517027368,4.421424173870006,0.2581384058132202,20.0,5.0,1.225,0.7432963503712668,0.05399430710934949,13.766198515446083,analytic,converged,1,0.0,1.400010660290718e-06,d3c044325798,42,phase1
baseline_phase1_20260608T162505Z_d3c044325798,wing_000107,v20_a10,2026-06-08T16:25:05.731564+00:00,1.0677342802722962,0.3513116817143146,0.13167037939733137,0.3747964734756678,1.1955012926845443,2.7731761130726245,NACA4412,0.2578482517027368,4.421424173870006,0.2581384058132202,20.0,10.0,1.225,1.1011118073458543,0.10989087621250222,10.020047571707154,analytic,converged,1,0.0,1.4999532140791416e-06,d3c044325798,42,phase1
baseline_phase1_20260608T162505Z_d3c044325798,wing_000107,v20_a15,2026-06-08T16:25:05.731566+00:00,1.0677342802722962,0.3513116817143146,0.13167037939733137,0.3747964734756678,1.1955012926845443,2.7731761130726245,NACA4412,0.2578482517027368,4.421424173870006,0.2581384058132202,20.0,15.0,1.225,1.4,0.17320649936635032,8.08283756742205,analytic,stall_limited,1,0.0,1.600012183189392e-06,d3c044325798,42,phase1
baseline_phase1_20260608T162505Z_d3c044325798,wing_000107,v25_a-5,2026-06-08T16:25:05.731569+00:00,1.0677342802722962,0.3513116817143146,0.13167037939733137,0.3747964734756678,1.1955012926845443,2.7731761130726245,NACA4412,0.2578482517027368,4.421424173870006,0.2581384058132202,25.0,-5.0,1.225,0.02766543642209166,0.007264825230757121,3.808135164073099,analytic,converged,1,0.0,1.400010660290718e-06,d3c044325798,42,phase1
baseline_phase1_20260608T162505Z_d3c044325798,wing_000107,v25_a0,2026-06-08T16:25:05.731571+00:00,1.0677342802722962,0.3513116817143146,0.13167037939733137,0.3747964734756678,1.1955012926845443,2.7731761130726245,NACA4412,0.2578482517027368,4.421424173870006,0.2581384058132202,25.0,0.0,1.225,0.38548089339667935,0.019785623448767792,19.482878282548448,analytic,converged,1,0.0,1.5999539755284786e-06,d3c044325798,42,phase1
baseline_phase1_20260608T162505Z_d3c044325798,wing_000107,v25_a5,2026-06-08T16:25:05.731573+00:00,1.0677342802722962,0.3513116817143146,0.13167037939733137,0.3747964734756678,1.1955012926845443,2.7731761130726245,NACA4412,0.2578482517027368,4.421424173870006,0.2581384058132202,25.0,5.0,1.225,0.7432963503712668,0.05399430710934949,13.766198515446083,analytic,converged,1,0.0,2.600019797682762e-06,d3c044325798,42,phase1
baseline_phase1_20260608T162505Z_d3c044325798,wing_000107,v25_a10,2026-06-08T16:25:05.731576+00:00,1.0677342802722962,0.3513116817143146,0.13167037939733137,0.3747964734756678,1.1955012926845443,2.7731761130726245,NACA4412,0.2578482517027368,4.421424173870006,0.2581384058132202,25.0,10.0,1.225,1.1011118073458543,0.10989087621250222,10.020047571707154,analytic,converged,1,0.0,1.400010660290718e-06,d3c044325798,42,phase1
baseline_phase1_20260608T162505Z_d3c044325798,wing_000107,v25_a15,2026-06-08T16:25:05.731578+00:00,1.0677342802722962,0.3513116817143146,0.13167037939733137,0.3747964734756678,1.1955012926845443,2.7731761130726245,NACA4412,0.2578482517027368,4.421424173870006,0.2581384058132202,25.0,15.0,1.225,1.4,0.17320649936635032,8.08283756742205,analytic,stall_limited,1,0.0,1.500011421740055e-06,d3c044325798,42,phase1
baseline_phase1_20260608T162505Z_d3c044325798,wing_000108,v15_a-5,2026-06-08T16:25:05.731580+00:00,1.73467726482528,0.32542633862889536,0.2031424015384311,0.6242346651912754,22.135214159236238,4.158470154463869,NACA4412,0.458448088232801,6.5636770887212945,0.2689994178891801,15.0,-5.0,1.225,0.08230011604932343,0.007586442505987592,10.848314738346485,analytic,converged,1,0.0,1.500011421740055e-06,d3c044325798,42,phase1
baseline_phase1_20260608T162505Z_d3c044325798,wing_000108,v15_a0,2026-06-08T16:25:05.731583+00:00,1.73467726482528,0.32542633862889536,0.2031424015384311,0.6242346651912754,22.135214159236238,4.158470154463869,NACA4412,0.458448088232801,6.5636770887212945,0.2689994178891801,15.0,0.0,1.225,0.46358922435189115,0.01946169925543794,23.82059337508035,analytic,converged,1,0.0,1.400010660290718e-06,d3c044325798,42,phase1
baseline_phase1_20260608T162505Z_d3c044325798,wing_000108,v15_a5,2026-06-08T16:25:05.731585+00:00,1.73467726482528,0.32542633862889536,0.2031424015384311,0.6242346651912754,22.135214159236238,4.158470154463869,NACA4412,0.458448088232801,6.5636770887212945,0.2689994178891801,15.0,5.0,1.225,0.844878332654459,0.04792605464357605,17.628789578816406,analytic,converged,1,0.0,1.500011421740055e-06,d3c044325798,42,phase1
baseline_phase1_20260608T162505Z_d3c044325798,wing_000108,v15_a10,2026-06-08T16:25:05.731588+00:00,1.73467726482528,0.32542633862889536,0.2031424015384311,0.6242346651912754,22.135214159236238,4.158470154463869,NACA4412,0.458448088232801,6.5636770887212945,0.2689994178891801,15.0,10.0,1.225,1.2261674409570267,0.0929795086704019,13.187501832297288,analytic,converged,1,0.0,1.400010660290718e-06,d3c044325798,42,phase1
baseline_phase1_20260608T162505Z_d3c044325798,wing_000108,v15_a15,2026-06-08T16:25:05.731590+00:00,1.73467726482528,0.32542633862889536,0.2031424015384311,0.6242346651912754,22.135214159236238,4.158470154463869,NACA4412,0.458448088232801,6.5636770887212945,0.2689994178891801,15.0,15.0,1.225,1.4,0.11902529844119872,11.762205332269195,analytic,stall_limited,1,0.0,1.400010660290718e-06,d3c044325798,42,phase1
baseline_phase1_20260608T162505Z_d3c044325798,wing_000108,v20_a-5,2026-06-08T16:25:05.731593+00:00,1.73467726482528,0.32542633862889536,0.2031424015384311,0.6242346651912754,22.135214159236238,4.158470154463869,NACA4412,0.458448088232801,6.5636770887212945,0.2689994178891801,20.0,-5.0,1.225,0.08230011604932343,0.007586442505987592,10.848314738346485,analytic,converged,1,0.0,1.500011421740055e-06,d3c044325798,42,phase1
baseline_phase1_20260608T162505Z_d3c044325798,wing_000108,v20_a0,2026-06-08T16:25:05.731595+00:00,1.73467726482528,0.32542633862889536,0.2031424015384311,0.6242346651912754,22.135214159236238,4.158470154463869,NACA4412,0.458448088232801,6.5636770887212945,0.2689994178891801,20.0,0.0,1.225,0.46358922435189115,0.01946169925543794,23.82059337508035,analytic,converged,1,0.0,1.400010660290718e-06,d3c044325798,42,phase1
baseline_phase1_20260608T162505Z_d3c044325798,wing_000108,v20_a5,2026-06-08T16:25:05.731597+00:00,1.73467726482528,0.32542633862889536,0.2031424015384311,0.6242346651912754,22.135214159236238,4.158470154463869,NACA4412,0.458448088232801,6.5636770887212945,0.2689994178891801,20.0,5.0,1.225,0.844878332654459,0.04792605464357605,17.628789578816406,analytic,converged,1,0.0,1.3999524526298046e-06,d3c044325798,42,phase1
baseline_phase1_20260608T162505Z_d3c044325798,wing_000108,v20_a10,2026-06-08T16:25:05.731600+00:00,1.73467726482528,0.32542633862889536,0.2031424015384311,0.6242346651912754,22.135214159236238,4.158470154463869,NACA4412,0.458448088232801,6.5636770887212945,0.2689994178891801,20.0,10.0,1.225,1.2261674409570267,0.0929795086704019,13.187501832297288,analytic,converged,1,0.0,1.400010660290718e-06,d3c044325798,42,phase1
baseline_phase1_20260608T162505Z_d3c044325798,wing_000108,v20_a15,2026-06-08T16:25:05.731602+00:00,1.73467726482528,0.32542633862889536,0.2031424015384311,0.6242346651912754,22.135214159236238,4.158470154463869,NACA4412,0.458448088232801,6.5636770887212945,0.2689994178891801,20.0,15.0,1.225,1.4,0.11902529844119872,11.762205332269195,analytic,stall_limited,1,0.0,1.500011421740055e-06,d3c044325798,42,phase1
baseline_phase1_20260608T162505Z_d3c044325798,wing_000108,v25_a-5,2026-06-08T16:25:05.731605+00:00,1.73467726482528,0.32542633862889536,0.2031424015384311,0.6242346651912754,22.135214159236238,4.158470154463869,NACA4412,0.458448088232801,6.5636770887212945,0.2689994178891801,25.0,-5.0,1.225,0.08230011604932343,0.007586442505987592,10.848314738346485,analytic,converged,1,0.0,1.600012183189392e-06,d3c044325798,42,phase1
baseline_phase1_20260608T162505Z_d3c044325798,wing_000108,v25_a0,2026-06-08T16:25:05.731607+00:00,1.73467726482528,0.32542633862889536,0.2031424015384311,0.6242346651912754,22.135214159236238,4.158470154463869,NACA4412,0.458448088232801,6.5636770887212945,0.2689994178891801,25.0,0.0,1.225,0.46358922435189115,0.01946169925543794,23.82059337508035,analytic,converged,1,0.0,2.600019797682762e-06,d3c044325798,42,phase1
baseline_phase1_20260608T162505Z_d3c044325798,wing_000108,v25_a5,2026-06-08T16:25:05.731609+00:00,1.73467726482528,0.32542633862889536,0.2031424015384311,0.6242346651912754,22.135214159236238,4.158470154463869,NACA4412,0.458448088232801,6.5636770887212945,0.2689994178891801,25.0,5.0,1.225,0.844878332654459,0.04792605464357605,17.628789578816406,analytic,converged,1,0.0,1.4999532140791416e-06,d3c044325798,42,phase1
baseline_phase1_20260608T162505Z_d3c044325798,wing_000108,v25_a10,2026-06-08T16:25:05.731612+00:00,1.73467726482528,0.32542633862889536,0.2031424015384311,0.6242346651912754,22.135214159236238,4.158470154463869,NACA4412,0.458448088232801,6.5636770887212945,0.2689994178891801,25.0,10.0,1.225,1.2261674409570267,0.0929795086704019,13.187501832297288,analytic,converged,1,0.0,1.500011421740055e-06,d3c044325798,42,phase1
baseline_phase1_20260608T162505Z_d3c044325798,wing_000108,v25_a15,2026-06-08T16:25:05.731614+00:00,1.73467726482528,0.32542633862889536,0.2031424015384311,0.6242346651912754,22.135214159236238,4.158470154463869,NACA4412,0.458448088232801,6.5636770887212945,0.2689994178891801,25.0,15.0,1.225,1.4,0.11902529844119872,11.762205332269195,analytic,stall_limited,1,0.0,1.600012183189392e-06,d3c044325798,42,phase1
baseline_phase1_20260608T162505Z_d3c044325798,wing_000109,v15_a-5,2026-06-08T16:25:05.731616+00:00,1.9809955246329243,0.23036932762345325,0.05171958231499234,0.22450724169117606,15.52120289780894,-0.8450847616201909,NACA2412,0.2794084340683204,14.04518543508283,0.15990123521021266,15.0,-5.0,1.225,-0.31137502352735763,0.009785063828562408,-31.821460644790083,analytic,converged,1,0.0,2.500019036233425e-06,d3c044325798,42,phase1
baseline_phase1_20260608T162505Z_d3c044325798,wing_000109,v15_a0,2026-06-08T16:25:05.731619+00:00,1.9809955246329243,0.23036932762345325,0.05171958231499234,0.22450724169117606,15.52120289780894,-0.8450847616201909,NACA2412,0.2794084340683204,14.04518543508283,0.15990123521021266,15.0,0.0,1.225,0.14351346123357764,0.007749147488540519,18.5199031823573,analytic,converged,1,0.0,1.500011421740055e-06,d3c044325798,42,phase1
baseline_phase1_20260608T162505Z_d3c044325798,wing_000109,v15_a5,2026-06-08T16:25:05.731621+00:00,1.9809955246329243,0.23036932762345325,0.05171958231499234,0.22450724169117606,15.52120289780894,-0.8450847616201909,NACA2412,0.2794084340683204,14.04518543508283,0.15990123521021266,15.0,5.0,1.225,0.5984019459945129,0.016747501130967166,35.73081985873288,analytic,converged,1,0.0,1.4999532140791416e-06,d3c044325798,42,phase1
baseline_phase1_20260608T162505Z_d3c044325798,wing_000109,v15_a10,2026-06-08T16:25:05.731623+00:00,1.9809955246329243,0.23036932762345325,0.05171958231499234,0.22450724169117606,15.52120289780894,-0.8450847616201909,NACA2412,0.2794084340683204,14.04518543508283,0.15990123521021266,15.0,10.0,1.225,1.0532904307554483,0.03678012475584236,28.637489343701528,analytic,converged,1,0.0,1.600012183189392e-06,d3c044325798,42,phase1
baseline_phase1_20260608T162505Z_d3c044325798,wing_000109,v15_a15,2026-06-08T16:25:05.731626+00:00,1.9809955246329243,0.23036932762345325,0.05171958231499234,0.22450724169117606,15.52120289780894,-0.8450847616201909,NACA2412,0.2794084340683204,14.04518543508283,0.15990123521021266,15.0,15.0,1.225,1.4,0.0594588436237039,23.545698413849998,analytic,stall_limited,1,0.0,1.400010660290718e-06,d3c044325798,42,phase1
baseline_phase1_20260608T162505Z_d3c044325798,wing_000109,v20_a-5,2026-06-08T16:25:05.731628+00:00,1.9809955246329243,0.23036932762345325,0.05171958231499234,0.22450724169117606,15.52120289780894,-0.8450847616201909,NACA2412,0.2794084340683204,14.04518543508283,0.15990123521021266,20.0,-5.0,1.225,-0.31137502352735763,0.009785063828562408,-31.821460644790083,analytic,converged,1,0.0,1.5999539755284786e-06,d3c044325798,42,phase1
baseline_phase1_20260608T162505Z_d3c044325798,wing_000109,v20_a0,2026-06-08T16:25:05.731631+00:00,1.9809955246329243,0.23036932762345325,0.05171958231499234,0.22450724169117606,15.52120289780894,-0.8450847616201909,NACA2412,0.2794084340683204,14.04518543508283,0.15990123521021266,20.0,0.0,1.225,0.14351346123357764,0.007749147488540519,18.5199031823573,analytic,converged,1,0.0,1.500011421740055e-06,d3c044325798,42,phase1
baseline_phase1_20260608T162505Z_d3c044325798,wing_000109,v20_a5,2026-06-08T16:25:05.731634+00:00,1.9809955246329243,0.23036932762345325,0.05171958231499234,0.22450724169117606,15.52120289780894,-0.8450847616201909,NACA2412,0.2794084340683204,14.04518543508283,0.15990123521021266,20.0,5.0,1.225,0.5984019459945129,0.016747501130967166,35.73081985873288,analytic,converged,1,0.0,1.400010660290718e-06,d3c044325798,42,phase1
baseline_phase1_20260608T162505Z_d3c044325798,wing_000109,v20_a10,2026-06-08T16:25:05.731636+00:00,1.9809955246329243,0.23036932762345325,0.05171958231499234,0.22450724169117606,15.52120289780894,-0.8450847616201909,NACA2412,0.2794084340683204,14.04518543508283,0.15990123521021266,20.0,10.0,1.225,1.0532904307554483,0.03678012475584236,28.637489343701528,analytic,converged,1,0.0,1.3999524526298046e-06,d3c044325798,42,phase1
baseline_phase1_20260608T162505Z_d3c044325798,wing_000109,v20_a15,2026-06-08T16:25:05.731638+00:00,1.9809955246329243,0.23036932762345325,0.05171958231499234,0.22450724169117606,15.52120289780894,-0.8450847616201909,NACA2412,0.2794084340683204,14.04518543508283,0.15990123521021266,20.0,15.0,1.225,1.4,0.0594588436237039,23.545698413849998,analytic,stall_limited,1,0.0,1.500011421740055e-06,d3c044325798,42,phase1
baseline_phase1_20260608T162505Z_d3c044325798,wing_000109,v25_a-5,2026-06-08T16:25:05.731641+00:00,1.9809955246329243,0.23036932762345325,0.05171958231499234,0.22450724169117606,15.52120289780894,-0.8450847616201909,NACA2412,0.2794084340683204,14.04518543508283,0.15990123521021266,25.0,-5.0,1.225,-0.31137502352735763,0.009785063828562408,-31.821460644790083,analytic,converged,1,0.0,1.500011421740055e-06,d3c044325798,42,phase1
baseline_phase1_20260608T162505Z_d3c044325798,wing_000109,v25_a0,2026-06-08T16:25:05.731643+00:00,1.9809955246329243,0.23036932762345325,0.05171958231499234,0.22450724169117606,15.52120289780894,-0.8450847616201909,NACA2412,0.2794084340683204,14.04518543508283,0.15990123521021266,25.0,0.0,1.225,0.14351346123357764,0.007749147488540519,18.5199031823573,analytic,converged,1,0.0,1.3999524526298046e-06,d3c044325798,42,phase1
baseline_phase1_20260608T162505Z_d3c044325798,wing_000109,v25_a5,2026-06-08T16:25:05.731646+00:00,1.9809955246329243,0.23036932762345325,0.05171958231499234,0.22450724169117606,15.52120289780894,-0.8450847616201909,NACA2412,0.2794084340683204,14.04518543508283,0.15990123521021266,25.0,5.0,1.225,0.5984019459945129,0.016747501130967166,35.73081985873288,analytic,converged,1,0.0,1.700012944638729e-06,d3c044325798,42,phase1
baseline_phase1_20260608T162505Z_d3c044325798,wing_000109,v25_a10,2026-06-08T16:25:05.731648+00:00,1.9809955246329243,0.23036932762345325,0.05171958231499234,0.22450724169117606,15.52120289780894,-0.8450847616201909,NACA2412,0.2794084340683204,14.04518543508283,0.15990123521021266,25.0,10.0,1.225,1.0532904307554483,0.03678012475584236,28.637489343701528,analytic,converged,1,0.0,2.4999608285725117e-06,d3c044325798,42,phase1
baseline_phase1_20260608T162505Z_d3c044325798,wing_000109,v25_a15,2026-06-08T16:25:05.731650+00:00,1.9809955246329243,0.23036932762345325,0.05171958231499234,0.22450724169117606,15.52120289780894,-0.8450847616201909,NACA2412,0.2794084340683204,14.04518543508283,0.15990123521021266,25.0,15.0,1.225,1.4,0.0594588436237039,23.545698413849998,analytic,stall_limited,1,0.0,1.400010660290718e-06,d3c044325798,42,phase1
baseline_phase1_20260608T162505Z_d3c044325798,wing_000110,v15_a-5,2026-06-08T16:25:05.731653+00:00,1.7858459340762323,0.38985717254072116,0.2221554773279547,0.5698381175858711,10.558633787610324,-4.95051412099763,NACA2412,0.5464801511855978,5.835977195763632,0.3136651695086754,15.0,-5.0,1.225,-0.42271763860082295,0.018666169437451006,-22.646191015104595,analytic,converged,1,0.0,1.500011421740055e-06,d3c044325798,42,phase1
baseline_phase1_20260608T162505Z_d3c044325798,wing_000110,v15_a0,2026-06-08T16:25:05.731655+00:00,1.7858459340762323,0.38985717254072116,0.2221554773279547,0.5698381175858711,10.558633787610324,-4.95051412099763,NACA2412,0.5464801511855978,5.835977195763632,0.3136651695086754,15.0,0.0,1.225,-0.03669225757303984,0.007286390598435964,-5.035724763494821,analytic,converged,1,0.0,1.400010660290718e-06,d3c044325798,42,phase1
baseline_phase1_20260608T162505Z_d3c044325798,wing_000110,v15_a5,2026-06-08T16:25:05.731657+00:00,1.7858459340762323,0.38985717254072116,0.2221554773279547,0.5698381175858711,10.558633787610324,-4.95051412099763,NACA2412,0.5464801511855978,5.835977195763632,0.3136651695086754,15.0,5.0,1.225,0.34933312345474327,0.015030638032813197,23.24140350476929,analytic,converged,1,0.0,1.500011421740055e-06,d3c044325798,42,phase1
baseline_phase1_20260608T162505Z_d3c044325798,wing_000110,v15_a10,2026-06-08T16:25:05.731661+00:00,1.7858459340762323,0.38985717254072116,0.2221554773279547,0.5698381175858711,10.558633787610324,-4.95051412099763,NACA2412,0.5464801511855978,5.835977195763632,0.3136651695086754,15.0,10.0,1.225,0.7353585044825264,0.0418989117405827,17.550778145158084,analytic,converged,1,0.0,1.500011421740055e-06,d3c044325798,42,phase1
baseline_phase1_20260608T162505Z_d3c044325798,wing_000110,v15_a15,2026-06-08T16:25:05.731663+00:00,1.7858459340762323,0.38985717254072116,0.2221554773279547,0.5698381175858711,10.558633787610324,-4.95051412099763,NACA2412,0.5464801511855978,5.835977195763632,0.3136651695086754,15.0,15.0,1.225,1.1213838855103095,0.0878912117217445,12.75877148059476,analytic,converged,1,0.0,1.400010660290718e-06,d3c044325798,42,phase1
baseline_phase1_20260608T162505Z_d3c044325798,wing_000110,v20_a-5,2026-06-08T16:25:05.731665+00:00,1.7858459340762323,0.38985717254072116,0.2221554773279547,0.5698381175858711,10.558633787610324,-4.95051412099763,NACA2412,0.5464801511855978,5.835977195763632,0.3136651695086754,20.0,-5.0,1.225,-0.42271763860082295,0.018666169437451006,-22.646191015104595,analytic,converged,1,0.0,1.300009898841381e-06,d3c044325798,42,phase1
baseline_phase1_20260608T162505Z_d3c044325798,wing_000110,v20_a0,2026-06-08T16:25:05.731705+00:00,1.7858459340762323,0.38985717254072116,0.2221554773279547,0.5698381175858711,10.558633787610324,-4.95051412099763,NACA2412,0.5464801511855978,5.835977195763632,0.3136651695086754,20.0,0.0,1.225,-0.03669225757303984,0.007286390598435964,-5.035724763494821,analytic,converged,1,0.0,1.600012183189392e-06,d3c044325798,42,phase1
baseline_phase1_20260608T162505Z_d3c044325798,wing_000110,v20_a5,2026-06-08T16:25:05.731708+00:00,1.7858459340762323,0.38985717254072116,0.2221554773279547,0.5698381175858711,10.558633787610324,-4.95051412099763,NACA2412,0.5464801511855978,5.835977195763632,0.3136651695086754,20.0,5.0,1.225,0.34933312345474327,0.015030638032813197,23.24140350476929,analytic,converged,1,0.0,1.400010660290718e-06,d3c044325798,42,phase1
baseline_phase1_20260608T162505Z_d3c044325798,wing_000110,v20_a10,2026-06-08T16:25:05.731710+00:00,1.7858459340762323,0.38985717254072116,0.2221554773279547,0.5698381175858711,10.558633787610324,-4.95051412099763,NACA2412,0.5464801511855978,5.835977195763632,0.3136651695086754,20.0,10.0,1.225,0.7353585044825264,0.0418989117405827,17.550778145158084,analytic,converged,1,0.0,1.500011421740055e-06,d3c044325798,42,phase1
baseline_phase1_20260608T162505Z_d3c044325798,wing_000110,v20_a15,2026-06-08T16:25:05.731713+00:00,1.7858459340762323,0.38985717254072116,0.2221554773279547,0.5698381175858711,10.558633787610324,-4.95051412099763,NACA2412,0.5464801511855978,5.835977195763632,0.3136651695086754,20.0,15.0,1.225,1.1213838855103095,0.0878912117217445,12.75877148059476,analytic,converged,1,0.0,1.3999524526298046e-06,d3c044325798,42,phase1
baseline_phase1_20260608T162505Z_d3c044325798,wing_000110,v25_a-5,2026-06-08T16:25:05.731715+00:00,1.7858459340762323,0.38985717254072116,0.2221554773279547,0.5698381175858711,10.558633787610324,-4.95051412099763,NACA2412,0.5464801511855978,5.835977195763632,0.3136651695086754,25.0,-5.0,1.225,-0.42271763860082295,0.018666169437451006,-22.646191015104595,analytic,converged,1,0.0,1.500011421740055e-06,d3c044325798,42,phase1
baseline_phase1_20260608T162505Z_d3c044325798,wing_000110,v25_a0,2026-06-08T16:25:05.731718+00:00,1.7858459340762323,0.38985717254072116,0.2221554773279547,0.5698381175858711,10.558633787610324,-4.95051412099763,NACA2412,0.5464801511855978,5.835977195763632,0.3136651695086754,25.0,0.0,1.225,-0.03669225757303984,0.007286390598435964,-5.035724763494821,analytic,converged,1,0.0,1.400010660290718e-06,d3c044325798,42,phase1
baseline_phase1_20260608T162505Z_d3c044325798,wing_000110,v25_a5,2026-06-08T16:25:05.731720+00:00,1.7858459340762323,0.38985717254072116,0.2221554773279547,0.5698381175858711,10.558633787610324,-4.95051412099763,NACA2412,0.5464801511855978,5.835977195763632,0.3136651695086754,25.0,5.0,1.225,0.34933312345474327,0.015030638032813197,23.24140350476929,analytic,converged,1,0.0,1.5999539755284786e-06,d3c044325798,42,phase1
baseline_phase1_20260608T162505Z_d3c044325798,wing_000110,v25_a10,2026-06-08T16:25:05.731723+00:00,1.7858459340762323,0.38985717254072116,0.2221554773279547,0.5698381175858711,10.558633787610324,-4.95051412099763,NACA2412,0.5464801511855978,5.835977195763632,0.3136651695086754,25.0,10.0,1.225,0.7353585044825264,0.0418989117405827,17.550778145158084,analytic,converged,1,0.0,2.300017513334751e-06,d3c044325798,42,phase1
baseline_phase1_20260608T162505Z_d3c044325798,wing_000110,v25_a15,2026-06-08T16:25:05.731725+00:00,1.7858459340762323,0.38985717254072116,0.2221554773279547,0.5698381175858711,10.558633787610324,-4.95051412099763,NACA2412,0.5464801511855978,5.835977195763632,0.3136651695086754,25.0,15.0,1.225,1.1213838855103095,0.0878912117217445,12.75877148059476,analytic,converged,1,0.0,1.500011421740055e-06,d3c044325798,42,phase1
baseline_phase1_20260608T162505Z_d3c044325798,wing_000111,v15_a-5,2026-06-08T16:25:05.731727+00:00,1.3817063696458067,0.2739659019274648,0.24163908343133922,0.8820042265526736,12.350338889388347,-0.627516592652098,NACA4412,0.3562073462456962,5.359553956540168,0.2581402910663313,15.0,-5.0,1.225,-0.09849518072790454,0.007877848308961632,-12.502802397941457,analytic,converged,1,0.0,1.600012183189392e-06,d3c044325798,42,phase1
baseline_phase1_20260608T162505Z_d3c044325798,wing_000111,v15_a0,2026-06-08T16:25:05.731730+00:00,1.3817063696458067,0.2739659019274648,0.24163908343133922,0.8820042265526736,12.350338889388347,-0.627516592652098,NACA4412,0.3562073462456962,5.359553956540168,0.2581402910663313,15.0,0.0,1.225,0.27636517601864563,0.01253665576483962,22.04456923781389,analytic,converged,1,0.0,1.600012183189392e-06,d3c044325798,42,phase1
baseline_phase1_20260608T162505Z_d3c044325798,wing_000111,v15_a5,2026-06-08T16:25:05.731732+00:00,1.3817063696458067,0.2739659019274648,0.24163908343133922,0.8820042265526736,12.350338889388347,-0.627516592652098,NACA4412,0.3562073462456962,5.359553956540168,0.2581402910663313,15.0,5.0,1.225,0.6512255327651958,0.03683230216108292,17.68082619210487,analytic,converged,1,0.0,1.500011421740055e-06,d3c044325798,42,phase1
baseline_phase1_20260608T162505Z_d3c044325798,wing_000111,v15_a10,2026-06-08T16:25:05.731735+00:00,1.3817063696458067,0.2739659019274648,0.24163908343133922,0.8820042265526736,12.350338889388347,-0.627516592652098,NACA4412,0.3562073462456962,5.359553956540168,0.2581402910663313,15.0,10.0,1.225,1.026085889511746,0.08076478749769155,12.704619442490008,analytic,converged,1,0.0,1.400010660290718e-06,d3c044325798,42,phase1
baseline_phase1_20260608T162505Z_d3c044325798,wing_000111,v15_a15,2026-06-08T16:25:05.731737+00:00,1.3817063696458067,0.2739659019274648,0.24163908343133922,0.8820042265526736,12.350338889388347,-0.627516592652098,NACA4412,0.3562073462456962,5.359553956540168,0.2581402910663313,15.0,15.0,1.225,1.4,0.1441489243451404,9.712177918497227,analytic,stall_limited,1,0.0,1.400010660290718e-06,d3c044325798,42,phase1
baseline_phase1_20260608T162505Z_d3c044325798,wing_000111,v20_a-5,2026-06-08T16:25:05.731739+00:00,1.3817063696458067,0.2739659019274648,0.24163908343133922,0.8820042265526736,12.350338889388347,-0.627516592652098,NACA4412,0.3562073462456962,5.359553956540168,0.2581402910663313,20.0,-5.0,1.225,-0.09849518072790454,0.007877848308961632,-12.502802397941457,analytic,converged,1,0.0,1.400010660290718e-06,d3c044325798,42,phase1
baseline_phase1_20260608T162505Z_d3c044325798,wing_000111,v20_a0,2026-06-08T16:25:05.731743+00:00,1.3817063696458067,0.2739659019274648,0.24163908343133922,0.8820042265526736,12.350338889388347,-0.627516592652098,NACA4412,0.3562073462456962,5.359553956540168,0.2581402910663313,20.0,0.0,1.225,0.27636517601864563,0.01253665576483962,22.04456923781389,analytic,converged,1,0.0,1.500011421740055e-06,d3c044325798,42,phase1
baseline_phase1_20260608T162505Z_d3c044325798,wing_000111,v20_a5,2026-06-08T16:25:05.731746+00:00,1.3817063696458067,0.2739659019274648,0.24163908343133922,0.8820042265526736,12.350338889388347,-0.627516592652098,NACA4412,0.3562073462456962,5.359553956540168,0.2581402910663313,20.0,5.0,1.225,0.6512255327651958,0.03683230216108292,17.68082619210487,analytic,converged,1,0.0,1.600012183189392e-06,d3c044325798,42,phase1
baseline_phase1_20260608T162505Z_d3c044325798,wing_000111,v20_a10,2026-06-08T16:25:05.731748+00:00,1.3817063696458067,0.2739659019274648,0.24163908343133922,0.8820042265526736,12.350338889388347,-0.627516592652098,NACA4412,0.3562073462456962,5.359553956540168,0.2581402910663313,20.0,10.0,1.225,1.026085889511746,0.08076478749769155,12.704619442490008,analytic,converged,1,0.0,1.3999524526298046e-06,d3c044325798,42,phase1
baseline_phase1_20260608T162505Z_d3c044325798,wing_000111,v20_a15,2026-06-08T16:25:05.731751+00:00,1.3817063696458067,0.2739659019274648,0.24163908343133922,0.8820042265526736,12.350338889388347,-0.627516592652098,NACA4412,0.3562073462456962,5.359553956540168,0.2581402910663313,20.0,15.0,1.225,1.4,0.1441489243451404,9.712177918497227,analytic,stall_limited,1,0.0,1.500011421740055e-06,d3c044325798,42,phase1
baseline_phase1_20260608T162505Z_d3c044325798,wing_000111,v25_a-5,2026-06-08T16:25:05.731753+00:00,1.3817063696458067,0.2739659019274648,0.24163908343133922,0.8820042265526736,12.350338889388347,-0.627516592652098,NACA4412,0.3562073462456962,5.359553956540168,0.2581402910663313,25.0,-5.0,1.225,-0.09849518072790454,0.007877848308961632,-12.502802397941457,analytic,converged,1,0.0,1.800013706088066e-06,d3c044325798,42,phase1
baseline_phase1_20260608T162505Z_d3c044325798,wing_000111,v25_a0,2026-06-08T16:25:05.731755+00:00,1.3817063696458067,0.2739659019274648,0.24163908343133922,0.8820042265526736,12.350338889388347,-0.627516592652098,NACA4412,0.3562073462456962,5.359553956540168,0.2581402910663313,25.0,0.0,1.225,0.27636517601864563,0.01253665576483962,22.04456923781389,analytic,converged,1,0.0,1.500011421740055e-06,d3c044325798,42,phase1
baseline_phase1_20260608T162505Z_d3c044325798,wing_000111,v25_a5,2026-06-08T16:25:05.731758+00:00,1.3817063696458067,0.2739659019274648,0.24163908343133922,0.8820042265526736,12.350338889388347,-0.627516592652098,NACA4412,0.3562073462456962,5.359553956540168,0.2581402910663313,25.0,5.0,1.225,0.6512255327651958,0.03683230216108292,17.68082619210487,analytic,converged,1,0.0,1.400010660290718e-06,d3c044325798,42,phase1
baseline_phase1_20260608T162505Z_d3c044325798,wing_000111,v25_a10,2026-06-08T16:25:05.731760+00:00,1.3817063696458067,0.2739659019274648,0.24163908343133922,0.8820042265526736,12.350338889388347,-0.627516592652098,NACA4412,0.3562073462456962,5.359553956540168,0.2581402910663313,25.0,10.0,1.225,1.026085889511746,0.08076478749769155,12.704619442490008,analytic,converged,1,0.0,1.500011421740055e-06,d3c044325798,42,phase1
baseline_phase1_20260608T162505Z_d3c044325798,wing_000111,v25_a15,2026-06-08T16:25:05.731763+00:00,1.3817063696458067,0.2739659019274648,0.24163908343133922,0.8820042265526736,12.350338889388347,-0.627516592652098,NACA4412,0.3562073462456962,5.359553956540168,0.2581402910663313,25.0,15.0,1.225,1.4,0.1441489243451404,9.712177918497227,analytic,stall_limited,1,0.0,1.500011421740055e-06,d3c044325798,42,phase1
baseline_phase1_20260608T162505Z_d3c044325798,wing_000112,v15_a-5,2026-06-08T16:25:05.731765+00:00,1.1568969264332716,0.1584468756562319,0.1572938284597568,0.9927228151915299,24.147686198540942,-2.699102488897048,NACA0012,0.18263972507083218,7.328145603984468,0.15787105385634762,15.0,-5.0,1.225,-0.49140145705661237,0.019539853153231375,-25.148677075669198,analytic,converged,1,0.0,2.400018274784088e-06,d3c044325798,42,phase1
baseline_phase1_20260608T162505Z_d3c044325798,wing_000112,v15_a0,2026-06-08T16:25:05.731768+00:00,1.1568969264332716,0.1584468756562319,0.1572938284597568,0.9927228151915299,24.147686198540942,-2.699102488897048,NACA0012,0.18263972507083218,7.328145603984468,0.15787105385634762,15.0,0.0,1.225,-0.10444382955006255,0.007757445849782766,-13.463687864864351,analytic,converged,1,0.0,1.6999547369778156e-06,d3c044325798,42,phase1
baseline_phase1_20260608T162505Z_d3c044325798,wing_000112,v15_a5,2026-06-08T16:25:05.731770+00:00,1.1568969264332716,0.1584468756562319,0.1572938284597568,0.9927228151915299,24.147686198540942,-2.699102488897048,NACA0012,0.18263972507083218,7.328145603984468,0.15787105385634762,15.0,5.0,1.225,0.2825137979564873,0.011278650000318743,25.04854729497797,analytic,converged,1,0.0,1.400010660290718e-06,d3c044325798,42,phase1
baseline_phase1_20260608T162505Z_d3c044325798,wing_000112,v15_a10,2026-06-08T16:25:05.731772+00:00,1.1568969264332716,0.1584468756562319,0.1572938284597568,0.9927228151915299,24.147686198540942,-2.699102488897048,NACA0012,0.18263972507083218,7.328145603984468,0.15787105385634762,15.0,10.0,1.225,0.6694714254630372,0.030103465604839313,22.239015077234683,analytic,converged,1,0.0,1.400010660290718e-06,d3c044325798,42,phase1
baseline_phase1_20260608T162505Z_d3c044325798,wing_000112,v15_a15,2026-06-08T16:25:05.731775+00:00,1.1568969264332716,0.1584468756562319,0.1572938284597568,0.9927228151915299,24.147686198540942,-2.699102488897048,NACA0012,0.18263972507083218,7.328145603984468,0.15787105385634762,15.0,15.0,1.225,1.056429052969587,0.06423189266334446,16.447110760173267,analytic,converged,1,0.0,1.3999524526298046e-06,d3c044325798,42,phase1
baseline_phase1_20260608T162505Z_d3c044325798,wing_000112,v20_a-5,2026-06-08T16:25:05.731777+00:00,1.1568969264332716,0.1584468756562319,0.1572938284597568,0.9927228151915299,24.147686198540942,-2.699102488897048,NACA0012,0.18263972507083218,7.328145603984468,0.15787105385634762,20.0,-5.0,1.225,-0.49140145705661237,0.019539853153231375,-25.148677075669198,analytic,converged,1,0.0,1.400010660290718e-06,d3c044325798,42,phase1
baseline_phase1_20260608T162505Z_d3c044325798,wing_000112,v20_a0,2026-06-08T16:25:05.731779+00:00,1.1568969264332716,0.1584468756562319,0.1572938284597568,0.9927228151915299,24.147686198540942,-2.699102488897048,NACA0012,0.18263972507083218,7.328145603984468,0.15787105385634762,20.0,0.0,1.225,-0.10444382955006255,0.007757445849782766,-13.463687864864351,analytic,converged,1,0.0,1.400010660290718e-06,d3c044325798,42,phase1
baseline_phase1_20260608T162505Z_d3c044325798,wing_000112,v20_a5,2026-06-08T16:25:05.731781+00:00,1.1568969264332716,0.1584468756562319,0.1572938284597568,0.9927228151915299,24.147686198540942,-2.699102488897048,NACA0012,0.18263972507083218,7.328145603984468,0.15787105385634762,20.0,5.0,1.225,0.2825137979564873,0.011278650000318743,25.04854729497797,analytic,converged,1,0.0,1.2999516911804676e-06,d3c044325798,42,phase1
baseline_phase1_20260608T162505Z_d3c044325798,wing_000112,v20_a10,2026-06-08T16:25:05.731784+00:00,1.1568969264332716,0.1584468756562319,0.1572938284597568,0.9927228151915299,24.147686198540942,-2.699102488897048,NACA0012,0.18263972507083218,7.328145603984468,0.15787105385634762,20.0,10.0,1.225,0.6694714254630372,0.030103465604839313,22.239015077234683,analytic,converged,1,0.0,1.400010660290718e-06,d3c044325798,42,phase1
baseline_phase1_20260608T162505Z_d3c044325798,wing_000112,v20_a15,2026-06-08T16:25:05.731786+00:00,1.1568969264332716,0.1584468756562319,0.1572938284597568,0.9927228151915299,24.147686198540942,-2.699102488897048,NACA0012,0.18263972507083218,7.328145603984468,0.15787105385634762,20.0,15.0,1.225,1.056429052969587,0.06423189266334446,16.447110760173267,analytic,converged,1,0.0,1.500011421740055e-06,d3c044325798,42,phase1
baseline_phase1_20260608T162505Z_d3c044325798,wing_000112,v25_a-5,2026-06-08T16:25:05.731789+00:00,1.1568969264332716,0.1584468756562319,0.1572938284597568,0.9927228151915299,24.147686198540942,-2.699102488897048,NACA0012,0.18263972507083218,7.328145603984468,0.15787105385634762,25.0,-5.0,1.225,-0.49140145705661237,0.019539853153231375,-25.148677075669198,analytic,converged,1,0.0,1.400010660290718e-06,d3c044325798,42,phase1
baseline_phase1_20260608T162505Z_d3c044325798,wing_000112,v25_a0,2026-06-08T16:25:05.731791+00:00,1.1568969264332716,0.1584468756562319,0.1572938284597568,0.9927228151915299,24.147686198540942,-2.699102488897048,NACA0012,0.18263972507083218,7.328145603984468,0.15787105385634762,25.0,0.0,1.225,-0.10444382955006255,0.007757445849782766,-13.463687864864351,analytic,converged,1,0.0,1.400010660290718e-06,d3c044325798,42,phase1
baseline_phase1_20260608T162505Z_d3c044325798,wing_000112,v25_a5,2026-06-08T16:25:05.731793+00:00,1.1568969264332716,0.1584468756562319,0.1572938284597568,0.9927228151915299,24.147686198540942,-2.699102488897048,NACA0012,0.18263972507083218,7.328145603984468,0.15787105385634762,25.0,5.0,1.225,0.2825137979564873,0.011278650000318743,25.04854729497797,analytic,converged,1,0.0,1.400010660290718e-06,d3c044325798,42,phase1
baseline_phase1_20260608T162505Z_d3c044325798,wing_000112,v25_a10,2026-06-08T16:25:05.731796+00:00,1.1568969264332716,0.1584468756562319,0.1572938284597568,0.9927228151915299,24.147686198540942,-2.699102488897048,NACA0012,0.18263972507083218,7.328145603984468,0.15787105385634762,25.0,10.0,1.225,0.6694714254630372,0.030103465604839313,22.239015077234683,analytic,converged,1,0.0,1.500011421740055e-06,d3c044325798,42,phase1
baseline_phase1_20260608T162505Z_d3c044325798,wing_000112,v25_a15,2026-06-08T16:25:05.731843+00:00,1.1568969264332716,0.1584468756562319,0.1572938284597568,0.9927228151915299,24.147686198540942,-2.699102488897048,NACA0012,0.18263972507083218,7.328145603984468,0.15787105385634762,25.0,15.0,1.225,1.056429052969587,0.06423189266334446,16.447110760173267,analytic,converged,1,0.0,1.700012944638729e-06,d3c044325798,42,phase1
baseline_phase1_20260608T162505Z_d3c044325798,wing_000113,v15_a-5,2026-06-08T16:25:05.731846+00:00,1.2099553225654331,0.42103078878463596,0.11635293508942307,0.27635255707852635,20.61331997912504,2.6461253802500204,NACA0012,0.3251051484807254,4.503133492182199,0.29748215039332715,15.0,-5.0,1.225,-0.25345268678923377,0.01254207743491775,-20.20819023837385,analytic,converged,1,0.0,1.3999524526298046e-06,d3c044325798,42,phase1
baseline_phase1_20260608T162505Z_d3c044325798,wing_000113,v15_a0,2026-06-08T16:25:05.731848+00:00,1.2099553225654331,0.42103078878463596,0.11635293508942307,0.27635255707852635,20.61331997912504,2.6461253802500204,NACA0012,0.3251051484807254,4.503133492182199,0.29748215039332715,15.0,0.0,1.225,0.09119921427601825,0.007891669417363377,11.556390600366544,analytic,converged,1,0.0,2.300017513334751e-06,d3c044325798,42,phase1
baseline_phase1_20260608T162505Z_d3c044325798,wing_000113,v15_a5,2026-06-08T16:25:05.731851+00:00,1.2099553225654331,0.42103078878463596,0.11635293508942307,0.27635255707852635,20.61331997912504,2.6461253802500204,NACA0012,0.3251051484807254,4.503133492182199,0.29748215039332715,15.0,5.0,1.225,0.43585111534127025,0.022997657847332292,18.951978424699824,analytic,converged,1,0.0,1.700012944638729e-06,d3c044325798,42,phase1
baseline_phase1_20260608T162505Z_d3c044325798,wing_000113,v15_a10,2026-06-08T16:25:05.731854+00:00,1.2099553225654331,0.42103078878463596,0.11635293508942307,0.27635255707852635,20.61331997912504,2.6461253802500204,NACA0012,0.3251051484807254,4.503133492182199,0.29748215039332715,15.0,10.0,1.225,0.7805030164065223,0.05786004272482449,13.489499482717324,analytic,converged,1,0.0,1.600012183189392e-06,d3c044325798,42,phase1
baseline_phase1_20260608T162505Z_d3c044325798,wing_000113,v15_a15,2026-06-08T16:25:05.731856+00:00,1.2099553225654331,0.42103078878463596,0.11635293508942307,0.27635255707852635,20.61331997912504,2.6461253802500204,NACA0012,0.3251051484807254,4.503133492182199,0.29748215039332715,15.0,15.0,1.225,1.1251549174717743,0.11247882404983998,10.003259964499735,analytic,converged,1,0.0,6.199989002197981e-06,d3c044325798,42,phase1
baseline_phase1_20260608T162505Z_d3c044325798,wing_000113,v20_a-5,2026-06-08T16:25:05.731858+00:00,1.2099553225654331,0.42103078878463596,0.11635293508942307,0.27635255707852635,20.61331997912504,2.6461253802500204,NACA0012,0.3251051484807254,4.503133492182199,0.29748215039332715,20.0,-5.0,1.225,-0.25345268678923377,0.01254207743491775,-20.20819023837385,analytic,converged,1,0.0,1.500011421740055e-06,d3c044325798,42,phase1
baseline_phase1_20260608T162505Z_d3c044325798,wing_000113,v20_a0,2026-06-08T16:25:05.731861+00:00,1.2099553225654331,0.42103078878463596,0.11635293508942307,0.27635255707852635,20.61331997912504,2.6461253802500204,NACA0012,0.3251051484807254,4.503133492182199,0.29748215039332715,20.0,0.0,1.225,0.09119921427601825,0.007891669417363377,11.556390600366544,analytic,converged,1,0.0,1.400010660290718e-06,d3c044325798,42,phase1
baseline_phase1_20260608T162505Z_d3c044325798,wing_000113,v20_a5,2026-06-08T16:25:05.731863+00:00,1.2099553225654331,0.42103078878463596,0.11635293508942307,0.27635255707852635,20.61331997912504,2.6461253802500204,NACA0012,0.3251051484807254,4.503133492182199,0.29748215039332715,20.0,5.0,1.225,0.43585111534127025,0.022997657847332292,18.951978424699824,analytic,converged,1,0.0,1.500011421740055e-06,d3c044325798,42,phase1
baseline_phase1_20260608T162505Z_d3c044325798,wing_000113,v20_a10,2026-06-08T16:25:05.731865+00:00,1.2099553225654331,0.42103078878463596,0.11635293508942307,0.27635255707852635,20.61331997912504,2.6461253802500204,NACA0012,0.3251051484807254,4.503133492182199,0.29748215039332715,20.0,10.0,1.225,0.7805030164065223,0.05786004272482449,13.489499482717324,analytic,converged,1,0.0,1.400010660290718e-06,d3c044325798,42,phase1
baseline_phase1_20260608T162505Z_d3c044325798,wing_000113,v20_a15,2026-06-08T16:25:05.731868+00:00,1.2099553225654331,0.42103078878463596,0.11635293508942307,0.27635255707852635,20.61331997912504,2.6461253802500204,NACA0012,0.3251051484807254,4.503133492182199,0.29748215039332715,20.0,15.0,1.225,1.1251549174717743,0.11247882404983998,10.003259964499735,analytic,converged,1,0.0,1.300009898841381e-06,d3c044325798,42,phase1
baseline_phase1_20260608T162505Z_d3c044325798,wing_000113,v25_a-5,2026-06-08T16:25:05.731871+00:00,1.2099553225654331,0.42103078878463596,0.11635293508942307,0.27635255707852635,20.61331997912504,2.6461253802500204,NACA0012,0.3251051484807254,4.503133492182199,0.29748215039332715,25.0,-5.0,1.225,-0.25345268678923377,0.01254207743491775,-20.20819023837385,analytic,converged,1,0.0,1.500011421740055e-06,d3c044325798,42,phase1
baseline_phase1_20260608T162505Z_d3c044325798,wing_000113,v25_a0,2026-06-08T16:25:05.731873+00:00,1.2099553225654331,0.42103078878463596,0.11635293508942307,0.27635255707852635,20.61331997912504,2.6461253802500204,NACA0012,0.3251051484807254,4.503133492182199,0.29748215039332715,25.0,0.0,1.225,0.09119921427601825,0.007891669417363377,11.556390600366544,analytic,converged,1,0.0,1.500011421740055e-06,d3c044325798,42,phase1
baseline_phase1_20260608T162505Z_d3c044325798,wing_000113,v25_a5,2026-06-08T16:25:05.731876+00:00,1.2099553225654331,0.42103078878463596,0.11635293508942307,0.27635255707852635,20.61331997912504,2.6461253802500204,NACA0012,0.3251051484807254,4.503133492182199,0.29748215039332715,25.0,5.0,1.225,0.43585111534127025,0.022997657847332292,18.951978424699824,analytic,converged,1,0.0,1.3999524526298046e-06,d3c044325798,42,phase1
baseline_phase1_20260608T162505Z_d3c044325798,wing_000113,v25_a10,2026-06-08T16:25:05.731878+00:00,1.2099553225654331,0.42103078878463596,0.11635293508942307,0.27635255707852635,20.61331997912504,2.6461253802500204,NACA0012,0.3251051484807254,4.503133492182199,0.29748215039332715,25.0,10.0,1.225,0.7805030164065223,0.05786004272482449,13.489499482717324,analytic,converged,1,0.0,1.500011421740055e-06,d3c044325798,42,phase1
baseline_phase1_20260608T162505Z_d3c044325798,wing_000113,v25_a15,2026-06-08T16:25:05.731880+00:00,1.2099553225654331,0.42103078878463596,0.11635293508942307,0.27635255707852635,20.61331997912504,2.6461253802500204,NACA0012,0.3251051484807254,4.503133492182199,0.29748215039332715,25.0,15.0,1.225,1.1251549174717743,0.11247882404983998,10.003259964499735,analytic,converged,1,0.0,1.500011421740055e-06,d3c044325798,42,phase1
baseline_phase1_20260608T162505Z_d3c044325798,wing_000114,v15_a-5,2026-06-08T16:25:05.731883+00:00,1.099389708240405,0.2882866670770482,0.162588230315792,0.5639810954987324,23.935579487354495,0.4249885397633939,NACA2412,0.24784361094881854,4.876695130279227,0.23127798121648524,15.0,-5.0,1.225,-0.19389118464848418,0.010086833415068752,-19.22220549006287,analytic,converged,1,0.0,1.4999532140791416e-06,d3c044325798,42,phase1
baseline_phase1_20260608T162505Z_d3c044325798,wing_000114,v15_a0,2026-06-08T16:25:05.731885+00:00,1.099389708240405,0.2882866670770482,0.162588230315792,0.5639810954987324,23.935579487354495,0.4249885397633939,NACA2412,0.24784361094881854,4.876695130279227,0.23127798121648524,15.0,0.0,1.225,0.15389497871889182,0.009018672480155896,17.064038976635683,analytic,converged,1,0.0,1.300009898841381e-06,d3c044325798,42,phase1
baseline_phase1_20260608T162505Z_d3c044325798,wing_000114,v15_a5,2026-06-08T16:25:05.731888+00:00,1.099389708240405,0.2882866670770482,0.162588230315792,0.5639810954987324,23.935579487354495,0.4249885397633939,NACA2412,0.24784361094881854,4.876695130279227,0.23127798121648524,15.0,5.0,1.225,0.5016811420862679,0.026526853214560865,18.91219957484026,analytic,converged,1,0.0,2.400018274784088e-06,d3c044325798,42,phase1
baseline_phase1_20260608T162505Z_d3c044325798,wing_000114,v15_a10,2026-06-08T16:25:05.731890+00:00,1.099389708240405,0.2882866670770482,0.162588230315792,0.5639810954987324,23.935579487354495,0.4249885397633939,NACA2412,0.24784361094881854,4.876695130279227,0.23127798121648524,15.0,10.0,1.225,0.8494673054536438,0.06261137561828364,13.567299824755553,analytic,converged,1,0.0,1.700012944638729e-06,d3c044325798,42,phase1
baseline_phase1_20260608T162505Z_d3c044325798,wing_000114,v15_a15,2026-06-08T16:25:05.731892+00:00,1.099389708240405,0.2882866670770482,0.162588230315792,0.5639810954987324,23.935579487354495,0.4249885397633939,NACA2412,0.24784361094881854,4.876695130279227,0.23127798121648524,15.0,15.0,1.225,1.1972534688210197,0.11727223969132422,10.20918055263843,analytic,converged,1,0.0,1.400010660290718e-06,d3c044325798,42,phase1
baseline_phase1_20260608T162505Z_d3c044325798,wing_000114,v20_a-5,2026-06-08T16:25:05.731895+00:00,1.099389708240405,0.2882866670770482,0.162588230315792,0.5639810954987324,23.935579487354495,0.4249885397633939,NACA2412,0.24784361094881854,4.876695130279227,0.23127798121648524,20.0,-5.0,1.225,-0.19389118464848418,0.010086833415068752,-19.22220549006287,analytic,converged,1,0.0,1.500011421740055e-06,d3c044325798,42,phase1
baseline_phase1_20260608T162505Z_d3c044325798,wing_000114,v20_a0,2026-06-08T16:25:05.731897+00:00,1.099389708240405,0.2882866670770482,0.162588230315792,0.5639810954987324,23.935579487354495,0.4249885397633939,NACA2412,0.24784361094881854,4.876695130279227,0.23127798121648524,20.0,0.0,1.225,0.15389497871889182,0.009018672480155896,17.064038976635683,analytic,converged,1,0.0,1.400010660290718e-06,d3c044325798,42,phase1
baseline_phase1_20260608T162505Z_d3c044325798,wing_000114,v20_a5,2026-06-08T16:25:05.731900+00:00,1.099389708240405,0.2882866670770482,0.162588230315792,0.5639810954987324,23.935579487354495,0.4249885397633939,NACA2412,0.24784361094881854,4.876695130279227,0.23127798121648524,20.0,5.0,1.225,0.5016811420862679,0.026526853214560865,18.91219957484026,analytic,converged,1,0.0,1.400010660290718e-06,d3c044325798,42,phase1
baseline_phase1_20260608T162505Z_d3c044325798,wing_000114,v20_a10,2026-06-08T16:25:05.731902+00:00,1.099389708240405,0.2882866670770482,0.162588230315792,0.5639810954987324,23.935579487354495,0.4249885397633939,NACA2412,0.24784361094881854,4.876695130279227,0.23127798121648524,20.0,10.0,1.225,0.8494673054536438,0.06261137561828364,13.567299824755553,analytic,converged,1,0.0,1.6999547369778156e-06,d3c044325798,42,phase1
baseline_phase1_20260608T162505Z_d3c044325798,wing_000114,v20_a15,2026-06-08T16:25:05.731905+00:00,1.099389708240405,0.2882866670770482,0.162588230315792,0.5639810954987324,23.935579487354495,0.4249885397633939,NACA2412,0.24784361094881854,4.876695130279227,0.23127798121648524,20.0,15.0,1.225,1.1972534688210197,0.11727223969132422,10.20918055263843,analytic,converged,1,0.0,1.800013706088066e-06,d3c044325798,42,phase1
baseline_phase1_20260608T162505Z_d3c044325798,wing_000114,v25_a-5,2026-06-08T16:25:05.731907+00:00,1.099389708240405,0.2882866670770482,0.162588230315792,0.5639810954987324,23.935579487354495,0.4249885397633939,NACA2412,0.24784361094881854,4.876695130279227,0.23127798121648524,25.0,-5.0,1.225,-0.19389118464848418,0.010086833415068752,-19.22220549006287,analytic,converged,1,0.0,1.800013706088066e-06,d3c044325798,42,phase1
baseline_phase1_20260608T162505Z_d3c044325798,wing_000114,v25_a0,2026-06-08T16:25:05.731909+00:00,1.099389708240405,0.2882866670770482,0.162588230315792,0.5639810954987324,23.935579487354495,0.4249885397633939,NACA2412,0.24784361094881854,4.876695130279227,0.23127798121648524,25.0,0.0,1.225,0.15389497871889182,0.009018672480155896,17.064038976635683,analytic,converged,1,0.0,2.200016751885414e-06,d3c044325798,42,phase1
baseline_phase1_20260608T162505Z_d3c044325798,wing_000114,v25_a5,2026-06-08T16:25:05.731912+00:00,1.099389708240405,0.2882866670770482,0.162588230315792,0.5639810954987324,23.935579487354495,0.4249885397633939,NACA2412,0.24784361094881854,4.876695130279227,0.23127798121648524,25.0,5.0,1.225,0.5016811420862679,0.026526853214560865,18.91219957484026,analytic,converged,1,0.0,1.400010660290718e-06,d3c044325798,42,phase1
baseline_phase1_20260608T162505Z_d3c044325798,wing_000114,v25_a10,2026-06-08T16:25:05.731914+00:00,1.099389708240405,0.2882866670770482,0.162588230315792,0.5639810954987324,23.935579487354495,0.4249885397633939,NACA2412,0.24784361094881854,4.876695130279227,0.23127798121648524,25.0,10.0,1.225,0.8494673054536438,0.06261137561828364,13.567299824755553,analytic,converged,1,0.0,1.4999532140791416e-06,d3c044325798,42,phase1
baseline_phase1_20260608T162505Z_d3c044325798,wing_000114,v25_a15,2026-06-08T16:25:05.731916+00:00,1.099389708240405,0.2882866670770482,0.162588230315792,0.5639810954987324,23.935579487354495,0.4249885397633939,NACA2412,0.24784361094881854,4.876695130279227,0.23127798121648524,25.0,15.0,1.225,1.1972534688210197,0.11727223969132422,10.20918055263843,analytic,converged,1,0.0,1.300009898841381e-06,d3c044325798,42,phase1
baseline_phase1_20260608T162505Z_d3c044325798,wing_000115,v15_a-5,2026-06-08T16:25:05.731919+00:00,1.2473587412770204,0.2479884574469336,0.17704172329073792,0.7139111437419324,17.99939500931573,1.3817491144790042,NACA0012,0.26508255562484323,5.869506674147876,0.2144888478867505,15.0,-5.0,1.225,-0.32537175210756486,0.013954439137825219,-23.316720141449814,analytic,converged,1,0.0,1.400010660290718e-06,d3c044325798,42,phase1
baseline_phase1_20260608T162505Z_d3c044325798,wing_000115,v15_a0,2026-06-08T16:25:05.731921+00:00,1.2473587412770204,0.2479884574469336,0.17704172329073792,0.7139111437419324,17.99939500931573,1.3817491144790042,NACA0012,0.26508255562484323,5.869506674147876,0.2144888478867505,15.0,0.0,1.225,0.05216628482078952,0.007373623864020564,7.074714656294548,analytic,converged,1,0.0,1.2999516911804676e-06,d3c044325798,42,phase1
baseline_phase1_20260608T162505Z_d3c044325798,wing_000115,v15_a5,2026-06-08T16:25:05.731924+00:00,1.2473587412770204,0.2479884574469336,0.17704172329073792,0.7139111437419324,17.99939500931573,1.3817491144790042,NACA0012,0.26508255562484323,5.869506674147876,0.2144888478867505,15.0,5.0,1.225,0.42970432174914386,0.018980644320841525,22.639079816553483,analytic,converged,1,0.0,1.400010660290718e-06,d3c044325798,42,phase1
baseline_phase1_20260608T162505Z_d3c044325798,wing_000115,v15_a10,2026-06-08T16:25:05.731962+00:00,1.2473587412770204,0.2479884574469336,0.17704172329073792,0.7139111437419324,17.99939500931573,1.3817491144790042,NACA0012,0.26508255562484323,5.869506674147876,0.2144888478867505,15.0,10.0,1.225,0.8072423586774982,0.048775500508288085,16.55016043434201,analytic,converged,1,0.0,2.400018274784088e-06,d3c044325798,42,phase1
baseline_phase1_20260608T162505Z_d3c044325798,wing_000115,v15_a15,2026-06-08T16:25:05.731965+00:00,1.2473587412770204,0.2479884574469336,0.17704172329073792,0.7139111437419324,17.99939500931573,1.3817491144790042,NACA0012,0.26508255562484323,5.869506674147876,0.2144888478867505,15.0,15.0,1.225,1.1847803956058527,0.0967581924263603,12.244755362782875,analytic,converged,1,0.0,1.600012183189392e-06,d3c044325798,42,phase1
baseline_phase1_20260608T162505Z_d3c044325798,wing_000115,v20_a-5,2026-06-08T16:25:05.731967+00:00,1.2473587412770204,0.2479884574469336,0.17704172329073792,0.7139111437419324,17.99939500931573,1.3817491144790042,NACA0012,0.26508255562484323,5.869506674147876,0.2144888478867505,20.0,-5.0,1.225,-0.32537175210756486,0.013954439137825219,-23.316720141449814,analytic,converged,1,0.0,1.600012183189392e-06,d3c044325798,42,phase1
baseline_phase1_20260608T162505Z_d3c044325798,wing_000115,v20_a0,2026-06-08T16:25:05.731970+00:00,1.2473587412770204,0.2479884574469336,0.17704172329073792,0.7139111437419324,17.99939500931573,1.3817491144790042,NACA0012,0.26508255562484323,5.869506674147876,0.2144888478867505,20.0,0.0,1.225,0.05216628482078952,0.007373623864020564,7.074714656294548,analytic,converged,1,0.0,1.5999539755284786e-06,d3c044325798,42,phase1
baseline_phase1_20260608T162505Z_d3c044325798,wing_000115,v20_a5,2026-06-08T16:25:05.731972+00:00,1.2473587412770204,0.2479884574469336,0.17704172329073792,0.7139111437419324,17.99939500931573,1.3817491144790042,NACA0012,0.26508255562484323,5.869506674147876,0.2144888478867505,20.0,5.0,1.225,0.42970432174914386,0.018980644320841525,22.639079816553483,analytic,converged,1,0.0,1.400010660290718e-06,d3c044325798,42,phase1
baseline_phase1_20260608T162505Z_d3c044325798,wing_000115,v20_a10,2026-06-08T16:25:05.731975+00:00,1.2473587412770204,0.2479884574469336,0.17704172329073792,0.7139111437419324,17.99939500931573,1.3817491144790042,NACA0012,0.26508255562484323,5.869506674147876,0.2144888478867505,20.0,10.0,1.225,0.8072423586774982,0.048775500508288085,16.55016043434201,analytic,converged,1,0.0,1.500011421740055e-06,d3c044325798,42,phase1
baseline_phase1_20260608T162505Z_d3c044325798,wing_000115,v20_a15,2026-06-08T16:25:05.731978+00:00,1.2473587412770204,0.2479884574469336,0.17704172329073792,0.7139111437419324,17.99939500931573,1.3817491144790042,NACA0012,0.26508255562484323,5.869506674147876,0.2144888478867505,20.0,15.0,1.225,1.1847803956058527,0.0967581924263603,12.244755362782875,analytic,converged,1,0.0,1.4999532140791416e-06,d3c044325798,42,phase1
baseline_phase1_20260608T162505Z_d3c044325798,wing_000115,v25_a-5,2026-06-08T16:25:05.731982+00:00,1.2473587412770204,0.2479884574469336,0.17704172329073792,0.7139111437419324,17.99939500931573,1.3817491144790042,NACA0012,0.26508255562484323,5.869506674147876,0.2144888478867505,25.0,-5.0,1.225,-0.32537175210756486,0.013954439137825219,-23.316720141449814,analytic,converged,1,0.0,1.500011421740055e-06,d3c044325798,42,phase1
baseline_phase1_20260608T162505Z_d3c044325798,wing_000115,v25_a0,2026-06-08T16:25:05.731984+00:00,1.2473587412770204,0.2479884574469336,0.17704172329073792,0.7139111437419324,17.99939500931573,1.3817491144790042,NACA0012,0.26508255562484323,5.869506674147876,0.2144888478867505,25.0,0.0,1.225,0.05216628482078952,0.007373623864020564,7.074714656294548,analytic,converged,1,0.0,1.500011421740055e-06,d3c044325798,42,phase1
baseline_phase1_20260608T162505Z_d3c044325798,wing_000115,v25_a5,2026-06-08T16:25:05.731986+00:00,1.2473587412770204,0.2479884574469336,0.17704172329073792,0.7139111437419324,17.99939500931573,1.3817491144790042,NACA0012,0.26508255562484323,5.869506674147876,0.2144888478867505,25.0,5.0,1.225,0.42970432174914386,0.018980644320841525,22.639079816553483,analytic,converged,1,0.0,1.3999524526298046e-06,d3c044325798,42,phase1
baseline_phase1_20260608T162505Z_d3c044325798,wing_000115,v25_a10,2026-06-08T16:25:05.731989+00:00,1.2473587412770204,0.2479884574469336,0.17704172329073792,0.7139111437419324,17.99939500931573,1.3817491144790042,NACA0012,0.26508255562484323,5.869506674147876,0.2144888478867505,25.0,10.0,1.225,0.8072423586774982,0.048775500508288085,16.55016043434201,analytic,converged,1,0.0,1.400010660290718e-06,d3c044325798,42,phase1
baseline_phase1_20260608T162505Z_d3c044325798,wing_000115,v25_a15,2026-06-08T16:25:05.731991+00:00,1.2473587412770204,0.2479884574469336,0.17704172329073792,0.7139111437419324,17.99939500931573,1.3817491144790042,NACA0012,0.26508255562484323,5.869506674147876,0.2144888478867505,25.0,15.0,1.225,1.1847803956058527,0.0967581924263603,12.244755362782875,analytic,converged,1,0.0,1.300009898841381e-06,d3c044325798,42,phase1
baseline_phase1_20260608T162505Z_d3c044325798,wing_000116,v15_a-5,2026-06-08T16:25:05.731993+00:00,1.647182637622724,0.3433304335734857,0.11208642043929046,0.3264680595677509,13.059414590840149,0.9766093778075682,NACA0012,0.37507736740530384,7.233735963476286,0.24727796831022825,15.0,-5.0,1.225,-0.3659965023882533,0.014134616030053282,-25.893628918540468,analytic,converged,1,0.0,1.4999532140791416e-06,d3c044325798,42,phase1
baseline_phase1_20260608T162505Z_d3c044325798,wing_000116,v15_a0,2026-06-08T16:25:05.731996+00:00,1.647182637622724,0.3433304335734857,0.11208642043929046,0.3264680595677509,13.059414590840149,0.9766093778075682,NACA0012,0.37507736740530384,7.233735963476286,0.24727796831022825,15.0,0.0,1.225,0.03961211826495121,0.00728123153928897,5.4403047137297085,analytic,converged,1,0.0,1.400010660290718e-06,d3c044325798,42,phase1
baseline_phase1_20260608T162505Z_d3c044325798,wing_000116,v15_a5,2026-06-08T16:25:05.731998+00:00,1.647182637622724,0.3433304335734857,0.11208642043929046,0.3264680595677509,13.059414590840149,0.9766093778075682,NACA0012,0.37507736740530384,7.233735963476286,0.24727796831022825,15.0,5.0,1.225,0.4452207389181558,0.01746170016972559,25.496986810600607,analytic,converged,1,0.0,1.500011421740055e-06,d3c044325798,42,phase1
baseline_phase1_20260608T162505Z_d3c044325798,wing_000116,v15_a10,2026-06-08T16:25:05.732001+00:00,1.647182637622724,0.3433304335734857,0.11208642043929046,0.3264680595677509,13.059414590840149,0.9766093778075682,NACA0012,0.37507736740530384,7.233735963476286,0.24727796831022825,15.0,10.0,1.225,0.8508293595713604,0.04467602192136316,19.044429718226795,analytic,converged,1,0.0,1.500011421740055e-06,d3c044325798,42,phase1
baseline_phase1_20260608T162505Z_d3c044325798,wing_000116,v15_a15,2026-06-08T16:25:05.732003+00:00,1.647182637622724,0.3433304335734857,0.11208642043929046,0.3264680595677509,13.059414590840149,0.9766093778075682,NACA0012,0.37507736740530384,7.233735963476286,0.24727796831022825,15.0,15.0,1.225,1.2564379802245649,0.08892419679420165,14.129314916752689,analytic,converged,1,0.0,2.600019797682762e-06,d3c044325798,42,phase1
baseline_phase1_20260608T162505Z_d3c044325798,wing_000116,v20_a-5,2026-06-08T16:25:05.732005+00:00,1.647182637622724,0.3433304335734857,0.11208642043929046,0.3264680595677509,13.059414590840149,0.9766093778075682,NACA0012,0.37507736740530384,7.233735963476286,0.24727796831022825,20.0,-5.0,1.225,-0.3659965023882533,0.014134616030053282,-25.893628918540468,analytic,converged,1,0.0,1.5999539755284786e-06,d3c044325798,42,phase1
baseline_phase1_20260608T162505Z_d3c044325798,wing_000116,v20_a0,2026-06-08T16:25:05.732008+00:00,1.647182637622724,0.3433304335734857,0.11208642043929046,0.3264680595677509,13.059414590840149,0.9766093778075682,NACA0012,0.37507736740530384,7.233735963476286,0.24727796831022825,20.0,0.0,1.225,0.03961211826495121,0.00728123153928897,5.4403047137297085,analytic,converged,1,0.0,1.500011421740055e-06,d3c044325798,42,phase1
baseline_phase1_20260608T162505Z_d3c044325798,wing_000116,v20_a5,2026-06-08T16:25:05.732010+00:00,1.647182637622724,0.3433304335734857,0.11208642043929046,0.3264680595677509,13.059414590840149,0.9766093778075682,NACA0012,0.37507736740530384,7.233735963476286,0.24727796831022825,20.0,5.0,1.225,0.4452207389181558,0.01746170016972559,25.496986810600607,analytic,converged,1,0.0,1.500011421740055e-06,d3c044325798,42,phase1
baseline_phase1_20260608T162505Z_d3c044325798,wing_000116,v20_a10,2026-06-08T16:25:05.732013+00:00,1.647182637622724,0.3433304335734857,0.11208642043929046,0.3264680595677509,13.059414590840149,0.9766093778075682,NACA0012,0.37507736740530384,7.233735963476286,0.24727796831022825,20.0,10.0,1.225,0.8508293595713604,0.04467602192136316,19.044429718226795,analytic,converged,1,0.0,1.600012183189392e-06,d3c044325798,42,phase1
baseline_phase1_20260608T162505Z_d3c044325798,wing_000116,v20_a15,2026-06-08T16:25:05.732015+00:00,1.647182637622724,0.3433304335734857,0.11208642043929046,0.3264680595677509,13.059414590840149,0.9766093778075682,NACA0012,0.37507736740530384,7.233735963476286,0.24727796831022825,20.0,15.0,1.225,1.2564379802245649,0.08892419679420165,14.129314916752689,analytic,converged,1,0.0,1.500011421740055e-06,d3c044325798,42,phase1
baseline_phase1_20260608T162505Z_d3c044325798,wing_000116,v25_a-5,2026-06-08T16:25:05.732017+00:00,1.647182637622724,0.3433304335734857,0.11208642043929046,0.3264680595677509,13.059414590840149,0.9766093778075682,NACA0012,0.37507736740530384,7.233735963476286,0.24727796831022825,25.0,-5.0,1.225,-0.3659965023882533,0.014134616030053282,-25.893628918540468,analytic,converged,1,0.0,1.600012183189392e-06,d3c044325798,42,phase1
baseline_phase1_20260608T162505Z_d3c044325798,wing_000116,v25_a0,2026-06-08T16:25:05.732019+00:00,1.647182637622724,0.3433304335734857,0.11208642043929046,0.3264680595677509,13.059414590840149,0.9766093778075682,NACA0012,0.37507736740530384,7.233735963476286,0.24727796831022825,25.0,0.0,1.225,0.03961211826495121,0.00728123153928897,5.4403047137297085,analytic,converged,1,0.0,1.500011421740055e-06,d3c044325798,42,phase1
baseline_phase1_20260608T162505Z_d3c044325798,wing_000116,v25_a5,2026-06-08T16:25:05.732022+00:00,1.647182637622724,0.3433304335734857,0.11208642043929046,0.3264680595677509,13.059414590840149,0.9766093778075682,NACA0012,0.37507736740530384,7.233735963476286,0.24727796831022825,25.0,5.0,1.225,0.4452207389181558,0.01746170016972559,25.496986810600607,analytic,converged,1,0.0,1.500011421740055e-06,d3c044325798,42,phase1
baseline_phase1_20260608T162505Z_d3c044325798,wing_000116,v25_a10,2026-06-08T16:25:05.732024+00:00,1.647182637622724,0.3433304335734857,0.11208642043929046,0.3264680595677509,13.059414590840149,0.9766093778075682,NACA0012,0.37507736740530384,7.233735963476286,0.24727796831022825,25.0,10.0,1.225,0.8508293595713604,0.04467602192136316,19.044429718226795,analytic,converged,1,0.0,1.5999539755284786e-06,d3c044325798,42,phase1
baseline_phase1_20260608T162505Z_d3c044325798,wing_000116,v25_a15,2026-06-08T16:25:05.732026+00:00,1.647182637622724,0.3433304335734857,0.11208642043929046,0.3264680595677509,13.059414590840149,0.9766093778075682,NACA0012,0.37507736740530384,7.233735963476286,0.24727796831022825,25.0,15.0,1.225,1.2564379802245649,0.08892419679420165,14.129314916752689,analytic,converged,1,0.0,1.500011421740055e-06,d3c044325798,42,phase1
baseline_phase1_20260608T162505Z_d3c044325798,wing_000117,v15_a-5,2026-06-08T16:25:05.732030+00:00,1.6648658184092202,0.2640683366572334,0.16642530356534754,0.6302357400060853,5.496385042373731,2.4129081993213175,NACA4412,0.35835707332456584,7.7346825265452175,0.21893799423504506,15.0,-5.0,1.225,0.017298123011442013,0.007214487273908308,2.3976926363155244,analytic,converged,1,0.0,1.500011421740055e-06,d3c044325798,42,phase1
baseline_phase1_20260608T162505Z_d3c044325798,wing_000117,v15_a0,2026-06-08T16:25:05.732033+00:00,1.6648658184092202,0.2640683366572334,0.16642530356534754,0.6302357400060853,5.496385042373731,2.4129081993213175,NACA4412,0.35835707332456584,7.7346825265452175,0.21893799423504506,15.0,0.0,1.225,0.43623199353942677,0.016413480832880432,26.577664907345042,analytic,converged,1,0.0,1.2999516911804676e-06,d3c044325798,42,phase1
baseline_phase1_20260608T162505Z_d3c044325798,wing_000117,v15_a5,2026-06-08T16:25:05.732035+00:00,1.6648658184092202,0.2640683366572334,0.16642530356534754,0.6302357400060853,5.496385042373731,2.4129081993213175,NACA4412,0.35835707332456584,7.7346825265452175,0.21893799423504506,15.0,5.0,1.225,0.8551658640674115,0.04260702375466184,20.071006813139434,analytic,converged,1,0.0,1.400010660290718e-06,d3c044325798,42,phase1
baseline_phase1_20260608T162505Z_d3c044325798,wing_000117,v15_a10,2026-06-08T16:25:05.732037+00:00,1.6648658184092202,0.2640683366572334,0.16642530356534754,0.6302357400060853,5.496385042373731,2.4129081993213175,NACA4412,0.35835707332456584,7.7346825265452175,0.21893799423504506,15.0,10.0,1.225,1.2740997345953962,0.08579511603925252,14.850492585294445,analytic,converged,1,0.0,1.500011421740055e-06,d3c044325798,42,phase1
baseline_phase1_20260608T162505Z_d3c044325798,wing_000117,v15_a15,2026-06-08T16:25:05.732040+00:00,1.6648658184092202,0.2640683366572334,0.16642530356534754,0.6302357400060853,5.496385042373731,2.4129081993213175,NACA4412,0.35835707332456584,7.7346825265452175,0.21893799423504506,15.0,15.0,1.225,1.4,0.10209531687938068,13.712675985461836,analytic,stall_limited,1,0.0,1.500011421740055e-06,d3c044325798,42,phase1
baseline_phase1_20260608T162505Z_d3c044325798,wing_000117,v20_a-5,2026-06-08T16:25:05.732042+00:00,1.6648658184092202,0.2640683366572334,0.16642530356534754,0.6302357400060853,5.496385042373731,2.4129081993213175,NACA4412,0.35835707332456584,7.7346825265452175,0.21893799423504506,20.0,-5.0,1.225,0.017298123011442013,0.007214487273908308,2.3976926363155244,analytic,converged,1,0.0,2.300017513334751e-06,d3c044325798,42,phase1
baseline_phase1_20260608T162505Z_d3c044325798,wing_000117,v20_a0,2026-06-08T16:25:05.732045+00:00,1.6648658184092202,0.2640683366572334,0.16642530356534754,0.6302357400060853,5.496385042373731,2.4129081993213175,NACA4412,0.35835707332456584,7.7346825265452175,0.21893799423504506,20.0,0.0,1.225,0.43623199353942677,0.016413480832880432,26.577664907345042,analytic,converged,1,0.0,1.4999532140791416e-06,d3c044325798,42,phase1
baseline_phase1_20260608T162505Z_d3c044325798,wing_000117,v20_a5,2026-06-08T16:25:05.732047+00:00,1.6648658184092202,0.2640683366572334,0.16642530356534754,0.6302357400060853,5.496385042373731,2.4129081993213175,NACA4412,0.35835707332456584,7.7346825265452175,0.21893799423504506,20.0,5.0,1.225,0.8551658640674115,0.04260702375466184,20.071006813139434,analytic,converged,1,0.0,2.200016751885414e-06,d3c044325798,42,phase1
baseline_phase1_20260608T162505Z_d3c044325798,wing_000117,v20_a10,2026-06-08T16:25:05.732087+00:00,1.6648658184092202,0.2640683366572334,0.16642530356534754,0.6302357400060853,5.496385042373731,2.4129081993213175,NACA4412,0.35835707332456584,7.7346825265452175,0.21893799423504506,20.0,10.0,1.225,1.2740997345953962,0.08579511603925252,14.850492585294445,analytic,converged,1,0.0,1.500011421740055e-06,d3c044325798,42,phase1
baseline_phase1_20260608T162505Z_d3c044325798,wing_000117,v20_a15,2026-06-08T16:25:05.732090+00:00,1.6648658184092202,0.2640683366572334,0.16642530356534754,0.6302357400060853,5.496385042373731,2.4129081993213175,NACA4412,0.35835707332456584,7.7346825265452175,0.21893799423504506,20.0,15.0,1.225,1.4,0.10209531687938068,13.712675985461836,analytic,stall_limited,1,0.0,1.500011421740055e-06,d3c044325798,42,phase1
baseline_phase1_20260608T162505Z_d3c044325798,wing_000117,v25_a-5,2026-06-08T16:25:05.732093+00:00,1.6648658184092202,0.2640683366572334,0.16642530356534754,0.6302357400060853,5.496385042373731,2.4129081993213175,NACA4412,0.35835707332456584,7.7346825265452175,0.21893799423504506,25.0,-5.0,1.225,0.017298123011442013,0.007214487273908308,2.3976926363155244,analytic,converged,1,0.0,1.500011421740055e-06,d3c044325798,42,phase1
baseline_phase1_20260608T162505Z_d3c044325798,wing_000117,v25_a0,2026-06-08T16:25:05.732095+00:00,1.6648658184092202,0.2640683366572334,0.16642530356534754,0.6302357400060853,5.496385042373731,2.4129081993213175,NACA4412,0.35835707332456584,7.7346825265452175,0.21893799423504506,25.0,0.0,1.225,0.43623199353942677,0.016413480832880432,26.577664907345042,analytic,converged,1,0.0,1.300009898841381e-06,d3c044325798,42,phase1
baseline_phase1_20260608T162505Z_d3c044325798,wing_000117,v25_a5,2026-06-08T16:25:05.732098+00:00,1.6648658184092202,0.2640683366572334,0.16642530356534754,0.6302357400060853,5.496385042373731,2.4129081993213175,NACA4412,0.35835707332456584,7.7346825265452175,0.21893799423504506,25.0,5.0,1.225,0.8551658640674115,0.04260702375466184,20.071006813139434,analytic,converged,1,0.0,1.400010660290718e-06,d3c044325798,42,phase1
baseline_phase1_20260608T162505Z_d3c044325798,wing_000117,v25_a10,2026-06-08T16:25:05.732100+00:00,1.6648658184092202,0.2640683366572334,0.16642530356534754,0.6302357400060853,5.496385042373731,2.4129081993213175,NACA4412,0.35835707332456584,7.7346825265452175,0.21893799423504506,25.0,10.0,1.225,1.2740997345953962,0.08579511603925252,14.850492585294445,analytic,converged,1,0.0,1.600012183189392e-06,d3c044325798,42,phase1
baseline_phase1_20260608T162505Z_d3c044325798,wing_000117,v25_a15,2026-06-08T16:25:05.732103+00:00,1.6648658184092202,0.2640683366572334,0.16642530356534754,0.6302357400060853,5.496385042373731,2.4129081993213175,NACA4412,0.35835707332456584,7.7346825265452175,0.21893799423504506,25.0,15.0,1.225,1.4,0.10209531687938068,13.712675985461836,analytic,stall_limited,1,0.0,1.6999547369778156e-06,d3c044325798,42,phase1
baseline_phase1_20260608T162505Z_d3c044325798,wing_000118,v15_a-5,2026-06-08T16:25:05.732105+00:00,1.6171525228474088,0.24615150974375094,0.24492869145923318,0.9950322535669567,2.1100221748818417,-0.10573866861226744,NACA4412,0.3970757931479095,6.586103528042547,0.24554060808294256,15.0,-5.0,1.225,-0.08502607035014743,0.007611061557959788,-11.171381245921681,analytic,converged,1,0.0,1.400010660290718e-06,d3c044325798,42,phase1
baseline_phase1_20260608T162505Z_d3c044325798,wing_000118,v15_a0,2026-06-08T16:25:05.732107+00:00,1.6171525228474088,0.24615150974375094,0.24492869145923318,0.9950322535669567,2.1100221748818417,-0.10573866861226744,NACA4412,0.3970757931479095,6.586103528042547,0.24554060808294256,15.0,0.0,1.225,0.31875656240257516,0.012977246758305154,24.562726465733412,analytic,converged,1,0.0,1.300009898841381e-06,d3c044325798,42,phase1
baseline_phase1_20260608T162505Z_d3c044325798,wing_000118,v15_a5,2026-06-08T16:25:05.732110+00:00,1.6171525228474088,0.24615150974375094,0.24492869145923318,0.9950322535669567,2.1100221748818417,-0.10573866861226744,NACA4412,0.3970757931479095,6.586103528042547,0.24554060808294256,15.0,5.0,1.225,0.7225391951552976,0.036884208294740393,19.589391464810976,analytic,converged,1,0.0,1.4999532140791416e-06,d3c044325798,42,phase1
baseline_phase1_20260608T162505Z_d3c044325798,wing_000118,v15_a10,2026-06-08T16:25:05.732112+00:00,1.6171525228474088,0.24615150974375094,0.24492869145923318,0.9950322535669567,2.1100221748818417,-0.10573866861226744,NACA4412,0.3970757931479095,6.586103528042547,0.24554060808294256,15.0,10.0,1.225,1.1263218279080203,0.07933194616726552,14.197582214020747,analytic,converged,1,0.0,1.500011421740055e-06,d3c044325798,42,phase1
baseline_phase1_20260608T162505Z_d3c044325798,wing_000118,v15_a15,2026-06-08T16:25:05.732114+00:00,1.6171525228474088,0.24615150974375094,0.24492869145923318,0.9950322535669567,2.1100221748818417,-0.10573866861226744,NACA4412,0.3970757931479095,6.586103528042547,0.24554060808294256,15.0,15.0,1.225,1.4,0.1186445204501765,11.799954980541347,analytic,stall_limited,1,0.0,1.500011421740055e-06,d3c044325798,42,phase1
baseline_phase1_20260608T162505Z_d3c044325798,wing_000118,v20_a-5,2026-06-08T16:25:05.732117+00:00,1.6171525228474088,0.24615150974375094,0.24492869145923318,0.9950322535669567,2.1100221748818417,-0.10573866861226744,NACA4412,0.3970757931479095,6.586103528042547,0.24554060808294256,20.0,-5.0,1.225,-0.08502607035014743,0.007611061557959788,-11.171381245921681,analytic,converged,1,0.0,2.4999608285725117e-06,d3c044325798,42,phase1
baseline_phase1_20260608T162505Z_d3c044325798,wing_000118,v20_a0,2026-06-08T16:25:05.732119+00:00,1.6171525228474088,0.24615150974375094,0.24492869145923318,0.9950322535669567,2.1100221748818417,-0.10573866861226744,NACA4412,0.3970757931479095,6.586103528042547,0.24554060808294256,20.0,0.0,1.225,0.31875656240257516,0.012977246758305154,24.562726465733412,analytic,converged,1,0.0,1.700012944638729e-06,d3c044325798,42,phase1
baseline_phase1_20260608T162505Z_d3c044325798,wing_000118,v20_a5,2026-06-08T16:25:05.732122+00:00,1.6171525228474088,0.24615150974375094,0.24492869145923318,0.9950322535669567,2.1100221748818417,-0.10573866861226744,NACA4412,0.3970757931479095,6.586103528042547,0.24554060808294256,20.0,5.0,1.225,0.7225391951552976,0.036884208294740393,19.589391464810976,analytic,converged,1,0.0,1.3999524526298046e-06,d3c044325798,42,phase1
baseline_phase1_20260608T162505Z_d3c044325798,wing_000118,v20_a10,2026-06-08T16:25:05.732124+00:00,1.6171525228474088,0.24615150974375094,0.24492869145923318,0.9950322535669567,2.1100221748818417,-0.10573866861226744,NACA4412,0.3970757931479095,6.586103528042547,0.24554060808294256,20.0,10.0,1.225,1.1263218279080203,0.07933194616726552,14.197582214020747,analytic,converged,1,0.0,1.500011421740055e-06,d3c044325798,42,phase1
baseline_phase1_20260608T162505Z_d3c044325798,wing_000118,v20_a15,2026-06-08T16:25:05.732126+00:00,1.6171525228474088,0.24615150974375094,0.24492869145923318,0.9950322535669567,2.1100221748818417,-0.10573866861226744,NACA4412,0.3970757931479095,6.586103528042547,0.24554060808294256,20.0,15.0,1.225,1.4,0.1186445204501765,11.799954980541347,analytic,stall_limited,1,0.0,1.500011421740055e-06,d3c044325798,42,phase1
baseline_phase1_20260608T162505Z_d3c044325798,wing_000118,v25_a-5,2026-06-08T16:25:05.732129+00:00,1.6171525228474088,0.24615150974375094,0.24492869145923318,0.9950322535669567,2.1100221748818417,-0.10573866861226744,NACA4412,0.3970757931479095,6.586103528042547,0.24554060808294256,25.0,-5.0,1.225,-0.08502607035014743,0.007611061557959788,-11.171381245921681,analytic,converged,1,0.0,1.4999532140791416e-06,d3c044325798,42,phase1
baseline_phase1_20260608T162505Z_d3c044325798,wing_000118,v25_a0,2026-06-08T16:25:05.732131+00:00,1.6171525228474088,0.24615150974375094,0.24492869145923318,0.9950322535669567,2.1100221748818417,-0.10573866861226744,NACA4412,0.3970757931479095,6.586103528042547,0.24554060808294256,25.0,0.0,1.225,0.31875656240257516,0.012977246758305154,24.562726465733412,analytic,converged,1,0.0,1.500011421740055e-06,d3c044325798,42,phase1
baseline_phase1_20260608T162505Z_d3c044325798,wing_000118,v25_a5,2026-06-08T16:25:05.732133+00:00,1.6171525228474088,0.24615150974375094,0.24492869145923318,0.9950322535669567,2.1100221748818417,-0.10573866861226744,NACA4412,0.3970757931479095,6.586103528042547,0.24554060808294256,25.0,5.0,1.225,0.7225391951552976,0.036884208294740393,19.589391464810976,analytic,converged,1,0.0,1.500011421740055e-06,d3c044325798,42,phase1
baseline_phase1_20260608T162505Z_d3c044325798,wing_000118,v25_a10,2026-06-08T16:25:05.732136+00:00,1.6171525228474088,0.24615150974375094,0.24492869145923318,0.9950322535669567,2.1100221748818417,-0.10573866861226744,NACA4412,0.3970757931479095,6.586103528042547,0.24554060808294256,25.0,10.0,1.225,1.1263218279080203,0.07933194616726552,14.197582214020747,analytic,converged,1,0.0,1.5999539755284786e-06,d3c044325798,42,phase1
baseline_phase1_20260608T162505Z_d3c044325798,wing_000118,v25_a15,2026-06-08T16:25:05.732138+00:00,1.6171525228474088,0.24615150974375094,0.24492869145923318,0.9950322535669567,2.1100221748818417,-0.10573866861226744,NACA4412,0.3970757931479095,6.586103528042547,0.24554060808294256,25.0,15.0,1.225,1.4,0.1186445204501765,11.799954980541347,analytic,stall_limited,1,0.0,1.500011421740055e-06,d3c044325798,42,phase1
baseline_phase1_20260608T162505Z_d3c044325798,wing_000119,v15_a-5,2026-06-08T16:25:05.732141+00:00,1.796919021609324,0.3678187507031652,0.1364677728962354,0.3710190756598126,2.6635256023705893,-3.643901067374927,NACA2412,0.45308102329850114,7.126579583303621,0.2698327010461939,15.0,-5.0,1.225,-0.3972114679355712,0.015490746178565041,-25.641855037635523,analytic,converged,1,0.0,1.500011421740055e-06,d3c044325798,42,phase1
baseline_phase1_20260608T162505Z_d3c044325798,wing_000119,v15_a0,2026-06-08T16:25:05.732143+00:00,1.796919021609324,0.3678187507031652,0.1364677728962354,0.3710190756598126,2.6635256023705893,-3.643901067374927,NACA2412,0.45308102329850114,7.126579583303621,0.2698327010461939,15.0,0.0,1.225,0.014666946370572538,0.007211303930281195,2.0338827086435978,analytic,converged,1,0.0,1.500011421740055e-06,d3c044325798,42,phase1
baseline_phase1_20260608T162505Z_d3c044325798,wing_000119,v15_a5,2026-06-08T16:25:05.732145+00:00,1.796919021609324,0.3678187507031652,0.1364677728962354,0.3710190756598126,2.6635256023705893,-3.643901067374927,NACA2412,0.45308102329850114,7.126579583303621,0.2698327010461939,15.0,5.0,1.225,0.42654536067671633,0.016760497839752524,25.449444566320498,analytic,converged,1,0.0,2.200016751885414e-06,d3c044325798,42,phase1
baseline_phase1_20260608T162505Z_d3c044325798,wing_000119,v15_a10,2026-06-08T16:25:05.732148+00:00,1.796919021609324,0.3678187507031652,0.1364677728962354,0.3710190756598126,2.6635256023705893,-3.643901067374927,NACA2412,0.45308102329850114,7.126579583303621,0.2698327010461939,15.0,10.0,1.225,0.83842377498286,0.04413832790697902,18.995367852398665,analytic,converged,1,0.0,1.9999570213258266e-06,d3c044325798,42,phase1
baseline_phase1_20260608T162505Z_d3c044325798,wing_000119,v15_a15,2026-06-08T16:25:05.732151+00:00,1.796919021609324,0.3678187507031652,0.1364677728962354,0.3710190756598126,2.6635256023705893,-3.643901067374927,NACA2412,0.45308102329850114,7.126579583303621,0.2698327010461939,15.0,15.0,1.225,1.2503021892890038,0.0893447941319607,13.994124687805865,analytic,converged,1,0.0,1.600012183189392e-06,d3c044325798,42,phase1
baseline_phase1_20260608T162505Z_d3c044325798,wing_000119,v20_a-5,2026-06-08T16:25:05.732153+00:00,1.796919021609324,0.3678187507031652,0.1364677728962354,0.3710190756598126,2.6635256023705893,-3.643901067374927,NACA2412,0.45308102329850114,7.126579583303621,0.2698327010461939,20.0,-5.0,1.225,-0.3972114679355712,0.015490746178565041,-25.641855037635523,analytic,converged,1,0.0,1.4999532140791416e-06,d3c044325798,42,phase1
baseline_phase1_20260608T162505Z_d3c044325798,wing_000119,v20_a0,2026-06-08T16:25:05.732156+00:00,1.796919021609324,0.3678187507031652,0.1364677728962354,0.3710190756598126,2.6635256023705893,-3.643901067374927,NACA2412,0.45308102329850114,7.126579583303621,0.2698327010461939,20.0,0.0,1.225,0.014666946370572538,0.007211303930281195,2.0338827086435978,analytic,converged,1,0.0,1.500011421740055e-06,d3c044325798,42,phase1
baseline_phase1_20260608T162505Z_d3c044325798,wing_000119,v20_a5,2026-06-08T16:25:05.732158+00:00,1.796919021609324,0.3678187507031652,0.1364677728962354,0.3710190756598126,2.6635256023705893,-3.643901067374927,NACA2412,0.45308102329850114,7.126579583303621,0.2698327010461939,20.0,5.0,1.225,0.42654536067671633,0.016760497839752524,25.449444566320498,analytic,converged,1,0.0,1.500011421740055e-06,d3c044325798,42,phase1
baseline_phase1_20260608T162505Z_d3c044325798,wing_000119,v20_a10,2026-06-08T16:25:05.732161+00:00,1.796919021609324,0.3678187507031652,0.1364677728962354,0.3710190756598126,2.6635256023705893,-3.643901067374927,NACA2412,0.45308102329850114,7.126579583303621,0.2698327010461939,20.0,10.0,1.225,0.83842377498286,0.04413832790697902,18.995367852398665,analytic,converged,1,0.0,2.1999585442245007e-06,d3c044325798,42,phase1
baseline_phase1_20260608T162505Z_d3c044325798,wing_000119,v20_a15,2026-06-08T16:25:05.732163+00:00,1.796919021609324,0.3678187507031652,0.1364677728962354,0.3710190756598126,2.6635256023705893,-3.643901067374927,NACA2412,0.45308102329850114,7.126579583303621,0.2698327010461939,20.0,15.0,1.225,1.2503021892890038,0.0893447941319607,13.994124687805865,analytic,converged,1,0.0,1.500011421740055e-06,d3c044325798,42,phase1
baseline_phase1_20260608T162505Z_d3c044325798,wing_000119,v25_a-5,2026-06-08T16:25:05.732165+00:00,1.796919021609324,0.3678187507031652,0.1364677728962354,0.3710190756598126,2.6635256023705893,-3.643901067374927,NACA2412,0.45308102329850114,7.126579583303621,0.2698327010461939,25.0,-5.0,1.225,-0.3972114679355712,0.015490746178565041,-25.641855037635523,analytic,converged,1,0.0,1.7999554984271526e-06,d3c044325798,42,phase1
baseline_phase1_20260608T162505Z_d3c044325798,wing_000119,v25_a0,2026-06-08T16:25:05.732168+00:00,1.796919021609324,0.3678187507031652,0.1364677728962354,0.3710190756598126,2.6635256023705893,-3.643901067374927,NACA2412,0.45308102329850114,7.126579583303621,0.2698327010461939,25.0,0.0,1.225,0.014666946370572538,0.007211303930281195,2.0338827086435978,analytic,converged,1,0.0,1.800013706088066e-06,d3c044325798,42,phase1
baseline_phase1_20260608T162505Z_d3c044325798,wing_000119,v25_a5,2026-06-08T16:25:05.732171+00:00,1.796919021609324,0.3678187507031652,0.1364677728962354,0.3710190756598126,2.6635256023705893,-3.643901067374927,NACA2412,0.45308102329850114,7.126579583303621,0.2698327010461939,25.0,5.0,1.225,0.42654536067671633,0.016760497839752524,25.449444566320498,analytic,converged,1,0.0,1.400010660290718e-06,d3c044325798,42,phase1
baseline_phase1_20260608T162505Z_d3c044325798,wing_000119,v25_a10,2026-06-08T16:25:05.732173+00:00,1.796919021609324,0.3678187507031652,0.1364677728962354,0.3710190756598126,2.6635256023705893,-3.643901067374927,NACA2412,0.45308102329850114,7.126579583303621,0.2698327010461939,25.0,10.0,1.225,0.83842377498286,0.04413832790697902,18.995367852398665,analytic,converged,1,0.0,1.3999524526298046e-06,d3c044325798,42,phase1
baseline_phase1_20260608T162505Z_d3c044325798,wing_000119,v25_a15,2026-06-08T16:25:05.732176+00:00,1.796919021609324,0.3678187507031652,0.1364677728962354,0.3710190756598126,2.6635256023705893,-3.643901067374927,NACA2412,0.45308102329850114,7.126579583303621,0.2698327010461939,25.0,15.0,1.225,1.2503021892890038,0.0893447941319607,13.994124687805865,analytic,converged,1,0.0,1.500011421740055e-06,d3c044325798,42,phase1
