eval_index,span_m,root_chord_m,tip_chord_m,sweep_deg,twist_deg,airfoil_id,feasible,penalty,cost,obj_cl,obj_cd,CL,CD,LD,wing_area_m2,aspect_ratio
0,1.7739560485559633,0.3036074539132183,0.2646494799778456,20.921040871780917,-4.058226521123505,NACA2412,True,0.0,-14.762393239839183,-0.30084548927870564,0.016300976228622508,0.30084548927870564,0.016300976228622508,14.762393239839183,0.5040314125049595,6.243499877455203
1,1.761139701990353,0.42512250684693376,0.08202840816888647,13.511578136867014,-1.2920197576741876,NACA4412,True,0.0,-21.498005571940087,-0.5898373030081024,0.029658888800370625,0.5898373030081024,0.029658888800370625,21.498005571940087,0.44658180566754824,6.945229318714393
2,1.9267649888486018,0.3753527920282326,0.2556904033177075,13.302425964819934,-2.727612782152231,NACA0012,True,0.0,-9.82467554078602,-0.20461089891989692,0.013707981237373816,0.20461089891989692,0.013707981237373816,9.82467554078602,0.6079359676218532,6.106602537065129
3,1.0638172561041754,0.4396709101974037,0.20791609978051623,22.742632202561214,-1.4547403187013161,NACA2412,True,0.0,-13.246446791337945,-0.32114359669754305,0.02346551755527206,0.32114359669754305,0.02346551755527206,13.246446791337945,0.34445711802170903,3.2854805291429403
4,1.9706980243949033,0.4625923924627692,0.24459587426844048,5.839161235559027,-0.3327899627296578,NACA2412,True,0.0,-18.249596242946946,-0.44817782387239724,0.024926671618592328,0.44817782387239724,0.024926671618592328,18.249596242946946,0.6968272600612254,5.573333487287431
5,1.154289492067548,0.3890671336348591,0.2361905389769543,29.0252919730263,-1.7417464186184803,NACA0012,True,0.0,-8.942322909672844,-0.19268114081305454,0.015067611582025853,0.19268114081305454,0.015067611582025853,8.942322909672844,0.36086418066521364,3.6922041667905448
6,1.3704597060348689,0.3143445339465327,0.09736783977107143,3.8976451600641493,-0.24295073774066278,NACA0012,True,0.0,-14.826533043292672,-0.31372081896645404,0.01666189412704592,0.31372081896645404,0.01666189412704592,14.826533043292672,0.2821176093279729,6.657364672623976
7,1.6698139946825103,0.30300317160531576,0.2581695490144594,21.007953060067475,-1.8763335861795891,NACA0012,True,0.0,-11.268432752565937,-0.228946381416444,0.014251218303865755,0.228946381416444,0.014251218303865755,11.268432752565937,0.46852703116247957,5.951158826246294
8,1.832259801395201,0.4316675251238806,0.14686959475754363,8.649843117907324,1.8249550397497547,NACA2412,True,0.0,-20.359053276689824,-0.5481207642071699,0.02892739211689895,0.5481207642071699,0.02892739211689895,20.359053276689824,0.530015154186845,6.33411319146034
9,1.1999082024751084,0.2467310943755346,0.15257679441285193,19.945525697760964,2.0516537862633513,NACA0012,True,0.0,-17.519140859149037,-0.37870997334304984,0.019910527334717452,0.37870997334304984,0.019910527334717452,17.519140859149037,0.2395664055351017,6.009939879304516
10,1.780729031021968,0.310620521438419,0.19218529898822345,4.193909943829723,-3.8546992646402654,NACA2412,True,0.0,-16.036977020345265,-0.33457581026322664,0.016924228463795963,0.33457581026322664,0.016924228463795963,16.036977020345265,0.4476804607002703,7.083167929563655
11,1.4710962061431325,0.34783263726841607,0.24124971435400638,19.041549600017724,0.535794006579958,NACA4412,True,0.0,-17.556712412204952,-0.5929910541811203,0.03767934620002517,0.5929910541811203,0.03767934620002517,17.556712412204952,0.43329840628881017,4.994534981710146
12,1.5592071607454137,0.25638253432191427,0.057704458641984854,13.10152167697087,-2.854153271804708,NACA0012,True,0.0,-12.653996667448917,-0.22327249483510178,0.012109911922771924,0.22327249483510178,0.012109911922771924,12.653996667448917,0.24486334426315295,9.92850513185452
13,1.8534030732681661,0.23187882005286925,0.06457568542226651,8.441516760659896,-2.064062422333164,NACA2412,True,0.0,-25.283288121338245,-0.4543281072878917,0.016053767462644013,0.4543281072878917,0.016053767462644013,25.283288121338245,0.2747248457659055,12.503794268855291
14,1.661916514726895,0.3449612533194474,0.24597455227660336,19.929406209821625,-0.9361313855992943,NACA2412,True,0.0,-17.95494771659374,-0.4093348534483043,0.02224386038337864,0.4093348534483043,0.02224386038337864,17.95494771659374,0.4910429872317593,5.624693914258905
15,1.166972919907704,0.15794922559685115,0.07251196519391044,21.67078051789351,-0.3812276974861266,NACA4412,True,0.0,-26.76829262041073,-0.6545404490895101,0.02581284990770542,0.6545404490895101,0.02581284990770542,26.76829262041073,0.13447098437125077,10.127283608173421
16,1.1612717790336018,0.3253656712861772,0.08807802567829211,20.88961125233208,-0.5384372442596934,NACA0012,True,0.0,-13.1604350649661,-0.2747267939302705,0.01608716736070672,0.2747267939302705,0.01608716736070672,13.1604350649661,0.24006024875207932,5.617557058239055
17,1.3015120891478764,0.37059890759161096,0.14045315263834762,2.62949757948303,-3.819940978794847,NACA2412,True,0.0,-13.458832566174166,-0.30657532422700834,0.018516472825446505,0.30657532422700834,0.018516472825446505,13.458832566174166,0.3325702172866099,5.093461862035087
18,1.9618976645495145,0.4680032417476624,0.2249267834526874,7.9760988437855875,4.6917637734772395,NACA0012,True,0.0,-18.922010078641716,-0.4882540093956247,0.02714133704088717,0.4882540093956247,0.02714133704088717,18.922010078641716,0.6797288990684013,5.662614097238066
19,1.7168901891589956,0.30727652575032605,0.11806039046128976,2.891728864604979,4.026023965438416,NACA4412,True,0.0,-21.232922235062645,-0.8494036553390273,0.04422781696604732,0.8494036553390273,0.04422781696604732,21.232922235062645,0.36512838926543245,8.073083354489736
20,1.455776289833611,0.2208271776783306,0.12648915603766314,17.376587068256878,-3.2322721706076827,NACA2412,True,0.0,-18.768546103588744,-0.36187012054735845,0.016296521062210693,0.36187012054735845,0.016296521062210693,18.768546103588744,0.2528074418478408,8.382999292074892
21,1.75851952983521,0.4018120345828279,0.15802325994377592,18.819265221073294,0.840979689127356,NACA4412,True,0.0,-19.94360524122339,-0.645283295123829,0.0357547186320517,0.645283295123829,0.0357547186320517,19.94360524122339,0.4922406494580399,6.282274615508879
22,1.6498466015548199,0.17955551239896117,0.15395185054265242,1.2484252158567744,-0.06009180755481047,NACA0012,True,0.0,-18.7719021977603,-0.35164380868796985,0.015047823618356689,0.35164380868796985,0.015047823618356689,18.7719021977603,0.27511799467136555,9.89391410733954
23,1.144524188866047,0.19691114304442803,0.18619103870289305,5.117789056106583,4.2512011837679715,NACA0012,True,0.0,-19.270396372522328,-0.48057535154943604,0.025789608929163904,0.48057535154943604,0.025789608929163904,19.270396372522328,0.21923485690858277,5.97503352053959
24,1.5810611397003949,0.27140443158719296,0.19772887287035418,0.6841161308909249,4.585592132414453,NACA2412,True,0.0,-20.569326640427647,-0.6740569797320627,0.03635839526314479,0.6740569797320627,0.03635839526314479,20.569326640427647,0.3708642185085309,6.740349170172669
25,1.7827352272502863,0.17895549997285348,0.1716645827095401,14.721209830635628,4.378264549749829,NACA2412,True,0.0,-26.518315209778663,-0.7097308224486006,0.028700239456852777,0.7097308224486006,0.028700239456852777,26.518315209778663,0.31253138638965555,10.169042307055543
26,1.5717280523760753,0.3157212903699338,0.1167439157729734,9.947069920276565,0.20672402471537765,NACA4412,True,0.0,-21.71965811056019,-0.6636687942823914,0.033578436444140464,0.6636687942823914,0.033578436444140464,21.71965811056019,0.3398588480857047,7.268691353896809
27,1.0216120798803305,0.43920217346802526,0.2740401929599417,4.207472669958323,0.5403614353904942,NACA2412,True,0.0,-13.205111209983071,-0.376962565301465,0.030815700321627254,0.376962565301465,0.030815700321627254,13.205111209983071,0.3643285087126221,2.864698251161744
28,1.1085757411354435,0.38528403256393406,0.12030844595975208,19.782679040757053,2.269946142868826,NACA4412,True,0.0,-15.6537136828117,-0.6263846787610635,0.04498854985263174,0.6263846787610635,0.04498854985263174,15.6537136828117,0.2802437782959506,4.385254085948625
29,1.1077409459558964,0.4706041457981628,0.1075534977237202,1.1223766852853934,0.5485246939148336,NACA4412,True,0.0,-14.888163928983184,-0.5621127814167984,0.04288939969635142,0.5621127814167984,0.04288939969635142,14.888163928983184,0.3202244474732813,3.8319685240448402
30,1.3709222838624386,0.44042641009634453,0.25206286801607547,9.51416678468146,4.5289939506974495,NACA2412,True,0.0,-15.223139381620976,-0.563546710567989,0.04192823595687509,0.563546710567989,0.04192823595687509,15.223139381620976,0.4746744913500651,3.959403638997225
31,1.5150571292317145,0.2840108925122408,0.23958778169866096,4.938234527460544,-4.55089380607671,NACA0012,True,0.0,-6.362560081058855,-0.1340970439175412,0.012536963758532858,0.1340970439175412,0.012536963758532858,6.362560081058855,0.3966409521097503,5.787093068999867
32,1.435097060003038,0.49733144741954294,0.2729193165637285,22.458240583708477,3.9079249087852492,NACA0012,True,0.0,-15.006146943153569,-0.3810463453414408,0.026182363150736843,0.3810463453414408,0.026182363150736843,15.006146943153569,0.5526923034287433,3.7263112926537936
33,1.518858360386449,0.2605751681407775,0.243003108027747,19.84983789503283,-1.2634227112628995,NACA4412,True,0.0,-19.98692908023209,-0.5560201078928144,0.03016326286253955,0.5560201078928144,0.03016326286253955,19.98692908023209,0.3824320374337798,6.032263234000812
34,1.0944666680615152,0.41137636397215904,0.11561512898071617,28.104394516013375,-2.5902942499431525,NACA0012,True,0.0,-8.282399353901702,-0.17446744509252277,0.013945333159172768,0.17446744509252277,0.013945333159172768,8.282399353901702,0.28838731169444837,4.153640742581721
35,1.831112672124906,0.2036495108185729,0.09481707703943477,17.981483745625304,3.745620408374645,NACA0012,True,0.0,-27.640792953609786,-0.5180747333099219,0.017924959545561014,0.5180747333099219,0.017924959545561014,27.640792953609786,0.2732629756163397,12.270135061121405
36,1.1964346657145732,0.25861328551503315,0.24435120956029438,29.15479278182902,0.0074118620234226995,NACA2412,True,0.0,-17.170413401435862,-0.40153817465263436,0.023646935077038144,0.40153817465263436,0.023646935077038144,17.170413401435862,0.30088207876587436,4.757531306600027
37,1.0139362877082014,0.23037961049959932,0.08295555444663026,20.329760208385725,-3.7816749537146888,NACA0012,True,0.0,-8.292038794298458,-0.16174601680044287,0.012343534137708579,0.16174601680044287,0.012343534137708579,8.292038794298458,0.1588509469770085,6.471895919388427
38,1.5063299316206331,0.39299185247501023,0.19527915230522558,5.993269549801728,3.0412452618226276,NACA0012,True,0.0,-17.01133051293103,-0.4132602843420963,0.024059148967624983,0.4132602843420963,0.024059148967624983,17.01133051293103,0.4430651112025068,5.12121086839343
39,1.7389840039155418,0.19587021304505964,0.08093845091258615,27.82687653019523,-1.0242180617505934,NACA4412,True,0.0,-30.280999431859573,-0.6230061968322745,0.02096910871325643,0.6230061968322745,0.02096910871325643,30.280999431859573,0.2406829193837893,12.56452004827148
40,1.5499921627720772,0.2033695707956792,0.18525099530826622,15.586686455979496,5.0,NACA0012,True,0.0,-22.924678576705926,-0.5346776246708819,0.024009208715192253,0.5346776246708819,0.024009208715192253,22.924678576705926,0.30117941587658165,7.976892104868669
41,1.4578571153191802,0.4581939531980894,0.060967961096990014,25.847596817265128,4.22247958194356,NACA4412,True,0.0,-17.49593423512543,-0.7246627212685329,0.045868808653701194,0.7246627212685329,0.045868808653701194,17.49593423512543,0.37843194537890396,5.616194390139984
42,1.2519303514409992,0.2875601654675824,0.12592455567408745,20.801919563969292,-3.042298367428769,NACA0012,True,0.0,-9.308253542429112,-0.18640716144100714,0.013079060980336878,0.18640716144100714,0.013079060980336878,9.308253542429112,0.25882703612718716,6.055509611016837
43,1.6205695140688754,0.4107450315701731,0.24793229338339765,24.516875377429322,3.0707703722439788,NACA0012,True,0.0,-16.792144648834306,-0.38485678133253004,0.022396169872183513,0.38485678133253004,0.022396169872183513,16.792144648834306,0.5337161962140975,4.920678009321505
44,1.836062145666332,0.32133606310135715,0.18783612962881058,0.0,2.566794278191204,NACA0012,True,0.0,-19.82466093877481,-0.43686088726078576,0.02089655229862308,0.43686088726078576,0.02089655229862308,19.82466093877481,0.4674358943488915,7.211949795692556
45,1.5365453382751537,0.24674405156800497,0.17386196658930872,0.0,-5.0,NACA0012,True,0.0,-6.349087443176178,-0.12442383079475659,0.011755188776824669,0.12442383079475659,0.011755188776824669,6.349087443176178,0.3231401082250475,7.306340242142992
46,1.8237243554050226,0.26115904636514803,0.22266238363231922,9.518540275942629,-0.4875353307137309,NACA2412,True,0.0,-21.26964276195227,-0.47602443701805025,0.022079618110975346,0.47602443701805025,0.022079618110975346,21.26964276195227,0.44117846277663364,7.538832479638488
47,1.6581395662019096,0.4588194636882441,0.11426328337732491,13.363357150251366,1.0405112823426927,NACA0012,True,0.0,-15.796813377564213,-0.3455716966593249,0.01896249613000692,0.3455716966593249,0.01896249613000692,15.796813377564213,0.47512558880855066,5.786736992841958
48,1.5987783432054021,0.3697123936000787,0.23809420648480656,1.9140162940793681,-4.355240686167395,NACA2412,True,0.0,-12.843466866726693,-0.2895193398556985,0.017522758144568728,0.2895193398556985,0.017522758144568728,12.843466866726693,0.4858740145365106,5.260812709115431
49,1.8115367895591894,0.19830428497881816,0.12872946181559097,22.078110968663037,2.6885128410817805,NACA2412,True,0.0,-28.079569788905285,-0.6235986005804449,0.022944388459194984,0.6235986005804449,0.022944388459194984,28.079569788905285,0.29621683187272835,11.078592391861127
50,1.4879209362120238,0.23181533722829145,0.21804593991346521,10.57203789037109,-3.5870548355157297,NACA2412,True,0.0,-15.933759337892113,-0.33598190663423616,0.01744279207543138,0.33598190663423616,0.01744279207543138,15.933759337892113,0.33467900632514963,6.615021171262812
51,1.7739560485559633,0.3036074539132183,0.3,20.921040871780917,-2.7486758362629775,NACA2412,True,0.0,-16.28760904811128,-0.3448673083830691,0.018554786896781496,0.3448673083830691,0.018554786896781496,16.28760904811128,0.5353865469114093,5.877846726561492
52,1.3667389319969208,0.3682345215300947,0.2752064421876786,20.48347257106276,-4.770788625884932,NACA0012,True,0.0,-5.104507866840583,-0.10920545996809879,0.012552657028569711,0.10920545996809879,0.012552657028569711,5.104507866840583,0.4397079077773495,4.248218590560239
53,1.1209725363875642,0.5,0.22901426147188853,25.064545288533143,1.5097034110083416,NACA0012,True,0.0,-11.914116198068086,-0.2789778370312219,0.021148562311089122,0.2789778370312219,0.021148562311089122,11.914116198068086,0.4086024828724249,3.0753103077141652
54,2.0,0.3582087736038541,0.1983665511099207,28.925949935776714,-1.0245002549061144,NACA2412,True,0.0,-20.366603056244795,-0.409405600818338,0.019027237484846204,0.409405600818338,0.019027237484846204,20.366603056244795,0.5565753247137748,7.186808006727653
55,1.0711356731480788,0.4278936297502604,0.0687828731696426,1.8007977790718375,5.0,NACA2412,True,0.0,-15.732680852882496,-0.6029244165133544,0.04342096895289966,0.6029244165133544,0.04342096895289966,15.732680852882496,0.266003960145972,4.313212591499688
56,1.0779042230746316,0.2225644646070643,0.11769637163821298,20.47622610786007,3.2365313041844015,NACA0012,True,0.0,-19.260819326505484,-0.4282065773258412,0.021700147135924604,0.4282065773258412,0.021700147135924604,19.260819326505484,0.18338429616784502,6.335752506630669
57,1.5364174654560756,0.28959704470297987,0.24969167490047162,2.0598448573981174,-3.325857118969556,NACA0012,True,0.0,-8.370514506587241,-0.1813030001607204,0.01357933139979269,0.1813030001607204,0.01357933139979269,8.370514506587241,0.4142863038610936,5.697940303983478
58,1.761726373565544,0.16618471012427352,0.16227146942377155,17.332341595712453,3.501106201603151,NACA4412,True,0.0,-26.24478553543626,-0.8439978375000443,0.034856897617423756,0.8439978375000443,0.034856897617423756,26.24478553543626,0.2893249570351853,10.727314529382125
59,1.4686270524574359,0.27593642136500274,0.19093840531451248,3.9290184412980347,-5.0,NACA2412,True,0.0,-13.037934407045695,-0.2788656263946145,0.01585955290960811,0.2788656263946145,0.01585955290960811,13.037934407045695,0.3428325002864563,6.291309655320399
60,1.5125645856459862,0.3202579870407054,0.12436876158459859,19.52913670880675,-1.1313709509063494,NACA4412,True,0.0,-21.36219626662192,-0.5794876827283901,0.0292500732427,0.5794876827283901,0.0292500732427,21.36219626662192,0.3362633369007775,6.8037498433125325
61,2.0,0.4419382688034638,0.3,9.178756353815992,5.0,NACA2412,True,0.0,-17.954829456816416,-0.6431117463436463,0.04016976486573121,0.6431117463436463,0.04016976486573121,17.954829456816416,0.7419382688034638,5.391284111076878
12,1.5592071607454137,0.25638253432191427,0.057704458641984854,13.10152167697087,-2.854153271804708,NACA0012,True,0.0,-12.653996667448917,-0.22327249483510178,0.012109911922771924,0.22327249483510178,0.012109911922771924,12.653996667448917,0.24486334426315295,9.92850513185452
62,1.4545255076160852,0.24333933083910508,0.24290690347009777,19.982249053253444,1.2785223536541563,NACA4412,True,0.0,-19.254149434160748,-0.6500844643915704,0.03743356327904794,0.6500844643915704,0.03743356327904794,19.254149434160748,0.35362877539250165,5.982670527752223
63,1.257923599242733,0.28050944432238867,0.2144753861331864,9.678905183462845,-0.5219287003141626,NACA4412,True,0.0,-17.861618351669797,-0.5744519621340518,0.03584356549020708,0.5744519621340518,0.03584356549020708,17.861618351669797,0.31132654974861546,5.0826753542526255
64,1.2135017142595306,0.26235437045490845,0.10275724538056674,22.81093910192641,-0.7914993828541012,NACA0012,True,0.0,-14.005063552476408,-0.27470509465878534,0.014942031582942753,0.27470509465878534,0.014942031582942753,14.005063552476408,0.22153178585620817,6.647291741089676
65,1.9477338338703527,0.3368359444571587,0.1590759036383394,8.95913024395875,3.718930793154168,NACA0012,True,0.0,-21.904560352735633,-0.48979823616840923,0.02219018715645318,0.48979823616840923,0.02219018715645318,21.904560352735633,0.48295214257638824,7.855161522558647
66,1.0944666680615152,0.41137636397215904,0.11561512898071617,26.221631906702616,-2.5902942499431525,NACA0012,True,0.0,-8.250769071039064,-0.1764347161392615,0.014098309703289291,0.1764347161392615,0.014098309703289291,8.250769071039064,0.28838731169444837,4.153640742581721
67,1.6149544583611815,0.2817827413475735,0.11175827408294543,0.8267415772761422,-3.243391171342214,NACA2412,True,0.0,-18.473353996097806,-0.37312514237371036,0.017087165284147457,0.37312514237371036,0.017087165284147457,18.473353996097806,0.3177754087087515,8.207299341312533
68,1.3209387104212964,0.5,0.23282033636795949,0.0,-2.608409577862787,NACA0012,True,0.0,-7.395598321062764,-0.17887806724869457,0.015402251625977687,0.17887806724869457,0.015402251625977687,7.395598321062764,0.48400537504619656,3.605082023155084
69,1.7494001639158479,0.27634396599272487,0.2510825158802577,6.815286195949879,0.0951256462929635,NACA2412,True,0.0,-20.28495260009744,-0.486991046974062,0.024492672803950514,0.486991046974062,0.024492672803950514,20.28495260009744,0.46133998692107736,6.633721377445537
70,1.94751779213392,0.33117459227651674,0.1704591177916039,4.193909943829723,-3.8546992646402654,NACA2412,True,0.0,-16.85531913682738,-0.3420470300390545,0.016471298136804525,0.3420470300390545,0.016471298136804525,16.85531913682738,0.4884702877459066,7.764700629347464
71,1.5533118294904011,0.1611062812856877,0.10137463711456615,21.780742835072854,0.2406283119601279,NACA0012,True,0.0,-21.3367717369711,-0.35419793687724593,0.013663491135571956,0.35419793687724593,0.013663491135571956,21.3367717369711,0.20385735778330955,11.83561714853325
72,1.4623360897040005,0.3899890416478079,0.22391783737215282,20.136937708400676,0.3663046919942641,NACA0012,True,0.0,-13.369827127820107,-0.2942480517282435,0.018154504191904303,0.2942480517282435,0.018154504191904303,13.369827127820107,0.4488690924542181,4.764032265083818
73,1.43992552793074,0.399531293555184,0.2936048010129157,7.662827486685703,-0.09276276630748015,NACA0012,True,0.0,-11.689490352162837,-0.2752207389561318,0.018686066521243386,0.2752207389561318,0.018686066521243386,11.689490352162837,0.49903217844941117,4.154813287650161
74,1.6943814095943734,0.28128512002392475,0.10028024984607048,21.020263286430275,-1.815481310755089,NACA0012,True,0.0,-14.221215665984852,-0.25377771859356957,0.012944905001497732,0.25377771859356957,0.012944905001497732,14.221215665984852,0.3232586346263605,8.88121167899316
75,1.0216401433985793,0.37431820424982754,0.2313898129842457,9.829750365193355,-1.7211901150658595,NACA2412,True,0.0,-13.141952521460235,-0.32912745391504444,0.024081483304976403,0.32912745391504444,0.024081483304976403,13.141952521460235,0.30940781279234386,3.3733750068682715
76,1.8219425779347624,0.21200122522274503,0.197392185635059,0.0,5.0,NACA4412,True,0.0,-22.030799321974495,-0.9107046742375783,0.04547102277205368,0.9107046742375783,0.04547102277205368,22.030799321974495,0.3729456431838864,8.90069321886367
77,1.245676301800496,0.46669299893887256,0.054305552498916,6.308358524254027,1.2036662066414188,NACA0012,True,0.0,-14.46504718852733,-0.33684809800621673,0.020561655131137398,0.33684809800621673,0.020561655131137398,14.46504718852733,0.32449777439922,4.781880096836467
78,1.5570219970466008,0.17479569472112488,0.11907744761817901,15.753809819431462,-3.6875962312680874,NACA4412,True,0.0,-26.16929537254211,-0.5353387123479132,0.02017853603649748,0.5353387123479132,0.02017853603649748,26.16929537254211,0.22878347348175146,10.596558669174838
79,1.9052126890698564,0.45837973368764356,0.05,20.16585693388204,-5.0,NACA4412,True,0.0,-20.77717829424643,-0.43730390733902674,0.020123720368776906,0.43730390733902674,0.020123720368776906,20.77717829424643,0.4842857597438264,7.495234616258125
80,1.110299225335174,0.215658993954676,0.13241086639682206,17.125948022066687,0.356045377494819,NACA0012,True,0.0,-15.584297457182537,-0.3237476748866924,0.01711183042015049,0.3237476748866924,0.01711183042015049,15.584297457182537,0.19323084815539524,6.379749307877099
81,1.5955651991977948,0.23730326668965634,0.19185386516112865,22.66630515259538,3.4080139395856275,NACA4412,True,0.0,-21.098567587348793,-0.7600442861978117,0.03958787617993866,0.7600442861978117,0.03958787617993866,21.098567587348793,0.342374092284326,7.435808848459552
45,1.5365453382751537,0.24674405156800497,0.17386196658930872,0.0,-5.0,NACA0012,True,0.0,-6.349087443176178,-0.12442383079475659,0.011755188776824669,0.12442383079475659,0.011755188776824669,6.349087443176178,0.3231401082250475,7.306340242142992
82,1.75669626870411,0.3,0.20495380228820936,11.758417731728946,-3.112982437300264,NACA4412,True,0.0,-21.226918332164725,-0.5197169841649059,0.02547236493050875,0.5197169841649059,0.02547236493050875,21.226918332164725,0.4435252301738252,6.957849453726665
83,1.2856450092392504,0.32855231150359937,0.08268323079381526,23.711157764330988,-2.6504959577976734,NACA4412,True,0.0,-20.338964635630045,-0.4984419532753302,0.025642427191703676,0.4984419532753302,0.025642427191703676,20.338964635630045,0.2643514612882339,6.252596757842704
84,1.4578717000871937,0.5,0.09760779082504759,16.564862752147583,-4.189967207893488,NACA4412,True,0.0,-17.158977178356665,-0.424473155951859,0.025259685389049408,0.424473155951859,0.025259685389049408,17.158977178356665,0.43561774299773204,4.879025081230885
85,1.7396376609507571,0.3,0.25198897724188307,1.179303789199313,-5.0,NACA0012,True,0.0,-5.8490513112956775,-0.11976158197593696,0.012091879971217828,0.11976158197593696,0.012091879971217828,5.8490513112956775,0.48013040661983514,6.303160869781076
86,1.7816428152543584,0.16051076586173507,0.09954539566266828,5.433373048617883,-3.016714403700414,NACA2412,True,0.0,-24.59116540069351,-0.4187627076743052,0.014526711426931719,0.4187627076743052,0.014526711426931719,24.59116540069351,0.2316635958712901,13.701985023624761
87,1.4819286440468762,0.3191391414279485,0.1093249913364199,22.166470954584444,-1.822288507589391,NACA4412,True,0.0,-21.6108515053735,-0.5474680189996236,0.026869943881582845,0.5474680189996236,0.026869943881582845,21.6108515053735,0.31747663564511064,6.9173988239610935
88,1.8769487795432127,0.3288340676803612,0.11330133017206812,21.152690394123873,0.40586623130316557,NACA2412,True,0.0,-23.421809919273556,-0.5041054267932279,0.02151576928472121,0.5041054267932279,0.02151576928472121,23.421809919273556,0.41493274769598504,8.490380044936725
89,1.8749738730049332,0.16613943262689765,0.15,21.01564059147875,3.4440158184788983,NACA4412,True,0.0,-28.21277901508073,-0.839728223378367,0.03197423933816478,0.839728223378367,0.03197423933816478,28.21277901508073,0.2963765882010182,11.861689365513257
90,1.9616601267051677,0.3942240759501401,0.1462846497221749,7.640559048544747,3.896739499402071,NACA0012,True,0.0,-21.14206178922157,-0.4893127138102142,0.023276248013840168,0.4893127138102142,0.023276248013840168,21.14206178922157,0.5301472076438011,7.258569690119785
91,1.5555454070576502,0.2986243194009922,0.16745638201383156,21.94041979883021,4.17394182280413,NACA2412,True,0.0,-20.982308637611386,-0.619912151850652,0.03227595084427046,0.619912151850652,0.03227595084427046,20.982308637611386,0.3625048472020186,6.675004574682765
92,1.7751233166434899,0.26988950221539076,0.22735220091726327,22.30833646321362,-3.335946503904519,NACA2412,True,0.0,-17.119418591320812,-0.33681450724959944,0.016532024677473483,0.33681450724959944,0.016532024677473483,17.119418591320812,0.4413326706191472,7.139881089860731
93,2.0,0.25407180612409896,0.2433850749269111,14.887062220224838,0.1807681006562678,NACA0012,True,0.0,-17.299095708255287,-0.33793623642152487,0.01590934340531235,0.33793623642152487,0.01590934340531235,17.299095708255287,0.49745688105101005,8.040897919733135
94,1.9499255256243084,0.322732581383797,0.13216769815104357,13.252822089321004,-1.8652890454076314,NACA0012,True,0.0,-13.756968725856126,-0.2583866852279097,0.013422633981117612,0.2583866852279097,0.013422633981117612,13.756968725856126,0.4435108333393094,8.572980116073834
71,1.5533118294904011,0.1611062812856877,0.10137463711456615,21.780742835072854,0.2406283119601279,NACA0012,True,0.0,-21.3367717369711,-0.35419793687724593,0.013663491135571956,0.35419793687724593,0.013663491135571956,21.3367717369711,0.20385735778330955,11.83561714853325
95,1.9267649888486018,0.3568756747218816,0.2556904033177075,13.302425964819934,-2.727612782152231,NACA0012,True,0.0,-9.993780970493338,-0.2062578903529018,0.013619537845007275,0.2062578903529018,0.013619537845007275,9.993780970493338,0.5901354362614903,6.290798847415375
96,1.8436305130419517,0.3079299903139714,0.1452239415966566,18.991308924109493,-1.8796251385619147,NACA0012,True,0.0,-13.394305106621852,-0.24918565197190512,0.013312722543016332,0.24918565197190512,0.013312722543016332,13.394305106621852,0.4177242079876844,8.136884105887251
97,1.4481098452862498,0.23730438797299516,0.19249938637434855,19.71933281462887,3.361309648741806,NACA4412,True,0.0,-19.712991919541516,-0.7521218493905996,0.042215587368169154,0.7521218493905996,0.042215587368169154,19.712991919541516,0.31120153858678906,6.738469653902887
98,1.8345183826982643,0.484608307687142,0.08561083634221281,20.204005876710188,-2.021680954004096,NACA4412,True,0.0,-20.709520995096355,-0.5355107315688227,0.02753452107713659,0.5355107315688227,0.02753452107713659,20.709520995096355,0.5230387509441603,6.434432803272643
99,1.7939230532064863,0.3850699235482606,0.1673580795561681,7.72586305415752,3.643347666190012,NACA4412,True,0.0,-18.746069451143025,-0.785350442437045,0.046695538028198154,0.785350442437045,0.046695538028198154,18.746069451143025,0.49550666500292945,6.4946854363839
100,1.884066793550013,0.24580191519811548,0.1058432403104249,13.66768990628597,-5.0,NACA2412,True,0.0,-17.56078932599559,-0.30736885270144615,0.013376530929667783,0.30736885270144615,0.013376530929667783,17.56078932599559,0.3312614803031857,10.71572728380303
101,1.738524315870708,0.16576110473153344,0.08910391335742038,21.060006121175824,3.9174435284052946,NACA4412,True,0.0,-30.58393674307921,-0.8778588325902271,0.030628498334487234,0.8778588325902271,0.030628498334487234,30.58393674307921,0.221544515606237,13.642706471893469
102,1.902624625412542,0.1592501305803753,0.14824759729927223,0.0,3.9779588611080774,NACA4412,True,0.0,-28.024325540725375,-0.92040905132977,0.035576641975760014,0.92040905132977,0.035576641975760014,28.024325540725375,0.2925263746611111,12.37488574977189
103,1.7426967826142494,0.28153979491648257,0.07586743153141101,28.31555091965135,-0.907572193766042,NACA4412,True,0.0,-26.407940764081633,-0.6008846816820631,0.023662303398049072,0.6008846816820631,0.023662303398049072,26.407940764081633,0.3114262118069133,9.751883306524677
104,1.4383149544091638,0.17479569472112488,0.11907744761817901,15.753809819431462,-3.6875962312680874,NACA0012,True,0.0,-10.635230273654004,-0.1848159465038349,0.011504759657889172,0.1848159465038349,0.011504759657889172,10.635230273654004,0.2113410676629168,9.788679176054103
105,1.5415464444940363,0.24711231713445891,0.17325469670586713,10.813915135325125,-4.524034392306582,NACA0012,True,0.0,-7.3422673379889725,-0.1423497738254461,0.011888264036129139,0.1423497738254461,0.011888264036129139,7.3422673379889725,0.324007637784065,7.3342883420419085
106,1.7555078195285072,0.3886890015664345,0.1979778120057134,7.535639496871177,-0.46130366641322396,NACA4412,True,0.0,-19.553380093747716,-0.607761789081237,0.0343973100006908,0.607761789081237,0.0343973100006908,19.553380093747716,0.5149490893418893,5.9846842497853885
107,1.672433281759164,0.25807832614671694,0.09184191666550044,30.0,-1.9323277229688456,NACA0012,True,0.0,-14.638025508748632,-0.23749654240404452,0.011970542684888315,0.23749654240404452,0.011970542684888315,14.638025508748632,0.2926091300202001,9.558939879089335
108,1.6431294616714458,0.2852411971929198,0.15,0.0,-3.7016227631296275,NACA0012,True,0.0,-9.093743183595475,-0.17968855648704288,0.01249951240115831,0.17968855648704288,0.01249951240115831,9.093743183595475,0.35757881702041894,7.550431679118519
109,1.5368540679233378,0.25287598150399987,0.10985101923606337,25.463828406342575,-5.0,NACA2412,True,0.0,-15.59247187055255,-0.27707189103958646,0.013546711489958852,0.27707189103958646,0.013546711489958852,15.59247187055255,0.2787292333164989,8.473888432830924
110,1.8387507205303386,0.22496915297974926,0.10646356040906459,21.35595935260766,-0.1803602486448883,NACA2412,True,0.0,-26.35619811834069,-0.504038284403782,0.018393012812862316,0.504038284403782,0.018393012812862316,26.35619811834069,0.30471107027550337,11.095770853333018
111,1.4873732993453168,0.22371985547596332,0.18050430774483445,4.469007538763048,-5.0,NACA0012,True,0.0,-6.3778012619073765,-0.12435435455434396,0.011717450734814292,0.12435435455434396,0.011717450734814292,6.3778012619073765,0.3006161136624089,7.359150860721183
112,2.0,0.4089358416471247,0.1983665511099207,28.925949935776714,-1.0245002549061144,NACA4412,True,0.0,-21.24603678607752,-0.547498548379578,0.027485259168741907,0.547498548379578,0.027485259168741907,21.24603678607752,0.6073023927570455,6.586504594261036
113,1.802182427007392,0.15617038832149,0.06574473259363013,9.910998281486687,-1.04771859510688,NACA0012,True,0.0,-21.6165630929666,-0.32861723729374676,0.011887712347547574,0.32861723729374676,0.011887712347547574,21.6165630929666,0.19996576560022503,16.242087691687356
114,1.8341549828628625,0.27251360922305545,0.05,30.0,-0.6643175970307906,NACA0012,True,0.0,-18.960392421631997,-0.2954121050363321,0.01235135063629766,0.2954121050363321,0.01235135063629766,18.960392421631997,0.2957699716987766,11.374124566596706
115,1.4754094414930097,0.3117036700960101,0.14371318849160747,27.843629368532902,5.0,NACA0012,True,0.0,-20.68642213784669,-0.47708732535304615,0.023676284208041975,0.47708732535304615,0.023676284208041975,20.68642213784669,0.33596316648762886,6.479379995148581
116,1.271915583957115,0.2049313608451621,0.10571594474346649,23.504447059951655,-2.280234745804532,NACA0012,True,0.0,-12.672664841819133,-0.2276223018690132,0.012659508821337368,0.2276223018690132,0.012659508821337368,12.672664841819133,0.19755857454623246,8.18880808605136
117,1.898567765325296,0.1937994287230572,0.08071955348787627,20.40483083979287,-1.2602171127953734,NACA0012,True,0.0,-19.41027976165564,-0.2987331005200598,0.011885496082965408,0.2987331005200598,0.011885496082965408,19.41027976165564,0.2605964452977933,13.831959815926204
118,1.4495758856406453,0.29031191389817057,0.2566697724197754,26.532738824978544,-1.8912030511771514,NACA0012,True,0.0,-10.62408577026295,-0.21448649705974535,0.014166666992343284,0.21448649705974535,0.014166666992343284,10.62408577026295,0.39644573118677506,5.300272100145032
119,1.560271659646585,0.16479208552083335,0.08619742017870032,14.47977256705205,-5.0,NACA4412,True,0.0,-26.878298972494523,-0.4935472169687161,0.01712404742006102,0.4935472169687161,0.01712404742006102,26.878298972494523,0.1958059063058437,12.432963324884415
120,1.8319422582835834,0.2190198439272461,0.08213323098867825,15.516264518968242,5.0,NACA0012,True,0.0,-28.658835645732893,-0.5789399447804103,0.020121398594589977,0.5789399447804103,0.020121398594589977,28.658835645732893,0.2758475220752618,12.166186639767988
121,1.8425387699677145,0.2849016904715212,0.14996778419937795,1.2761957659653935,0.8923043868120497,NACA0012,True,0.0,-19.028750956704197,-0.3815397150780541,0.017104367361003642,0.3815397150780541,0.017104367361003642,19.028750956704197,0.40063193347831233,8.473985309555758
122,2.0,0.17673768415727972,0.05027590398886745,9.181811573936752,-1.8154741640215017,NACA0012,True,0.0,-20.267467265776617,-0.2957694053890314,0.011133199037466136,0.2957694053890314,0.011133199037466136,20.267467265776617,0.22701358814614717,17.620090641556107
123,1.5523697800213836,0.17593162649096505,0.05,0.0,-5.0,NACA0012,True,0.0,-8.973334563316234,-0.14044580853257296,0.0102858055393495,0.14044580853257296,0.0102858055393495,8.973334563316234,0.1753647146578264,13.741943119091939
124,1.8290665502944305,0.2147735324507829,0.1949572598605331,12.776093830207408,-0.002800367302170148,NACA2412,True,0.0,-23.674219088690023,-0.5103617540086569,0.021363714674728723,0.5103617540086569,0.021363714674728723,23.674219088690023,0.3747124434211313,8.92813810734876
125,1.6772748154809123,0.31964271954681395,0.11202821756700797,4.003517102239151,-4.780363234998027,NACA2412,True,0.0,-15.106905470583163,-0.3032887006239497,0.01526108056245736,0.3032887006239497,0.01526108056245736,15.106905470583163,0.3620153956980291,7.771080567504837
126,1.507197177272005,0.2513003591820155,0.2121909349383746,0.0,-4.548270051682167,NACA0012,True,0.0,-6.793542765394441,-0.13898085092125115,0.012295084141853116,0.13898085092125115,0.012295084141853116,6.793542765394441,0.3492863850942003,6.503669848351094
127,1.646778658856172,0.21378054066880214,0.06228658135970616,29.614850505846476,-1.6788167478366944,NACA0012,True,0.0,-17.019235582670216,-0.25721786462252,0.011494301209188235,0.25721786462252,0.011494301209188235,17.019235582670216,0.22731072248419504,11.930277294564007
128,1.5371061364097702,0.2279195841021424,0.1841112546818134,10.117930839044572,-4.095774569569306,NACA0012,True,0.0,-8.273559300574076,-0.1608172486016928,0.012131436461873155,0.1608172486016928,0.012131436461873155,8.273559300574076,0.3166675653424416,7.461121798292075
129,2.0,0.28894972491214926,0.18298456191214985,30.0,-0.09617050806331012,NACA2412,True,0.0,-23.092448488216885,-0.45569811739352023,0.019137652784365883,0.45569811739352023,0.019137652784365883,23.092448488216885,0.4719342868242991,8.475756289962458
130,1.5925371733993068,0.23403413208070398,0.11355699083256708,27.704141307119222,0.41359130177875936,NACA2412,True,0.0,-24.440665811451822,-0.4909970932435703,0.019780233932730557,0.4909970932435703,0.019780233932730557,24.440665811451822,0.27677589219149584,9.163278739984781
131,1.622790119151624,0.19441844980790968,0.11581612979700301,3.910799790779916,1.011748191246878,NACA0012,True,0.0,-21.480979445322436,-0.4026292702978849,0.016051498214380285,0.4026292702978849,0.016051498214380285,21.480979445322436,0.25172280520100515,10.461697217752231
101,1.738524315870708,0.16576110473153344,0.08910391335742038,21.060006121175824,3.9174435284052946,NACA4412,True,0.0,-30.58393674307921,-0.8778588325902271,0.030628498334487234,0.8778588325902271,0.030628498334487234,30.58393674307921,0.221544515606237,13.642706471893469
132,1.842099664447127,0.2352893154746203,0.09324438421254133,17.821647126685082,-3.082423274154619,NACA2412,True,0.0,-22.112812692926997,-0.38799476865283794,0.014924335673270658,0.38799476865283794,0.014924335673270658,22.112812692926997,0.3025959089766468,11.214068244452381
133,1.794802718937581,0.188122321516172,0.1344918642611425,24.074700363884638,1.0385062221857235,NACA4412,True,0.0,-28.16116921858749,-0.7149385794459563,0.026931362971487866,0.7149385794459563,0.026931362971487866,28.16116921858749,0.28951440890047897,11.126619956981369
134,1.5512134596735412,0.18438923061366894,0.14098563544290668,14.023198099909026,4.913051775969247,NACA2412,True,0.0,-25.363132960914438,-0.7259258259744938,0.03098360320585049,0.7259258259744938,0.03098360320585049,25.363132960914438,0.25236293583321784,9.534931068731161
135,1.7430018896176431,0.1867141657979709,0.08052510662247678,19.751685178989717,0.4503273314007783,NACA4412,True,0.0,-30.799157175883185,-0.7257201697100747,0.024703524584493722,0.7257201697100747,0.024703524584493722,30.799157175883185,0.2328992784044422,13.044504079290993
136,1.4994324146802285,0.17696351900175636,0.1198023579859765,21.921465923946236,5.0,NACA0012,True,0.0,-26.065677238096498,-0.5438001315777542,0.020925641659090204,0.5438001315777542,0.020925641659090204,26.065677238096498,0.22249018776320595,10.105153799351461
137,1.2103292254863698,0.15,0.06720627511716272,11.307218745087669,-2.7393596538028016,NACA0012,True,0.0,-13.757873469500032,-0.23433358175971017,0.011889974183344912,0.23433358175971017,0.011889974183344912,13.757873469500032,0.13144555136666747,11.144514354693563
138,1.7638253365121515,0.16184295422165348,0.16080145157762532,16.752792371500494,3.306106067233347,NACA4412,True,0.0,-26.637328416012796,-0.8404545874316643,0.03416295217964463,0.8404545874316643,0.03416295217964463,26.637328416012796,0.28454418881633803,10.933555981810203
139,1.8087321439527564,0.4445704058176564,0.12878841053255796,7.337893630380345,3.525815405610745,NACA4412,True,0.0,-18.464638618382622,-0.7751436295159236,0.046854053802735496,0.7751436295159236,0.046854053802735496,18.464638618382622,0.518526260575669,6.309250306697861
140,1.8213584380688521,0.3268431116136255,0.1293031827027076,20.144173206113656,-5.0,NACA2412,True,0.0,-15.034216262557164,-0.28226154711865914,0.014189220293520509,0.28226154711865914,0.014189220293520509,15.034216262557164,0.4154029510734457,7.985852174020983
141,1.8801458835229226,0.3037733608295159,0.18990139753453403,8.799555950196993,2.902355207575913,NACA4412,True,0.0,-21.148341530669242,-0.7846928100355962,0.04108760174027095,0.7846928100355962,0.04108760174027095,21.148341530669242,0.464090282368671,7.616941525442339
142,1.556414058758791,0.3,0.1851835679184548,0.2928119774863206,-5.0,NACA4412,True,0.0,-19.089072786805094,-0.4412948603489153,0.022574986763225762,0.4412948603489153,0.022574986763225762,19.089072786805094,0.37757326309351685,6.415773994309629
143,1.8349592181343664,0.2284610554294677,0.07042537453342707,30.0,2.0046408121354737,NACA0012,True,0.0,-25.1085668133735,-0.40745290726467404,0.014421673645786318,0.40745290726467404,0.014421673645786318,25.1085668133735,0.2742222049178427,12.27863853412259
144,1.4348998891789833,0.24707695666802842,0.17609282485614167,15.714789591914995,-3.7780290490594446,NACA2412,True,0.0,-15.86352305849644,-0.32531735551076857,0.016732444019643928,0.32531735551076857,0.016732444019643928,15.86352305849644,0.3036031363064631,6.7816746460995905
145,1.6226512906302994,0.227144801166928,0.1719422450428617,29.444490930902354,-1.8224901089380046,NACA0012,True,0.0,-13.650409416111026,-0.23560226810157914,0.01261425980211653,0.23560226810157914,0.01261425980211653,13.650409416111026,0.3237895553030746,8.131816384625592
146,1.4994887546951277,0.24600293986179214,0.05,25.69900064613925,-0.5389979664270056,NACA0012,True,0.0,-18.131055236625112,-0.3048372133146401,0.013267306269759202,0.3048372133146401,0.013267306269759202,18.131055236625112,0.22192653983972774,10.13158014846244
147,1.5499921627720772,0.19191388073675336,0.17116420967263948,15.467567608938563,5.0,NACA0012,True,0.0,-23.77133866735268,-0.5428155620003381,0.02338609526709576,0.5428155620003381,0.02338609526709576,23.77133866735268,0.28138409730440533,8.538064971226248
148,1.4213653760844092,0.37682991476679584,0.11618696697701072,21.218482747775177,1.2223498210751043,NACA2412,True,0.0,-19.399500504845822,-0.4895993693297139,0.026567579667228797,0.4895993693297139,0.026567579667228797,19.399500504845822,0.3503785627678741,5.765990694099655
149,1.6342445781103785,0.33416169446204047,0.13583054537188124,8.302586204046424,-0.7990448562931829,NACA4412,True,0.0,-21.384836394576478,-0.6178852145252948,0.03155455163269013,0.6178852145252948,0.03155455163269013,21.384836394576478,0.38404113485126956,6.95434707044466
150,1.662086911035344,0.1799938501062397,0.15809314497799637,19.81942655000527,4.657212774492446,NACA4412,True,0.0,-24.33012963420335,-0.8697563449693462,0.038892672524192984,0.8697563449693462,0.038892672524192984,24.33012963420335,0.2809649846603897,9.832303136186749
151,1.6262320214599715,0.242573566896491,0.05053132598622877,29.59090021011247,-1.0062006954400968,NACA2412,True,0.0,-25.370456199983877,-0.4425761655414759,0.016143765563189538,0.4425761655414759,0.016143765563189538,25.370456199983877,0.2383282812262369,11.096587337494068
152,1.7686375485247805,0.2681003672020164,0.15,1.4150711974830075,-5.0,NACA0012,True,0.0,-6.88906948225224,-0.12866939874400554,0.011406892273318717,0.12866939874400554,0.011406892273318717,6.88906948225224,0.3697340042427424,8.46034917577681
153,1.4777802489586227,0.27163117521112934,0.06140190713234303,0.0,1.8160720365356409,NACA0012,True,0.0,-21.028129544343155,-0.4254317333488456,0.01821910569255344,0.4254317333488456,0.01821910569255344,21.028129544343155,0.24607485566849707,8.87467538395792
154,1.836357154635124,0.2335061856820902,0.12173780732731393,22.4835673663455,-4.85267766951353,NACA2412,True,0.0,-17.620352944067648,-0.29919081869880687,0.013150534159816719,0.29919081869880687,0.013150534159816719,17.620352944067648,0.32617742410198464,10.338568368622697
155,1.2615958414206945,0.1611062812856877,0.10137463711456615,21.780742835072854,0.2406283119601279,NACA4412,True,0.0,-25.914856486556587,-0.673774091144811,0.027745910284384657,0.673774091144811,0.027745910284384657,25.914856486556587,0.1655724175530225,9.612857567778718
156,1.75775130589636,0.15,0.1428066536305527,11.265097827371664,3.7557145415584348,NACA0012,True,0.0,-27.335233250171342,-0.5302466504860481,0.018677133449282995,0.5302466504860481,0.018677133449282995,27.335233250171342,0.2573406388971236,12.00622515985715
157,1.834891805951629,0.15130478291844832,0.0833340401627973,5.799451168452556,4.433572976533102,NACA2412,True,0.0,-33.84723124502087,-0.7797520758160932,0.024058069451840455,0.7797520758160932,0.024058069451840455,33.84723124502087,0.21526842691495576,15.640138165168711
158,1.825649360127883,0.15602243102561741,0.1387215706211468,15.87771532773535,1.2656424043717465,NACA4412,True,0.0,-29.600051789782796,-0.7699195891012535,0.02768397523581585,0.7699195891012535,0.02768397523581585,29.600051789782796,0.26904959900397335,12.388034022255228
159,1.7219437649905638,0.1866762867927254,0.14902687420712707,0.8582546102538868,5.0,NACA4412,True,0.0,-24.201728532762775,-0.9365432699641426,0.0423156680746847,0.9365432699641426,0.0423156680746847,24.201728532762775,0.28903098248565967,10.258728335246868
160,1.6827258963873244,0.20181324804621165,0.1774670611010566,15.577612816690522,3.768899355642656,NACA4412,True,0.0,-23.033418614092785,-0.8316939663660691,0.039579888609414866,0.8316939663660691,0.039579888609414866,23.033418614092785,0.31911239909594924,8.873257355071127
161,1.6761090115022057,0.28153979491648257,0.05,28.31555091965135,-2.0185032889817625,NACA4412,True,0.0,-26.656583070786642,-0.5601405034608069,0.021356954792197572,0.5601405034608069,0.021356954792197572,26.656583070786642,0.2778484189655548,10.111057780707323
162,1.872646360398016,0.27378598270207927,0.0743751851759619,30.0,5.0,NACA4412,True,0.0,-26.425726963929623,-0.8383787623097079,0.03403575822095125,0.8383787623097079,0.03403575822095125,26.425726963929623,0.3259913719293682,10.757353393609897
163,1.4611985640415914,0.16921913354342694,0.07657526959417969,23.52984732245818,-1.6704398930468878,NACA4412,True,0.0,-29.101434035715556,-0.6097421479960475,0.02134319528202444,0.6097421479960475,0.02134319528202444,29.101434035715556,0.17957721445706543,11.889599969642495
164,1.5650258594870214,0.2358095014620849,0.05,8.572315269419596,-3.5426915789829967,NACA0012,True,0.0,-11.635157618700513,-0.19932280500664334,0.01147605230549771,0.19932280500664334,0.01147605230549771,11.635157618700513,0.22364963033762825,10.951531362540345
165,1.775490568834007,0.22160972640398083,0.14460573408050914,15.863392199429036,3.593085834398138,NACA4412,True,0.0,-24.490926236283542,-0.8378313186748084,0.037323313291315566,0.8378313186748084,0.037323313291315566,24.490926236283542,0.3251060481257074,9.696426068331995
166,1.6836418425110444,0.19643611737889094,0.09895644054158267,5.33574126339184,0.5084588431981003,NACA0012,True,0.0,-21.447411411242285,-0.3853180371712442,0.014952009944938692,0.3853180371712442,0.014952009944938692,21.447411411242285,0.24866763524063829,11.399351793854734
167,1.8738442239300797,0.18224489940858368,0.15,25.823870388855987,0.47422649591880917,NACA2412,True,0.0,-27.223301357516814,-0.5183452505512189,0.01856581554671839,0.5183452505512189,0.01856581554671839,27.223301357516814,0.31128759284350244,11.279897613270437
168,1.4969760971555122,0.21005507759508926,0.10988286945426942,23.51191046122754,-5.0,NACA4412,True,0.0,-23.302689027549075,-0.4494428028982392,0.018133918225731304,0.4494428028982392,0.018133918225731304,23.302689027549075,0.23946972965294794,9.357915251763275
169,2.0,0.17012430089525338,0.0848696095713765,20.840203611490075,3.841100858124815,NACA0012,True,0.0,-31.33226093426516,-0.5321811339555583,0.01601856803578142,0.5321811339555583,0.01601856803578142,31.33226093426516,0.2549939104666299,15.686649115189224
170,1.878296464307832,0.24304713924369434,0.06457568542226651,8.441516760659896,-2.064062422333164,NACA2412,True,0.0,-24.98454828684041,-0.45262902105236025,0.016197874484938306,0.45262902105236025,0.016197874484938306,24.98454828684041,0.2889034319552312,12.211684658623248
171,1.6752539070386605,0.15521153133873564,0.12026548802576392,17.544855841390792,-4.847383694192215,NACA4412,True,0.0,-26.790709032617755,-0.4922621181177047,0.01722040504316055,0.4922621181177047,0.01722040504316055,26.790709032617755,0.23074697649487128,12.162567396026857
172,1.4450457354455182,0.2256059587060699,0.05,29.60371955778177,-0.7743396665616721,NACA0012,True,0.0,-17.963917725275568,-0.28824018978550486,0.012591658608784627,0.28824018978550486,0.012591658608784627,17.963917725275568,0.19913160764578997,10.486317075507356
173,1.5551550258961815,0.1787560245943845,0.10841100083959437,24.427468240965105,3.615209375623778,NACA0012,True,0.0,-25.82617178159461,-0.4841109182304519,0.017865745347745706,0.4841109182304519,0.017865745347745706,25.82617178159461,0.2232946214376544,10.831013926797242
174,1.7674741051159897,0.16914503617872104,0.08973162079849326,20.72276376622306,3.8389681300690928,NACA4412,True,0.0,-30.618008025055445,-0.8762026687368561,0.030537201643880064,0.8762026687368561,0.030537201643880064,30.618008025055445,0.22877889381311042,13.654951556884162
175,1.8219425779347624,0.2011462143912729,0.197392185635059,0.0,5.0,NACA4412,True,0.0,-22.424877439050857,-0.9157815856731357,0.04487281518869471,0.9157815856731357,0.04487281518869471,22.424877439050857,0.36305703997498534,9.143121856334972
176,1.4121170718997507,0.23183589514998318,0.05751163771111408,9.358532224836328,-2.2772098546555894,NACA2412,True,0.0,-21.95375731992965,-0.42494176056884014,0.01725493413935824,0.42494176056884014,0.01725493413935824,21.95375731992965,0.20429629543261477,9.760698893379848
177,1.7236254038572665,0.20290908328068044,0.11623467998519055,21.80823291648247,2.911957967438792,NACA2412,True,0.0,-27.72381172377044,-0.6314220415005902,0.023674605572482705,0.6314220415005902,0.023674605572482705,27.72381172377044,0.2750421489238324,10.801560940555529
178,1.5608318956540728,0.16216575134368405,0.1601428628157884,29.536600526397212,4.005814944736143,NACA4412,True,0.0,-25.143691148618142,-0.7878572884061502,0.03375856459739874,0.7878572884061502,0.03375856459739874,25.143691148618142,0.25153478261208323,9.685325350204891
179,1.8995081742695044,0.25142601156231015,0.07401223460210285,15.018319622348956,3.9095527474495224,NACA0012,True,0.0,-27.118800487609917,-0.5279328319417232,0.018830573253635956,0.5279328319417232,0.018830573253635956,27.118800487609917,0.3090863044046168,11.673539890636356
180,1.7373297752480539,0.23490120045346133,0.06146397840530422,11.497509049751347,-1.4696370859236993,NACA0012,True,0.0,-17.287349283993695,-0.2932170786771314,0.012693658924717412,0.2932170786771314,0.012693658924717412,17.287349283993695,0.2574420247890242,11.72425034505142
181,1.7999782758447063,0.18112326761888392,0.09920270970936308,18.76784799422402,-4.596280653002138,NACA2412,True,0.0,-20.30443327938328,-0.32754692298444504,0.01276375059778978,0.32754692298444504,0.01276375059778978,20.30443327938328,0.25229033467289014,12.842036924298501
182,1.8256129564790167,0.20392629168090018,0.19503902822440927,12.935709129120756,4.873251709936827,NACA2412,True,0.0,-24.733038798964838,-0.7210265336084712,0.03166109020420033,0.7210265336084712,0.03166109020420033,24.733038798964838,0.36417812860246435,9.151737584170514
183,1.7942219760168538,0.2234486912981803,0.09658376886106805,29.996293122254105,1.3077170628493504,NACA2412,True,0.0,-27.80303993824532,-0.5347569583874237,0.01905161226471017,0.5347569583874237,0.01905161226471017,27.80303993824532,0.2871046365282308,11.212749951202124
184,1.8526517294332574,0.2252740843165323,0.14306620816204066,8.461679764366853,-5.0,NACA2412,True,0.0,-16.94293776454612,-0.3083101212421625,0.013819841200148642,0.3083101212421625,0.013819841200148642,16.94293776454612,0.34120313994019,10.059457340204125
185,1.7541824895781226,0.16578971582374194,0.08560573874429808,20.97961125851902,0.22053145092256968,NACA4412,True,0.0,-32.05631724833635,-0.717480905984253,0.023253603881366946,0.717480905984253,0.023253603881366946,32.05631724833635,0.22049675218139414,13.955562502848311
186,1.9141305891396225,0.23551627586588617,0.09654834868202351,8.87057057613258,5.0,NACA2412,True,0.0,-28.251970738381818,-0.766427346303903,0.029097685880483098,0.766427346303903,0.029097685880483098,28.251970738381818,0.317807527709159,11.528663083251466
187,1.7661651657852737,0.1971716112657353,0.09475937123215637,25.020336355740938,0.9333903870074716,NACA4412,True,0.0,-29.640915637663806,-0.7153022865197615,0.02539170760056732,0.7153022865197615,0.02539170760056732,29.640915637663806,0.25779916605062336,12.099881627315996
188,1.7638253365121515,0.16184295422165348,0.16080145157762532,16.752792371500494,3.5968392451001696,NACA4412,True,0.0,-26.48643510569309,-0.8531111030545361,0.0348971041606699,0.8531111030545361,0.0348971041606699,26.48643510569309,0.28454418881633803,10.933555981810203
189,2.0,0.19719461400810268,0.10509518964933502,15.687123073620832,-3.4843288978955034,NACA0012,True,0.0,-13.078238196546238,-0.20353320555206333,0.010825438241244054,0.20353320555206333,0.010825438241244054,13.078238196546238,0.3022898036574377,13.232335168449477
190,1.7142416158166494,0.1784207096562547,0.13899988923259585,20.63213588745979,1.6375081253322268,NACA2412,True,0.0,-27.327045812354616,-0.5812916118215254,0.021602912168849003,0.5812916118215254,0.021602912168849003,27.327045812354616,0.27206780016635584,10.801073539760512
191,1.7818290986187306,0.188122321516172,0.1344918642611425,24.074700363884638,1.0385062221857235,NACA4412,True,0.0,-28.041387208634333,-0.7140971644720082,0.027028273861657005,0.7140971644720082,0.027028273861657005,28.041387208634333,0.287421671922604,11.046191873587631
192,1.838135029154729,0.2059041807265875,0.1154017973951533,29.529796340973235,-0.8546821378101567,NACA0012,True,0.0,-18.587174998090955,-0.2891534932381533,0.012223414475062694,0.2891534932381533,0.012223414475062694,18.587174998090955,0.29530188673119734,11.441648486591628
193,1.8458617403800364,0.19758304973703966,0.08904790532360711,22.53575652387309,3.4466228689864575,NACA0012,True,0.0,-27.949298403278448,-0.4960108110876595,0.016682701612807643,0.4960108110876595,0.016682701612807643,27.949298403278448,0.26454055677751875,12.879709660036402
194,1.877211214818574,0.18531996222829525,0.05875095815024804,24.772208204468733,-1.1903491987911168,NACA0012,True,0.0,-20.616856229671672,-0.29767902965282395,0.011342155055047065,0.29767902965282395,0.011342155055047065,20.616856229671672,0.22908633447284635,15.382506133111653
195,1.8804453742956002,0.17699765057222694,0.11635602464537419,14.846427298247015,-3.0451310402019627,NACA4412,True,0.0,-29.410721669842598,-0.5831609006320918,0.0196590566520589,0.5831609006320918,0.0196590566520589,29.410721669842598,0.27581778079777597,12.820329405457361
196,1.802166643258151,0.16090731917133352,0.12594444482962633,16.195922792606332,-1.1048089227881595,NACA4412,True,0.0,-30.001803505169466,-0.6647644159549904,0.022903181199659603,0.6647644159549904,0.022903181199659603,30.001803505169466,0.25847734032114456,12.565142484200448
197,1.9154743392625233,0.2082795332435736,0.15512509325268284,30.0,4.2002587127076,NACA2412,True,0.0,-27.68430705296416,-0.6446606458971312,0.024363164537711184,0.6446606458971312,0.024363164537711184,27.68430705296416,0.3480461184114304,10.541826931211375
198,1.6210034222344045,0.17781768658145505,0.1323941055593057,21.090750667356975,3.5932375399757692,NACA4412,True,0.0,-25.96998706895148,-0.8283497549840333,0.0345194811427487,0.8283497549840333,0.0345194811427487,25.96998706895148,0.2514271883388205,10.45094650366394
199,1.5468487517811387,0.16497958128035983,0.09889047995303175,25.16805371407529,4.426751453822496,NACA0012,True,0.0,-27.716708204109636,-0.5218917699933127,0.018303388547735885,0.5218917699933127,0.018303388547735885,27.716708204109636,0.2040835374256422,11.724321770729114
159,1.7219437649905638,0.1866762867927254,0.14902687420712707,0.8582546102538868,5.0,NACA4412,True,0.0,-24.201728532762775,-0.9365432699641426,0.0423156680746847,0.9365432699641426,0.0423156680746847,24.201728532762775,0.28903098248565967,10.258728335246868
200,1.869735314924538,0.17398893050017883,0.08172648883603041,14.023328802434165,-0.3589848710887329,NACA4412,True,0.0,-32.69791535534998,-0.7197053790244246,0.022777772850439266,0.7197053790244246,0.022777772850439266,32.69791535534998,0.23906007505182372,14.623563332848924
201,1.730858643197423,0.16476948236349437,0.08242337808220121,25.11797517625843,5.0,NACA0012,True,0.0,-30.850801620464566,-0.5601791686804772,0.017709818192688607,0.5601791686804772,0.017709818192688607,30.850801620464566,0.21392794951956332,14.004115168024164
202,1.4939723099564692,0.15,0.11203886548426703,14.79068952224101,-1.457384209208223,NACA0012,True,0.0,-17.080936045547627,-0.28916097593972434,0.012683113592628206,0.28916097593972434,0.012683113592628206,17.080936045547627,0.19573940458295147,11.402677287550448
203,1.87660786381296,0.1639209007596493,0.08296159285818613,20.9335453486106,-2.8072397782422946,NACA4412,True,0.0,-32.316007394030144,-0.5902959543481131,0.017887506622302426,0.5902959543481131,0.017887506622302426,32.316007394030144,0.23165081448049143,15.202437696679105
204,1.4132160042064124,0.15614258287682814,0.05,0.0,-5.0,NACA4412,True,0.0,-28.226161446239786,-0.5147984136161944,0.016990607473195023,0.5147984136161944,0.016990607473195023,28.226161446239786,0.14566199863499013,13.711053625934438
205,1.6519956933733764,0.1658268282358341,0.13227491304354316,18.00965683440729,-2.2977181243000397,NACA4412,True,0.0,-27.6980588932005,-0.5944799496911383,0.021854266723629303,0.5944799496911383,0.021854266723629303,27.6980588932005,0.24623139639031785,11.083435382050629
206,1.7525288223751248,0.1849565826796017,0.08788010387221842,21.033699567620765,4.637133889317983,NACA4412,True,0.0,-29.057789723991245,-0.9019685755578463,0.0332907267133582,0.9019685755578463,0.0332907267133582,29.057789723991245,0.23907707849169618,12.846724130277586
207,1.836701975613516,0.18539035759147396,0.06309049512241541,0.0,3.2435232792536857,NACA4412,True,0.0,-31.823852946577073,-0.9102658592736099,0.030607317080979215,0.9102658592736099,0.030607317080979215,31.823852946577073,0.22819263654086583,14.783448749094296
208,2.0,0.20400121945256763,0.1361852492474916,21.828947226153392,3.4101011031780146,NACA2412,True,0.0,-29.11554893387991,-0.6614893545309664,0.023639735651462986,0.6614893545309664,0.023639735651462986,29.11554893387991,0.3401864687000592,11.75825721488876
209,1.809607236333268,0.2103896339935659,0.09789273575390736,0.9328116493681087,5.0,NACA4412,True,0.0,-26.46915523483338,-0.9591016347614604,0.03938121235255023,0.9591016347614604,0.03938121235255023,26.46915523483338,0.27893500356449785,11.739933346273364
210,1.7787061210566215,0.15,0.13377358570067321,11.473718291906666,2.8497531368950275,NACA2412,True,0.0,-29.88003365210535,-0.6739831840982774,0.02339513373850026,0.6739831840982774,0.02339513373850026,29.88003365210535,0.2523749069399866,12.536093637219752
211,1.720235383591726,0.19952202888196352,0.15562810593198742,21.341665927757234,5.0,NACA2412,True,0.0,-25.838655833698283,-0.708031006949695,0.029439952284044335,0.708031006949695,0.029439952284044335,25.838655833698283,0.30547091419716504,9.687370016023724
212,1.9422271118528431,0.1978945851891661,0.09690295711439152,21.594837054779894,-2.6095800436949927,NACA2412,True,0.0,-24.91310012564718,-0.4105771880680791,0.014308979701477207,0.4105771880680791,0.014308979701477207,24.91310012564718,0.28628188958477757,13.17668455901102
213,1.8441843679912568,0.1922542729989665,0.05,21.494581697451515,0.1323112237122972,NACA0012,True,0.0,-23.890551620400526,-0.36273319945539023,0.012524127447690755,0.36273319945539023,0.012524127447690755,23.890551620400526,0.22338077167189022,15.22519578425867
214,1.7985084933916133,0.16099612314432937,0.09303575444649644,18.528517017119096,-4.201964453653184,NACA2412,True,0.0,-22.2872172691773,-0.3502303806091687,0.01272018813659471,0.3502303806091687,0.01272018813659471,22.2872172691773,0.22843924471965943,14.15970712375324
215,1.8668710090164002,0.17308214615516174,0.07869129381925757,28.642175615335415,-1.1901554991708025,NACA4412,True,0.0,-33.010115197446744,-0.6255631917145079,0.01900419641284783,0.6255631917145079,0.01900419641284783,33.010115197446744,0.23501426796428712,14.829769249735621
216,1.8585428671170203,0.22115328966266706,0.08257042219469483,18.38017250819776,3.539107651400611,NACA4412,True,0.0,-28.575448566041995,-0.8598212779556932,0.032349770528226476,0.8598212779556932,0.032349770528226476,28.575448566041995,0.2822417691234026,12.238378464107864
217,1.738524315870708,0.16576110473153344,0.11362074571560603,21.060006121175824,3.9174435284052946,NACA0012,True,0.0,-28.035249671562365,-0.518347109496691,0.01771337524557626,0.518347109496691,0.01771337524557626,28.035249671562365,0.24285607020765282,12.445506485752523
218,1.738524315870708,0.16576110473153344,0.08910391335742038,21.060006121175824,4.649256922726183,NACA4412,True,0.0,-30.20520367562557,-0.9101134164225458,0.032211505508256966,0.9101134164225458,0.032211505508256966,30.20520367562557,0.221544515606237,13.642706471893469
219,1.7262901785939522,0.1784840797932702,0.11822805351219473,21.034181512870877,2.362862442005675,NACA4412,True,0.0,-28.353529977221815,-0.7905591958610086,0.029858746779203863,0.7905591958610086,0.029858746779203863,28.353529977221815,0.2561056207974418,11.636127982786181
220,1.7628508994073344,0.17965953671187884,0.07110402280711495,14.399952106828476,4.083526791693227,NACA4412,True,0.0,-30.712779555523564,-0.9178315260681632,0.032011054319842296,0.9178315260681632,0.032011054319842296,30.712779555523564,0.22102938321832138,14.059865020171
221,1.719551919662254,0.15,0.10108999649890693,4.9474925448266625,2.4242107880841224,NACA0012,True,0.0,-27.311845797698297,-0.48622488390322344,0.016201828844701453,0.48622488390322344,0.016201828844701453,27.311845797698297,0.21588114274384204,13.696697946066836
222,1.8628189502174022,0.16201108141486306,0.14706458402295383,0.30054358457900765,4.80771971251199,NACA4412,True,0.0,-27.05496865905552,-0.9545680470563868,0.038297642766432875,0.9545680470563868,0.038297642766432875,27.05496865905552,0.2878760033143095,12.054128865685053
223,1.7737449683766942,0.15,0.07185282277613064,17.398471196889368,3.4687646005047315,NACA0012,True,0.0,-31.126926875380807,-0.5261893062961848,0.0157876032648592,0.5261893062961848,0.0157876032648592,31.126926875380807,0.1967551640596641,15.990285326831849
224,1.634810452784697,0.16767763294804522,0.08672632485258178,23.727004254542816,4.5987450606801765,NACA4412,True,0.0,-29.28489031225101,-0.8855603765305652,0.032348152700413725,0.8855603765305652,0.032348152700413725,29.28489031225101,0.20795112472113095,12.852083488935941
225,1.8805214574821878,0.22404179955082848,0.1480240210922964,14.480528494425885,-2.5218761524000257,NACA0012,True,0.0,-13.567931924633362,-0.23733972761233876,0.01225375197728016,0.23733972761233876,0.01225375197728016,13.567931924633362,0.3498388796575577,10.108541839353373
226,1.5809402243004795,0.16451246132059852,0.10702118707894089,0.0,-3.4531443069921592,NACA0012,True,0.0,-12.247244905415831,-0.20740096090205462,0.011438288538250782,0.20740096090205462,0.011438288538250782,12.247244905415831,0.2146392335029477,11.644525336869162
227,1.8248747633640685,0.1740381355474213,0.09024770954786554,22.581582571680055,1.4940895775943077,NACA0012,True,0.0,-25.685698871321723,-0.4153232532540752,0.014091604789829293,0.4153232532540752,0.014091604789829293,25.685698871321723,0.24114428451436723,13.809856238847145
228,2.0,0.19683598270087843,0.09280109114196972,18.907870078024374,-0.5403817105146134,NACA4412,True,0.0,-31.758646265738253,-0.6906146734120001,0.022441740860656496,0.6906146734120001,0.022441740860656496,31.758646265738253,0.28963707384284815,13.810386726149318
229,1.81272187947404,0.16108439849429704,0.10027145182229591,0.0,1.634860260826584,NACA0012,True,0.0,-26.062984060854586,-0.45167613037841353,0.015238888633854343,0.45167613037841353,0.015238888633854343,26.062984060854586,0.2368827340987151,13.871676316242416
230,1.781190363914063,0.23314176242603718,0.09303788340454909,17.554949830252603,0.7258006493895336,NACA2412,True,0.0,-26.9176934412334,-0.5519078229583135,0.020396024536436436,0.5519078229583135,0.020396024536436436,26.9176934412334,0.29049402102917105,10.921529817585194
231,1.2869609003632902,0.1778647454325698,0.05978274859156133,0.3204010946187431,-5.0,NACA0012,True,0.0,-7.894784256204006,-0.135134134709153,0.010824659010112694,0.135134134709153,0.010824659010112694,7.894784256204006,0.15292151643918772,10.830839228059439
156,1.75775130589636,0.15,0.1428066536305527,11.265097827371664,3.7557145415584348,NACA0012,True,0.0,-27.335233250171342,-0.5302466504860481,0.018677133449282995,0.5302466504860481,0.018677133449282995,27.335233250171342,0.2573406388971236,12.00622515985715
232,1.74722023084011,0.22802992358067828,0.09114882891734291,18.135282403067006,-1.6397962196888305,NACA4412,True,0.0,-27.742806619828333,-0.6213651217233412,0.023138731825131775,0.6213651217233412,0.023138731825131775,27.742806619828333,0.27883778680942545,10.94822394765104
233,1.504134527973499,0.23701490122913454,0.05,16.490638599629172,1.8683386935018063,NACA2412,True,0.0,-26.92335732426506,-0.5999866788413201,0.022915077292357585,0.5999866788413201,0.022915077292357585,26.92335732426506,0.21585451149082235,10.481229521757083
234,1.782903692585332,0.1674701663093754,0.09096616223407337,21.958748082258396,4.799826066926559,NACA4412,True,0.0,-30.410079634011026,-0.9132930433606979,0.03207110443682337,0.9132930433606979,0.03207110443682337,30.410079634011026,0.23038354222915544,13.797624371417172
235,2.0,0.17496243881882337,0.09085359348519309,4.739493387084444,-0.24025329424197212,NACA0012,True,0.0,-22.884408795842564,-0.3668547444541397,0.012922396461942166,0.3668547444541397,0.012922396461942166,22.884408795842564,0.26581603230401646,15.048001301235134
236,1.7187335333974791,0.18129863436309052,0.17224281555973278,18.882999474875177,-0.5876756720401755,NACA4412,True,0.0,-26.084298385541373,-0.6506192326593406,0.026432182530971977,0.6506192326593406,0.026432182530971977,26.084298385541373,0.30382177271416105,9.722953468526374
237,1.877211214818574,0.18531996222829525,0.05,21.397420139162268,-1.1903491987911168,NACA0012,True,0.0,-21.0063983762503,-0.30567199313692145,0.011410986974358517,0.30567199313692145,0.011410986974358517,21.0063983762503,0.22087263608281954,15.954542887418967
238,1.8189657615498838,0.23163607451664064,0.08486675475484651,29.284161866540675,1.5468970410572576,NACA0012,True,0.0,-23.543512500695837,-0.3874011596569083,0.01437860258486529,0.3874011596569083,0.01437860258486529,23.543512500695837,0.2878539049392517,11.494151668322855
239,1.7877223952142733,0.18928608223172583,0.07065570602897452,24.181858294874683,-2.0408041498779506,NACA4412,True,0.0,-31.25718882378725,-0.6039818223743694,0.019306398926644545,0.6039818223743694,0.019306398926644545,31.25718882378725,0.23235187816285036,13.754790310370058
240,2.0,0.16745211853888062,0.08567867486346392,21.08282462571804,3.8713903938159757,NACA4412,True,0.0,-33.57078814499422,-0.892621698888672,0.028122383265082204,0.892621698888672,0.028122383265082204,33.57078814499422,0.25313079340234457,15.802107464823957
241,2.0,0.21222125998747934,0.08398380299917053,23.514687668088683,0.846430450827198,NACA2412,True,0.0,-30.1545026803055,-0.5569132110368508,0.01802442750617193,0.5569132110368508,0.01802442750617193,30.1545026803055,0.2962050629866499,13.504158098000783
242,1.7728842805178557,0.15771811427041368,0.11506750311498382,3.841124127378186,5.0,NACA0012,True,0.0,-29.610695355209042,-0.6024026780511533,0.020294286495519898,0.6024026780511533,0.020294286495519898,29.610695355209042,0.24180866650696478,12.998370643662534
243,1.774361341392992,0.15497273237339887,0.09743030109850648,17.743010627553467,2.407589407281879,NACA4412,True,0.0,-31.638374994063682,-0.829140409794927,0.02781661803756431,0.829140409794927,0.02781661803756431,31.638374994063682,0.2239270925214351,14.059746564737653
244,1.818784356634407,0.1703781018501108,0.05,26.053402973547218,-5.0,NACA0012,True,0.0,-9.842080107221845,-0.13100167635528165,0.009435167500222929,0.13100167635528165,0.009435167500222929,9.842080107221845,0.20041012209488282,16.506035230954527
245,1.8682541372346626,0.19021463805078692,0.0814261704491107,12.822033731829958,-1.017520281271738,NACA4412,True,0.0,-31.490983411667525,-0.6865164214032543,0.022469888705240155,0.6865164214032543,0.022469888705240155,31.490983411667525,0.2537470321608512,13.755327467561758
246,1.8754402675021504,0.1628866548694894,0.09451794596197413,0.0,-4.214461244872766,NACA4412,True,0.0,-30.175424135545644,-0.5563759699735136,0.017598858509205045,0.5563759699735136,0.017598858509205045,30.175424135545644,0.24137347671982212,14.571924988474473
247,1.44501093731615,0.16368160612330274,0.127262640560305,0.0,1.1630491793601156,NACA0012,True,0.0,-21.181450291124893,-0.4062013412621969,0.016581509736458184,0.4062013412621969,0.016581509736458184,21.181450291124893,0.21020880930351057,9.933249780928316
248,1.7108839592265532,0.1649274058106685,0.05,11.247931611725662,5.0,NACA0012,True,0.0,-32.886298745668434,-0.6106041006983396,0.018183927239670574,0.6106041006983396,0.018183927239670574,32.886298745668434,0.1838579254998243,15.920575161398324
249,1.8583957664764639,0.18172981481492806,0.16829481376797287,12.207235701667305,0.7146616608313288,NACA4412,True,0.0,-27.05321407111442,-0.7362975518217251,0.02923899710252374,0.7362975518217251,0.02923899710252374,27.05321407111442,0.3252421439604799,10.618657172784145
250,1.7947926240522238,0.15812759697193338,0.0975679996675622,8.028538430323934,1.2022560624364638,NACA4412,True,0.0,-31.690281369916885,-0.8010323272500756,0.026784218248501194,0.8010323272500756,0.026784218248501194,31.690281369916885,0.22946028542559965,14.038510225756418
251,1.7513510643376664,0.18936028500560698,0.15213556638551404,22.139949695018323,-2.170200164544248,NACA0012,True,0.0,-14.568064128745064,-0.24419689304053885,0.012110400143640744,0.24419689304053885,0.012110400143640744,14.568064128745064,0.2990395614003687,10.256939035735542
252,1.7575685235427037,0.15,0.07310781831773928,10.87502301438171,1.1228772278361898,NACA0012,True,0.0,-26.646323134206114,-0.4284043293595247,0.01379859190708345,0.4284043293595247,0.01379859190708345,26.646323134206114,0.1960636394157714,15.755328852166537
253,1.8017833077268022,0.1658451485561591,0.0812781897808574,18.861051710643785,3.885499398492052,NACA4412,True,0.0,-31.7764955246773,-0.8951190211487899,0.02999680501482942,0.8951190211487899,0.02999680501482942,31.7764955246773,0.2226313529826796,14.582057039627761
254,1.869735314924538,0.17398893050017883,0.08172648883603041,15.301700642892444,-0.3589848710887329,NACA4412,True,0.0,-32.723069845073844,-0.7160787800839176,0.02262117544671646,0.7160787800839176,0.02262117544671646,32.723069845073844,0.23906007505182372,14.623563332848924
255,1.8034548043306764,0.1632147591391669,0.07881048416775686,6.003576302079114,0.5743442913969468,NACA0012,True,0.0,-24.722607301984336,-0.40411013331669016,0.013684973839985251,0.40411013331669016,0.013684973839985251,24.722607301984336,0.21824079390558626,14.903030606965483
256,1.8663650374476466,0.17342131570543054,0.07899492852587586,22.048711215076594,-1.0677968374975189,NACA2412,True,0.0,-29.139484132383526,-0.48418153016991444,0.015256001633575954,0.48418153016991444,0.015256001633575954,29.139484132383526,0.23555042655857822,14.787994672303006
257,1.9586395183754268,0.19704873650474056,0.09959046130433723,17.807884246887657,-2.173329325445764,NACA0012,True,0.0,-16.60528316117235,-0.26005892106100187,0.011528142682686001,0.26005892106100187,0.011528142682686001,16.60528316117235,0.2905046277640225,13.205534082087437
258,1.92196801454943,0.16664482565495814,0.1603516112246922,0.07752296691788985,4.809682453866885,NACA4412,True,0.0,-26.608098095805513,-0.9507210422883815,0.038831169343638804,0.9507210422883815,0.038831169343638804,26.608098095805513,0.31423834627715974,11.755284142480138
259,2.0,0.21060909617885368,0.06350262550239003,0.0,-3.1871388115745067,NACA2412,True,0.0,-25.00199852200157,-0.41612265812611454,0.014084828282554793,0.41612265812611454,0.014084828282554793,25.00199852200157,0.2741117216812437,14.59259011422897
260,1.8689116616670647,0.1703517611566595,0.10521892988232173,22.768479649757857,2.4819891216243573,NACA4412,True,0.0,-31.18709416471103,-0.8055683674806503,0.027354284586084295,0.8055683674806503,0.027354284586084295,31.18709416471103,0.25750863904820187,13.563936386853964
261,2.0,0.15689488720293804,0.11223805448693741,1.3546674469922273,3.727367016636469,NACA4412,True,0.0,-31.68376184878068,-0.9336098819301363,0.031569645869887634,0.9336098819301363,0.031569645869887634,31.68376184878068,0.26913294168987545,14.862543302518647
262,1.7687669292625037,0.1776909432145374,0.08150705148494773,25.912288987934076,4.52326474046314,NACA4412,True,0.0,-30.654877196740927,-0.8762932252646459,0.03040414270915943,0.8762932252646459,0.03040414270915943,30.654877196740927,0.2292304205778035,13.647998560430354
263,1.6045254146494785,0.16320888625356716,0.08278228598178171,0.0,-0.15916965012635287,NACA0012,True,0.0,-21.471449605122306,-0.3642274806262063,0.013651119025478865,0.3642274806262063,0.013651119025478865,21.471449605122306,0.19734954381551723,13.045390207046696
264,1.9883733791627738,0.19856659894590206,0.16837014915345977,30.0,-4.235035989837922,NACA2412,True,0.0,-19.431837330492918,-0.31036548665955427,0.012883771059229852,0.31036548665955427,0.012883771059229852,19.431837330492918,0.3648036308786638,10.837690089433874
265,1.8778336791788148,0.17399587668443367,0.09389960903651422,20.387441167323352,-0.2570245661330509,NACA4412,True,0.0,-32.09538256806013,-0.699140977196563,0.022504648736811628,0.699140977196563,0.022504648736811628,32.09538256806013,0.2515315827933816,14.01915134273559
266,1.4794047677731257,0.17917955743241726,0.11621265397562427,0.2763222452173837,5.0,NACA0012,True,0.0,-25.800240819707213,-0.5772086011240274,0.02280071797882727,0.5772086011240274,0.02280071797882727,25.800240819707213,0.21850232296005184,10.016545532607442
267,1.8539277006265604,0.16836938023403883,0.07876722314087553,6.91070462820647,-1.1766725568319485,NACA4412,True,0.0,-32.91414437211743,-0.698176374375019,0.021729290526712033,0.698176374375019,0.021729290526712033,32.91414437211743,0.2290866974177566,15.003262772970064
268,1.805021792281866,0.15789827814203722,0.06660657393868744,17.541129208273276,1.9348715096130598,NACA0012,True,0.0,-28.57034785739827,-0.4558138606643554,0.014130222646152555,0.4558138606643554,0.014130222646152555,28.57034785739827,0.20261807523936243,16.0800247794452
269,1.8600652945206972,0.18913330466601014,0.13856728492218032,9.74081790024773,-1.0732972213180587,NACA4412,True,0.0,-28.26629468756757,-0.6698188326881546,0.024834280097529943,0.6698188326881546,0.024834280097529943,28.26629468756757,0.3047722468434818,11.35222427801045
270,1.7713763877787196,0.17750346792232466,0.08345287343423999,0.93645056304425,3.853320525938552,NACA4412,True,0.0,-29.82808978614339,-0.927675412548428,0.033507980089734095,0.927675412548428,0.033507980089734095,29.82808978614339,0.231125950660071,13.576036348228474
271,1.7783675792777036,0.155184276031408,0.069543535749834,10.147676278778038,-2.1099761625091142,NACA0012,True,0.0,-18.380366321787793,-0.2773209555081472,0.011257690154087082,0.2773209555081472,0.011257690154087082,18.380366321787793,0.19982432731689137,15.82685796815242
272,1.5941240658871436,0.1725162290594439,0.11509743864448203,19.126842066019098,-1.2967064186778758,NACA0012,True,0.0,-17.23162618692078,-0.28925160985321513,0.012710256632862764,0.28925160985321513,0.012710256632862764,17.23162618692078,0.22924593468244814,11.085176018325805
273,1.8738179247954774,0.18664596616315854,0.07880726158906474,20.16699861381341,1.7399396099724973,NACA4412,True,0.0,-32.036711463899,-0.7895451855417742,0.025977259398172595,0.7895451855417742,0.025977259398172595,32.036711463899,0.24870550817846615,14.117876363097139
274,2.0,0.17539004791902685,0.08725102063051551,15.749667594212687,2.184350468106789,NACA0012,True,0.0,-28.31736267570426,-0.4678830121065835,0.014797071277716562,0.4678830121065835,0.014797071277716562,28.31736267570426,0.2626410685495424,15.22991062323322
275,1.8646983780099664,0.16469481713680031,0.07950501609079327,10.258054140257565,-0.5574741469215301,NACA0012,True,0.0,-22.24650341333366,-0.34869460865652807,0.01247800914317513,0.34869460865652807,0.01247800914317513,22.24650341333366,0.22767951646489903,15.27190541749529
267,1.8539277006265604,0.16836938023403883,0.07876722314087553,6.91070462820647,-1.1766725568319485,NACA4412,True,0.0,-32.91414437211743,-0.698176374375019,0.021729290526712033,0.698176374375019,0.021729290526712033,32.91414437211743,0.2290866974177566,15.003262772970064
276,1.9870818207463414,0.1609351151876727,0.09609968028142227,0.0,-4.355345127941016,NACA0012,True,0.0,-11.52721475469491,-0.1734456298757531,0.0102689706499264,0.1734456298757531,0.0102689706499264,11.52721475469491,0.2553745846879463,15.461578399297007
277,1.683033447983927,0.21580660817479064,0.09899063506672007,10.451915213980763,4.223220514191635,NACA2412,True,0.0,-27.24352322194996,-0.7191545220475399,0.028249011909762606,0.7191545220475399,0.028249011909762606,27.24352322194996,0.2649071448542974,10.692809318490205
278,2.0,0.19598672133921213,0.08177282280730364,24.037270830862173,-3.2885529253709294,NACA0012,True,0.0,-14.237224743108337,-0.2052971892092366,0.010402609447479094,0.2052971892092366,0.010402609447479094,14.237224743108337,0.27775954414651577,14.4009452934947
279,1.809451118650439,0.16730842063923765,0.09195589534198968,0.0,-0.3318933344557352,NACA0012,True,0.0,-21.80947258748684,-0.3597999776929013,0.013193297882835594,0.3597999776929013,0.013193297882835594,21.80947258748684,0.23456305328918634,13.958350664666531
280,2.0,0.17409972716492855,0.1104169404010129,4.4935939411655,0.9383787300045159,NACA4412,True,0.0,-31.73329372753386,-0.7935013166395413,0.026465720631092645,0.7935013166395413,0.026465720631092645,31.73329372753386,0.28451666756594146,14.058930305279684
281,1.970687388795905,0.15828481193615368,0.09362246305043895,11.567203988345877,3.8644512501322534,NACA0012,True,0.0,-31.359937836597954,-0.5554885314549819,0.016823960988165434,0.5554885314549819,0.016823960988165434,31.359937836597954,0.2482152449810101,15.646133196437395
282,2.0,0.16165082896208544,0.05,5.658027720161098,-1.598444845619535,NACA0012,True,0.0,-21.634194889852463,-0.3107895296224397,0.011106619580244073,0.3107895296224397,0.011106619580244073,21.634194889852463,0.21165082896208542,18.899051894176846
283,1.955477759086019,0.17435855052629257,0.12433654315922293,18.380678445574727,-4.814894619496598,NACA0012,True,0.0,-9.301856549028267,-0.14158741983187192,0.010184744485650446,0.14158741983187192,0.010184744485650446,9.301856549028267,0.2920458062250702,13.093470903441526
284,1.8461997452253913,0.1707545031584472,0.08094736721084811,6.298470845310353,-2.4718746616558027,NACA2412,True,0.0,-26.57941136239711,-0.44788057983261625,0.014727366568811212,0.44788057983261625,0.014727366568811212,26.57941136239711,0.23234596447427375,14.669734019192303
285,1.734141438827375,0.168158049256707,0.09871029159485445,22.31633641815973,5.0,NACA0012,True,0.0,-29.69671002875819,-0.5648168545306104,0.018713167075100644,0.5648168545306104,0.018713167075100644,29.69671002875819,0.23139372429090052,12.996232024329526
286,1.8812413801517203,0.18915729558228075,0.050258389079558874,20.465131615110955,-1.1903720998404446,NACA4412,True,0.0,-33.90282027587575,-0.6671887626575064,0.01987085852072149,0.6671887626575064,0.01987085852072149,33.90282027587575,0.22519934652160412,15.715272646475619
287,1.7300046635526205,0.1617667624919722,0.08527750784168522,25.34744055048522,5.0,NACA4412,True,0.0,-30.873142362902428,-0.9034362977340296,0.031134885648862087,0.9034362977340296,0.031134885648862087,30.873142362902428,0.2136938698905908,14.005624669749112
288,1.5523697800213836,0.18726178783623232,0.05,0.16843002073250185,-5.0,NACA0012,True,0.0,-8.743560084539856,-0.13942313830189138,0.010393533432506891,0.13942313830189138,0.010393533432506891,8.743560084539856,0.18415901469540608,13.085712572417199
289,1.8443173834277353,0.16234885065299,0.13150433690395325,0.0,5.0,NACA4412,True,0.0,-27.670628361677235,-0.9696895656944623,0.03796585333856665,0.9696895656944623,0.03796585333856665,27.670628361677235,0.27097927099346053,12.552645072603415
290,1.8463625667701693,0.16253104067774687,0.05,9.70923134998404,-2.430295458193748,NACA0012,True,0.0,-18.288649174018577,-0.2655701849268089,0.010810765605842388,0.2655701849268089,0.010810765605842388,18.288649174018577,0.19620467889204998,17.374992009470674
291,1.7713763877787196,0.17750346792232466,0.08345287343423999,0.93645056304425,2.4315584568914366,NACA4412,True,0.0,-30.54696042289773,-0.861241502300226,0.030229759335693388,0.861241502300226,0.030229759335693388,30.54696042289773,0.231125950660071,13.576036348228474
292,1.899709198697291,0.17366231295163043,0.08104666519819138,11.45731512175326,0.3746175070003037,NACA0012,True,0.0,-24.26574064956417,-0.3897811205004575,0.013334546731086685,0.3897811205004575,0.013334546731086685,24.26574064956417,0.24193649439100187,14.916703859412975
293,1.7984802517646121,0.17742199750557588,0.07565200398328598,15.287020886182138,4.34698867555176,NACA4412,True,0.0,-30.82694551007937,-0.927983878066097,0.03222781311661891,0.927983878066097,0.03222781311661891,30.82694551007937,0.22757429695638304,14.213077923326438
294,1.8638132978166886,0.18949999516063665,0.05,21.378054440993452,-1.0162582242702003,NACA4412,True,0.0,-33.81241289814366,-0.6706384596775327,0.02007784756024797,0.6706384596775327,0.02007784756024797,33.81241289814366,0.22319163790371357,15.564203219015498
295,1.9239605957031591,0.16656812008767716,0.10663995920596028,17.03007764082943,-1.5430900518490396,NACA0012,True,0.0,-18.846450999166077,-0.29188990752781735,0.01178369129219075,0.29188990752781735,0.01178369129219075,18.846450999166077,0.26282078949435134,14.084214498176188
296,1.964437762214185,0.18022440314688043,0.05768564411582215,12.830802176209946,2.0643678767781486,NACA4412,True,0.0,-34.78071998302513,-0.8479568229686293,0.02563698748041994,0.8479568229686293,0.02563698748041994,34.78071998302513,0.23367974042650724,16.51412191133764
297,1.751016672271171,0.192943309916893,0.07894493850356529,12.70628842459175,-2.9698215457500385,NACA0012,True,0.0,-14.267657015074832,-0.22836140162138271,0.011272800798242652,0.22836140162138271,0.011272800798242652,14.267657015074832,0.23804042798941422,12.880414526510409
298,2.0,0.17711504774991085,0.09540056542102239,1.5929281902666919,-3.813348553534958,NACA0012,True,0.0,-12.819337408198644,-0.19777793663122697,0.010627228401826562,0.19777793663122697,0.010627228401826562,12.819337408198644,0.27251561317093326,14.678058087963686
299,1.8619409484444385,0.16844515171663357,0.07167991349573052,19.260456017405616,-3.00937755415291,NACA4412,True,0.0,-32.456662120570655,-0.588177432215513,0.01766602324741369,0.588177432215513,0.01766602324741369,32.456662120570655,0.22354934583339592,15.508093224651558
300,1.820803046996372,0.1551709116709489,0.0989750425764403,20.072267933188186,1.4212145928423416,NACA0012,True,0.0,-26.019695773637533,-0.42036384530132126,0.014038163547158256,0.42036384530132126,0.014038163547158256,26.019695773637533,0.23137486393772339,14.328798208796016
301,1.9686428860815577,0.1762080739602452,0.12842125390578263,4.457629641063098,5.0,NACA0012,True,0.0,-29.52438035377835,-0.6014813502311412,0.02032852919551399,0.6014813502311412,0.02032852919551399,29.52438035377835,0.299853179597631,12.92484147781951
201,1.730858643197423,0.16476948236349437,0.08242337808220121,25.11797517625843,5.0,NACA0012,True,0.0,-30.850801620464566,-0.5601791686804772,0.017709818192688607,0.5601791686804772,0.017709818192688607,30.850801620464566,0.21392794951956332,14.004115168024164
302,1.750498455490131,0.15,0.11314988368006168,23.762531277767422,-1.18778398898242,NACA4412,True,0.0,-31.081265365616403,-0.6397630789486737,0.020961177680835334,0.6397630789486737,0.020961177680835334,31.081265365616403,0.23032173247217777,13.304193268186216
303,2.0,0.22465146051822002,0.09786704958886983,20.53942317135324,-0.01714548338262245,NACA0012,True,0.0,-21.275389274558435,-0.3480507257508963,0.013306692754507014,0.3480507257508963,0.013306692754507014,21.275389274558435,0.3225185101070899,12.402388931636295
304,1.8803726527368645,0.1596193826390065,0.07469540825345197,2.5894547488245463,-5.0,NACA4412,True,0.0,-30.510822676668976,-0.5255579846457578,0.015917122070129602,0.5255579846457578,0.015917122070129602,30.510822676668976,0.22029956246296792,16.049969748601004
305,1.2790871310348997,0.17223550512458116,0.05024851077339637,13.53875003684508,-0.1455257781399677,NACA0012,True,0.0,-20.1687093417943,-0.3492245186673321,0.013919033641081274,0.3492245186673321,0.013919033641081274,20.1687093417943,0.14228822079803355,11.498238431847067
306,1.7887995723729806,0.17647842553533247,0.09582849673061207,14.744650044105844,-3.6673352949883022,NACA4412,True,0.0,-29.238703079888182,-0.5574060353028286,0.018540450890517802,0.5574060353028286,0.018540450890517802,29.238703079888182,0.24355125305176203,13.138113107723173
307,1.7112989706621884,0.19121250280835267,0.05202290347934538,18.90790956332144,-0.24876105589046826,NACA4412,True,0.0,-32.123205652494356,-0.7054564345945112,0.022722439246027386,0.7054564345945112,0.022722439246027386,32.123205652494356,0.20812425020436842,14.0711337776053
308,1.8582991086897014,0.2091820808426894,0.10655511713205314,3.934386617539327,-3.3038550282856978,NACA4412,True,0.0,-27.899525680238614,-0.579033216321175,0.02068975102620386,0.579033216321175,0.02068975102620386,27.899525680238614,0.2933670767883239,11.771176285908236
309,1.9827046718075563,0.1639762962930933,0.10305972486051566,12.161635894297309,3.6817947823719166,NACA4412,True,0.0,-31.919811142975817,-0.9134650159302313,0.03056017153341434,0.9134650159302313,0.03056017153341434,31.919811142975817,0.26472678334108096,14.849717002539006
310,1.8395490173601754,0.1738957977088596,0.06829818580023955,4.139496989263165,3.6617405312169216,NACA4412,True,0.0,-32.1869468037739,-0.9313755183027315,0.030944877102743046,0.9313755183027315,0.030944877102743046,32.1869468037739,0.22276385218735495,15.190707801303116
311,2.0,0.17450642597122729,0.07537286764424486,8.105413091599555,0.08992559235936581,NACA4412,True,0.0,-34.32830946788326,-0.7624625815697635,0.023041387888231554,0.7624625815697635,0.023041387888231554,34.32830946788326,0.24987929361547215,16.00772894033956
312,1.957493648751612,0.1644714241664422,0.08379131501089286,9.293959122443251,3.870307049574165,NACA0012,True,0.0,-31.492652979739294,-0.5598768706934736,0.01689789030773339,0.5598768706934736,0.01689789030773339,31.492652979739294,0.24298636758065567,15.769532353007405
313,1.854250962979674,0.17361698286868318,0.07818224590407613,8.439160829658906,0.20601123382296582,NACA0012,True,0.0,-23.72004707170227,-0.3843364316678783,0.013335635334549479,0.3843364316678783,0.013335635334549479,23.72004707170227,0.23344948121471407,14.728011455929245
314,1.936647344884491,0.15,0.11577238357794957,12.647104268876419,1.1063062867266047,NACA4412,True,0.0,-32.52084975341819,-0.7906471185445162,0.025605053979230376,0.7906471185445162,0.025605053979230376,32.52084975341819,0.2573536904999293,14.573728984271858
315,2.0,0.16896125269330145,0.0935765880191144,0.0,3.3885105718630015,NACA4412,True,0.0,-32.36135524876757,-0.9208790017011186,0.03040913123625905,0.9208790017011186,0.03040913123625905,32.36135524876757,0.26253784071241587,15.23589890564234
316,1.8688398728221733,0.15,0.07118893171748145,17.327174605792475,-3.3189364528059926,NACA2412,True,0.0,-26.48754220494588,-0.40107892849207993,0.012783283097586187,0.40107892849207993,0.012783283097586187,26.48754220494588,0.2066833475102852,16.8981319120361
317,1.7649655150862569,0.16577621153399663,0.07315551070580306,8.120938250254811,5.0,NACA4412,True,0.0,-30.939115346866657,-0.984658707599007,0.03415366430149148,0.984658707599007,0.03415366430149148,30.939115346866657,0.21085312510670726,14.773806496191241
318,2.0,0.17550785620917514,0.08274646001359984,16.538509550618283,1.624681765181987,NACA0012,True,0.0,-27.456365994857464,-0.4415906428397811,0.014086321656113135,0.4415906428397811,0.014086321656113135,27.456365994857464,0.25825431622277495,15.488608510029804
319,2.0,0.15,0.06051550460584191,10.722370376457528,3.5366988871183582,NACA0012,True,0.0,-33.965982701396676,-0.5541072317019623,0.0151910716013803,0.5541072317019623,0.0151910716013803,33.965982701396676,0.2105155046058419,19.00097575943106
320,1.945204996372243,0.16186480786661891,0.07111874578354274,11.023665830903235,4.248329066027232,NACA2412,True,0.0,-35.20159283469106,-0.7682227775969128,0.022574330888298664,0.7682227775969128,0.022574330888298664,35.20159283469106,0.2266003863164275,16.69821724234734
321,1.713836258730365,0.1590622496617037,0.07195244350635993,15.676853633063875,1.2234118058227408,NACA4412,True,0.0,-32.930064925736474,-0.7888118670377396,0.025163044465015574,0.7888118670377396,0.025163044465015574,32.930064925736474,0.1979606787254487,14.837465402978033
322,1.8996123879437814,0.16330758237443,0.08558350802992383,3.7998107983600655,-0.566495124513501,NACA4412,True,0.0,-33.33846848474606,-0.7318190765210605,0.02269221006641345,0.7318190765210605,0.02269221006641345,33.33846848474606,0.23639829929047307,15.264607381948709
323,1.8687595579839318,0.16731954717229683,0.09822343750556227,6.503226966006277,-3.1971088006442763,NACA0012,True,0.0,-14.295669961054257,-0.22438416509571013,0.011017283628326205,0.22438416509571013,0.011017283628326205,14.295669961054257,0.24811799533616496,14.075006050346232
324,1.8690147321903354,0.16461968185421427,0.08305275718346032,10.156975239726295,0.185962063352743,NACA0012,True,0.0,-23.959940953744436,-0.3830325014170919,0.013158159207118563,0.3830325014170919,0.013158159207118563,23.959940953744436,0.2314517186594633,15.092633960018707
325,2.0,0.17282864823291633,0.13248779257207022,14.644806464413803,2.145095519084216,NACA0012,True,0.0,-26.242696083897872,-0.45852094894041634,0.015700763369146862,0.45852094894041634,0.015700763369146862,26.242696083897872,0.30531644080498654,13.10116150133855
326,1.9223143393751394,0.19213539044909406,0.07975859496446469,21.316775782246605,-1.2151621077742543,NACA2412,True,0.0,-28.291392440449062,-0.47695233662554326,0.015434551678094663,0.47695233662554326,0.015434551678094663,28.291392440449062,0.2613328534751695,14.140175527981928
327,1.9993737635582807,0.1608441815345213,0.05,1.0118400852603342,-1.9563918123104447,NACA0012,True,0.0,-20.57845108477752,-0.2947622938906686,0.010919637957343756,0.2947622938906686,0.010919637957343756,20.57845108477752,0.21077816237952057,18.96541558801257
328,2.0,0.17410255323066512,0.0733907907239148,10.973994882555031,0.3977353383133276,NACA0012,True,0.0,-25.292860066169123,-0.39551014808806717,0.01301739315489378,0.39551014808806717,0.01301739315489378,25.292860066169123,0.24749334395457992,16.162050809471797
329,1.6767631620505117,0.15,0.07185282277613064,17.398471196889368,3.4687646005047315,NACA0012,True,0.0,-30.287772595468223,-0.5224685460202024,0.0161562805518869,0.5224685460202024,0.0161562805518869,30.287772595468223,0.1859973203139683,15.115995740496084
330,1.7669236619541013,0.18115047501910475,0.05090895193679473,21.553630371335636,5.0,NACA4412,True,0.0,-32.26845812833607,-0.9363733418856831,0.030847666123255433,0.9363733418856831,0.030847666123255433,32.26845812833607,0.2050156462339441,15.228199820470012
331,1.9932661503605777,0.1555187043454684,0.09684086693389514,14.822882247428229,-2.2650667872791583,NACA0012,True,0.0,-17.919011304632498,-0.2657260263283067,0.01104535847595916,0.2657260263283067,0.01104535847595916,17.919011304632498,0.2515098955753314,15.797032307952533
332,1.8803269903324438,0.17298539693743256,0.08303341675764586,6.983540619553266,-1.1350576562055301,NACA4412,True,0.0,-32.549167166159066,-0.6980308653798227,0.022020490116116245,0.6980308653798227,0.022020490116116245,32.549167166159066,0.2406995427118747,14.68897510455569
333,1.9900051305744473,0.15,0.0998795270404808,3.8206079476484835,1.8704224169081336,NACA0012,True,0.0,-28.370659841884176,-0.4706333133634602,0.014688323171118213,0.4706333133634602,0.014688323171118213,28.370659841884176,0.24863077041803655,15.927716481167053
334,1.9838549318983714,0.15,0.13127690829329716,1.2016431898975906,5.0,NACA4412,True,0.0,-29.8970884186844,-0.9866586652078743,0.03554437017728484,0.9866586652078743,0.03554437017728484,29.8970884186844,0.27900629087339174,14.106063266521241
335,1.942313367882145,0.15766470085969056,0.07148509793184069,14.77018220124703,-1.6834420136152106,NACA4412,True,0.0,-34.966356222406475,-0.6692352520819232,0.019153247330820227,0.6692352520819232,0.019153247330820227,34.966356222406475,0.22254035872014746,16.952346265415333
336,1.8883064148695268,0.1716172620816397,0.09773844338461798,6.003576302079114,0.5743442913969468,NACA0012,True,0.0,-23.9828841481749,-0.40068903251278315,0.013976757823969814,0.40068903251278315,0.013976757823969814,23.9828841481749,0.2543130532568206,14.020912693130802
337,1.8459795085299393,0.15,0.08750889752427782,19.485562894297146,3.6228621452928778,NACA0012,True,0.0,-30.907819493746103,-0.5257677728927485,0.015962824650058577,0.5257677728927485,0.015962824650058577,30.907819493746103,0.21921827896167703,15.544508250190889
338,1.8668710090164002,0.17308214615516174,0.07869129381925757,28.642175615335415,-1.232073481345574,NACA4412,True,0.0,-32.99057242134391,-0.6237925892805652,0.018948336018705294,0.6237925892805652,0.018948336018705294,32.99057242134391,0.23501426796428712,14.829769249735621
339,2.0,0.15,0.07545555547144797,12.615230687672385,-0.4349139752557881,NACA0012,True,0.0,-24.261321399580975,-0.3584040183477841,0.01193263963394537,0.3584040183477841,0.01193263963394537,24.261321399580975,0.22545555547144797,17.741856001887548
340,1.711650664552839,0.18126881781759657,0.05777515725401273,11.182859891508151,0.8636501145834627,NACA0012,True,0.0,-24.875960059321155,-0.41059544008343685,0.014002686461444097,0.41059544008343685,0.014002686461444097,24.875960059321155,0.20457988939433616,14.320801551598093
341,1.8266148502854878,0.1560550320982094,0.06007749512798128,23.33870151095806,3.1715429095132883,NACA0012,True,0.0,-31.429718589132875,-0.49868914222558947,0.014593413236161838,0.49868914222558947,0.014593413236161838,31.429718589132875,0.1973954419305462,16.90272976240978
342,1.8655757325416125,0.1738958729143364,0.08476580303286008,2.7819094235537856,1.5796627765532747,NACA4412,True,0.0,-32.035791522983764,-0.8278924069560966,0.027450387547997186,0.8278924069560966,0.027450387547997186,32.035791522983764,0.2412764727928161,14.42483294604844
343,2.0,0.16977479786397973,0.07151951050014178,21.076023265868315,-1.0532368303345128,NACA0012,True,0.0,-21.77388274548814,-0.31385103749429477,0.011392565508935684,0.31385103749429477,0.011392565508935684,21.77388274548814,0.24129430836412152,16.57726627336713
344,1.8168467455197315,0.1742618041111501,0.09241899934271837,13.476871784793255,2.084755737247529,NACA4412,True,0.0,-30.989872698218324,-0.825651295764691,0.028379787029064085,0.825651295764691,0.028379787029064085,30.989872698218324,0.24225907492387405,13.625628256621155
345,1.8034548043306764,0.1632147591391669,0.07881048416775686,6.003576302079114,0.5743442913969468,NACA4412,True,0.0,-32.91025447747179,-0.7811513339805388,0.024914452229848855,0.7811513339805388,0.024914452229848855,32.91025447747179,0.21824079390558626,14.903030606965483
346,1.803693990024281,0.15,0.06694360628644774,6.198413584456892,-0.006597907680228721,NACA0012,True,0.0,-24.643849911613497,-0.3819885981558327,0.012680517340617278,0.3819885981558327,0.012680517340617278,24.643849911613497,0.1956499394165298,16.628229067444575
347,1.8973906318041314,0.17657120939670604,0.05,6.6012897503982,3.669831653448273,NACA0012,True,0.0,-32.16921676306806,-0.5577868863254277,0.01633586166430265,0.5577868863254277,0.01633586166430265,32.16921676306806,0.21494704507292112,16.748735524308994
348,1.9509774156825177,0.1749792784375977,0.08027853963540874,16.318359458140783,0.9203698860071903,NACA2412,True,0.0,-32.15391932423866,-0.5923893507664806,0.017994171768428508,0.5923893507664806,0.017994171768428508,32.15391932423866,0.24900111911841616,15.28632839072939
349,1.7491272227619632,0.1703117594604326,0.0740059318933489,16.56371472981689,-0.2568583399405586,NACA4412,True,0.0,-32.37848552416789,-0.7148048617428368,0.022863641899827692,0.7148048617428368,0.022863641899827692,32.37848552416789,0.21367136247462717,14.318465544348642
350,1.8415420413889374,0.17145227699134166,0.09011592809982412,8.272943559636154,-0.768837993093124,NACA4412,True,0.0,-31.88581985710269,-0.7091785783833394,0.0230356944416541,0.7091785783833394,0.0230356944416541,31.88581985710269,0.24084442318301286,14.080778975006497
351,2.0,0.16398678022373098,0.09790865791028622,9.74235128142522,-0.8959761997902294,NACA4412,True,0.0,-33.33518689676696,-0.7086326048438799,0.021815102269917935,0.7086326048438799,0.021815102269917935,33.33518689676696,0.26189543813401717,15.27327099891339
352,1.8698747595825405,0.15380956113550026,0.0704309749435119,14.723957168231433,-2.277002120365027,NACA4412,True,0.0,-34.28501341919932,-0.6403596401162225,0.01849382083315439,0.6403596401162225,0.01849382083315439,34.28501341919932,0.20965085924470145,16.67740179611131
353,1.9587781983512045,0.16868854585204118,0.09076606988025758,3.372214355474231,-1.4371243642441907,NACA4412,True,0.0,-32.92568859824036,-0.689808183833351,0.021375674612897095,0.689808183833351,0.021375674612897095,32.92568859824036,0.2541070223790081,15.09919715879899
354,2.0,0.17038861632323515,0.06613140493979379,21.275494343826367,3.6540749351619364,NACA4412,True,0.0,-35.120675117368755,-0.8889582666365415,0.02663133514218026,0.8889582666365415,0.02663133514218026,35.120675117368755,0.23652002126302896,16.9118875376376
355,1.9406064635369493,0.18767887992893928,0.07169976545190068,18.66493287378452,-3.9705371667216025,NACA2412,True,0.0,-23.462547745601828,-0.3630273476985884,0.012680888873212767,0.3630273476985884,0.012680888873212767,23.462547745601828,0.25167593786475817,14.963502185676075
356,1.8569700700173626,0.16596170236552837,0.05,28.71570429266224,-3.463163812290848,NACA0012,True,0.0,-14.91889800744211,-0.1947921280478607,0.009739025640215958,0.1947921280478607,0.009739025640215958,14.91889800744211,0.200517208781392,17.197216447889705
357,1.8028900977000997,0.15812225221403628,0.067453759794626,6.425457544508652,-0.34214053268431616,NACA0012,True,0.0,-23.318561554148,-0.3640066878100407,0.012562643014000433,0.3640066878100407,0.012562643014000433,23.318561554148,0.203344379164548,15.984767898378019
358,1.8650420456482266,0.15349869357504187,0.08286980792921533,2.7821469388899063,-0.9325718627333378,NACA4412,True,0.0,-33.87735600262778,-0.7182277796569368,0.021741851244323804,0.7182277796569368,0.021741851244323804,33.87735600262778,0.2204185967861529,15.78080018089581
359,1.8548621605201194,0.16939263266264354,0.11616562176048784,6.642284329145773,-1.191434761774189,NACA4412,True,0.0,-30.414295640923047,-0.6835477252704486,0.023289088214070715,0.6835477252704486,0.023289088214070715,30.414295640923047,0.2648356003768217,12.99112970323486
360,1.9357354206628403,0.15,0.05054470546511763,15.49958073810247,-4.662623193754246,NACA0012,True,0.0,-11.809448896893556,-0.157803013425337,0.009533496373330537,0.157803013425337,0.009533496373330537,11.809448896893556,0.19410074489761245,19.30477711863142
361,1.66848029199056,0.18336011288596257,0.07143698050768263,16.97602405696444,-1.3016914245318094,NACA4412,True,0.0,-30.655769080202816,-0.657780134080484,0.02201526625164238,0.657780134080484,0.02201526625164238,30.655769080202816,0.21256196439188754,13.096541014405254
362,1.8336682306422107,0.17425523750276023,0.10952642624806394,28.824096368000905,-4.135855455507773,NACA0012,True,0.0,-11.161532718690596,-0.16008847291335218,0.01006475631360598,0.16008847291335218,0.01006475631360598,11.161532718690596,0.26018071062933823,12.923091692437692
363,1.86830530828503,0.17409986560815566,0.05,15.575495405542561,-0.9888935091806532,NACA0012,True,0.0,-22.044775782263482,-0.3259960519734508,0.011658559684025136,0.3259960519734508,0.011658559684025136,22.044775782263482,0.2093434842508395,16.67386370995697
364,1.8826695618936555,0.15,0.06481918633978599,28.03934201929954,0.36776218624962476,NACA0012,True,0.0,-25.98067477850866,-0.36206237235507416,0.011707323082671623,0.36206237235507416,0.011707323082671623,25.98067477850866,0.2022167717163382,17.52794612037847
365,1.7819367640175354,0.1751127678195688,0.06434772501646172,4.47781568459858,5.0,NACA0012,True,0.0,-31.762736901327447,-0.6138738609807108,0.019075908380175925,0.6138738609807108,0.019075908380175925,31.762736901327447,0.2133517278571402,14.882929062020336
366,1.8150267136632718,0.1668251178997122,0.06121399175132303,19.68105781257562,2.94016924313167,NACA0012,True,0.0,-30.223083538303808,-0.4958135960699855,0.015044751947028713,0.4958135960699855,0.015044751947028713,30.223083538303808,0.20694853788830847,15.918556395354988
367,1.8441843679912568,0.1922542729989665,0.05,21.494581697451515,0.1323112237122972,NACA4412,True,0.0,-33.668340872233564,-0.7195647957649148,0.02202314023604016,0.7195647957649148,0.02202314023604016,33.668340872233564,0.22338077167189022,15.22519578425867
368,1.9493472355440828,0.1641214364730561,0.07105116441640212,5.4382115948100616,0.11847173840393976,NACA0012,True,0.0,-24.925337621435062,-0.3882802876183618,0.012810165572091475,0.3882802876183618,0.012810165572091475,24.925337621435062,0.22921652970978867,16.578013154350103
369,2.0,0.1590211816420038,0.08914039240560978,9.257617496143716,0.22035569450741985,NACA4412,True,0.0,-34.48060408965082,-0.7672534859489587,0.023094716667132902,0.7672534859489587,0.023094716667132902,34.48060408965082,0.24816157404761358,16.118530902099046
370,1.6922894881125743,0.16672701168937007,0.05,30.0,-5.0,NACA0012,True,0.0,-9.5650725704483,-0.1260130531576138,0.009385941797546355,0.1260130531576138,0.009385941797546355,9.5650725704483,0.183382421835986,15.616784220123836
371,2.0,0.19362658292633014,0.08525700466565249,28.117751493070653,-3.1149831353270625,NACA0012,True,0.0,-14.691727622273184,-0.20637888724093975,0.010300348091137614,0.20637888724093975,0.010300348091137614,14.691727622273184,0.2788835875919826,14.342902121053296
372,1.9260306462213448,0.1535622274325763,0.08685719606656538,8.88740220388077,3.7451293333815827,NACA0012,True,0.0,-31.575774568275147,-0.5556472060325934,0.016648076318483713,0.5556472060325934,0.016648076318483713,31.575774568275147,0.23152758880310753,16.022254925906356
373,1.936647344884491,0.15,0.11577238357794957,12.647104268876419,1.5676563987123109,NACA4412,True,0.0,-32.41214094009751,-0.8119705492470707,0.026483161138311073,0.8119705492470707,0.026483161138311073,32.41214094009751,0.2573536904999293,14.573728984271858
374,1.9849894495470195,0.15,0.06912241783337154,13.108488830955121,0.2947661849963015,NACA0012,True,0.0,-26.43654237877614,-0.39322289654946885,0.012377932502853253,0.39322289654946885,0.012377932502853253,26.43654237877614,0.2174778437792381,18.117630036890848
375,2.0,0.16948044992047928,0.07168590194625765,12.082446911485087,-3.557286472580093,NACA2412,True,0.0,-25.716682803344913,-0.39752409616373036,0.01290361388949749,0.39752409616373036,0.01290361388949749,25.716682803344913,0.24116635186673693,16.586061733065936
376,1.9513148786621595,0.15586592902541022,0.0677212243804188,5.397116570307878,-3.103392848102827,NACA4412,True,0.0,-34.338852797660614,-0.6206992937870588,0.017586183276009814,0.6206992937870588,0.017586183276009814,34.338852797660614,0.21814446955925645,17.454624283537104
377,1.9514228115499077,0.1773315512256346,0.0837692013126942,11.226662705965168,-1.399878181863483,NACA0012,True,0.0,-19.80216079517631,-0.30749072014715767,0.011888865476256625,0.30749072014715767,0.011888865476256625,19.80216079517631,0.25475898230807115,14.947661334399598
378,1.848739541752598,0.154621584021239,0.06135171633743161,8.240965269441524,-1.142545220730526,NACA2412,True,0.0,-31.229120667843308,-0.5186353040075907,0.015213211861462678,0.5186353040075907,0.015213211861462678,31.229120667843308,0.19963919016794246,17.12007492298691
379,1.9867508316089975,0.15,0.07001602073434615,16.384126476832428,4.20227167366372,NACA4412,True,0.0,-36.04515164336489,-0.9446556355424777,0.027638129435056363,0.9446556355424777,0.027638129435056363,36.04515164336489,0.21855850608063232,18.060056035718045
380,2.0,0.17240922790055282,0.08012339873724532,14.329603156650279,0.8729922439202105,NACA4412,True,0.0,-34.21309945231174,-0.7836003525092936,0.023892652970978978,0.7836003525092936,0.023892652970978978,34.21309945231174,0.25253262663779813,15.839537461973617
381,1.903293201328354,0.18052880630908127,0.08209986907496852,3.0105583757639147,-0.04893680107826759,NACA4412,True,0.0,-32.409682057790654,-0.7515687907330383,0.02424131154206616,0.7515687907330383,0.02424131154206616,32.409682057790654,0.24992968616616656,14.494176605392472
382,1.8802177714628283,0.17363674145176394,0.07278281829328744,30.0,-1.4641992104934598,NACA4412,True,0.0,-33.37411692542275,-0.6089250349931746,0.01813645916123548,0.6089250349931746,0.01813645916123548,33.37411692542275,0.23166121773434586,15.260296491139943
383,1.745431638257155,0.16471447950586351,0.09086273959023697,7.548355266519778,0.14244010855018285,NACA0012,True,0.0,-22.694011403705403,-0.3780324468200118,0.01363962400306507,0.3780324468200118,0.01363962400306507,22.694011403705403,0.22304628211405728,13.658741920975745
384,1.9574444179257908,0.17973677672615831,0.08742122241819109,8.750984527431289,5.0,NACA4412,True,0.0,-30.79241638937461,-0.9821787577655311,0.03423762819521311,0.9821787577655311,0.03423762819521311,30.79241638937461,0.26147346706466496,14.653833493251721
385,2.0,0.15,0.0546184735675698,8.753166286113762,-1.2457889391900197,NACA0012,True,0.0,-23.04809674734867,-0.32711366110545187,0.011166944873833975,0.32711366110545187,0.011166944873833975,23.04809674734867,0.2046184735675698,19.548577067647347
386,2.0,0.17494740991498856,0.0825001777797355,15.413034398085575,3.531726656404489,NACA4412,True,0.0,-33.05668429213014,-0.9009042090288587,0.028950066918129402,0.9009042090288587,0.028950066918129402,33.05668429213014,0.2574475876947241,15.537143058194491
387,2.0,0.18156525507306806,0.05,14.6657441255498,5.0,NACA4412,True,0.0,-34.5415999331729,-0.9842387573329594,0.030233137522526602,0.9842387573329594,0.030233137522526602,34.5415999331729,0.23156525507306808,17.273748597292112
388,2.0,0.15,0.05344061513018239,12.802067762308358,3.614451986622987,NACA4412,True,0.0,-38.08850836672401,-0.9391522402218712,0.02586191965110519,0.9391522402218712,0.02586191965110519,38.08850836672401,0.20344061513018238,19.661757301708832
389,1.8106878754671454,0.15744479061854175,0.08404166800029715,16.242933886697024,2.30033131692785,NACA0012,True,0.0,-28.31315187271136,-0.4712468346432059,0.01497573162158908,0.4712468346432059,0.01497573162158908,28.31315187271136,0.21862830135531505,14.996185590059332
390,1.8838113462131896,0.1774463344354114,0.05325702826341275,24.273957503928,5.0,NACA4412,True,0.0,-33.971281866899105,-0.9277971312091715,0.028848676028373734,0.9277971312091715,0.028848676028373734,33.971281866899105,0.21730080613079084,16.331026337682342
391,1.9204327484191088,0.16844515171663357,0.07167991349573052,19.260456017405616,-3.00937755415291,NACA4412,True,0.0,-32.96265100998409,-0.5904304699608319,0.017425140976605653,0.5904304699608319,0.017425140976605653,32.96265100998409,0.23057201947504907,15.995271020296844
392,1.9490050776069339,0.15414813199573227,0.08078211229432777,5.294252825288976,-5.0,NACA2412,True,0.0,-21.980456068543365,-0.334892096914775,0.011935352596586684,0.334892096914775,0.011935352596586684,21.980456068543365,0.2289401195023822,16.59220236625274
393,1.9988633590754252,0.18072981983737604,0.07791813778037565,17.529261565161658,0.39643189335414936,NACA4412,True,0.0,-33.8495151716962,-0.7486153251198049,0.0229332114283206,0.7486153251198049,0.0229332114283206,33.8495151716962,0.2585009626909087,15.45624699677302
394,1.936647344884491,0.15,0.11577238357794957,14.098208449701959,1.1063062867266047,NACA4412,True,0.0,-32.560606030061706,-0.7865433724245623,0.025414491960192197,0.7865433724245623,0.025414491960192197,32.560606030061706,0.2573536904999293,14.573728984271858
395,1.7860827181064522,0.16896130978744445,0.07849411478521325,6.8789773773375416,-0.9645005784892855,NACA4412,True,0.0,-32.279510785448565,-0.7044784058886878,0.02250442877722222,0.7044784058886878,0.02250442877722222,32.279510785448565,0.2209879286654593,14.43559155101103
396,1.9733484398383863,0.1760688552774692,0.08539913504385724,0.0,0.5214510962033037,NACA0012,True,0.0,-24.75835504586313,-0.40422885809411957,0.013635824719363534,0.40422885809411957,0.013635824719363534,24.75835504586313,0.2579837253841339,15.094378760576198
397,1.8513625874152866,0.1937143406984709,0.066080754481471,13.307515181552818,1.4404629756026388,NACA4412,True,0.0,-32.038225834110584,-0.8017898331676898,0.026460627423126337,0.8017898331676898,0.026460627423126337,32.038225834110584,0.24048745980506897,14.252482989588213
398,2.0,0.1616611085768686,0.05396505839617741,14.594457716478301,2.4842424417746063,NACA4412,True,0.0,-37.214163361518615,-0.8735807770338097,0.024529425881832306,0.8735807770338097,0.024529425881832306,37.214163361518615,0.215626166973046,18.550624240795475
399,1.8240464850852527,0.15394415567490222,0.10856243292613714,18.214602509804664,-4.46571341540101,NACA2412,True,0.0,-21.446344384538218,-0.33804629453301094,0.012593868960433977,0.33804629453301094,0.012593868960433977,21.446344384538218,0.23941211012472316,13.897148218686885
400,1.9377235977242575,0.15,0.05,19.192206950297724,-3.6763950896041098,NACA0012,True,0.0,-15.157641716158063,-0.20085793570739666,0.00975924764135099,0.20085793570739666,0.00975924764135099,15.157641716158063,0.19377235977242577,19.377235977242574
401,2.0,0.16095150059592866,0.05,5.949356775297728,-5.0,NACA0012,True,0.0,-10.569665029493466,-0.14563326060858597,0.009604600369877682,0.14563326060858597,0.009604600369877682,10.569665029493466,0.21095150059592865,18.96170441404862
402,1.9535908646537417,0.15,0.0898170797145908,14.639583557686395,0.18613029671760228,NACA4412,True,0.0,-34.786238969486526,-0.7534151213733696,0.022371976014011655,0.7534151213733696,0.022371976014011655,34.786238969486526,0.23425222805918136,16.292341371004383
403,1.992054583086757,0.15,0.058789795738429074,13.286595903088934,4.9064950344488745,NACA2412,True,0.0,-38.002598888939,-0.8055209620026175,0.021834779251397502,0.8055209620026175,0.021834779251397502,38.002598888939,0.20796033475124273,19.081915148596575
404,2.0,0.17292427500164356,0.05430293839870826,20.535827218705567,1.2942364377798765,NACA0012,True,0.0,-28.39181101992882,-0.4241398932545662,0.012917138111180886,0.4241398932545662,0.012917138111180886,28.39181101992882,0.22722721340035182,17.603525300257047
405,1.9809196408229328,0.1754227779587378,0.1068202610381966,9.494811692241347,4.959298561476499,NACA4412,True,0.0,-29.98078392409016,-0.9726689004490008,0.03489135011772396,0.9726689004490008,0.03489135011772396,29.98078392409016,0.2795503897172902,14.036977832033962
406,1.846560852486806,0.16421254531249158,0.08418711491447903,6.341999637149533,4.6171314947096604,NACA0012,True,0.0,-31.40429436176562,-0.5941273427859772,0.018473890595898945,0.5941273427859772,0.018473890595898945,31.40429436176562,0.2293425441730739,14.867660050738758
407,1.8422534233066372,0.1849881740693977,0.05,24.74291668236881,-2.063551413058039,NACA4412,True,0.0,-33.420979850762784,-0.6107593274668767,0.01806632953827255,0.6107593274668767,0.01806632953827255,33.420979850762784,0.21645388405796193,15.679541582059148
408,1.89345512772705,0.18325889548361687,0.050552548210395946,15.818796887213933,-5.0,NACA0012,True,0.0,-9.775140220360463,-0.13885549070123457,0.009759210454096114,0.13885549070123457,0.009759210454096114,9.775140220360463,0.2213557384918465,16.196428180008155
409,1.9956883140043504,0.15,0.05391244448603725,6.951150297776383,1.2895242564169969,NACA0012,True,0.0,-29.956881683711057,-0.45171122101237327,0.013033759893695316,0.45171122101237327,0.013033759893695316,29.956881683711057,0.20347284127042267,19.57397273162506
410,1.9615316182542464,0.15337304638682334,0.06583011334445982,19.729308047764874,-1.0890109056511847,NACA0012,True,0.0,-22.485401968074125,-0.3174119537416864,0.011191387273847593,0.3174119537416864,0.011191387273847593,22.485401968074125,0.21498696431707395,17.896928316716323
411,2.0,0.22482806085247473,0.053746879173659,13.055656146873824,-1.249919155924045,NACA0012,True,0.0,-19.799022573265862,-0.31091552976724957,0.012081999007168942,0.31091552976724957,0.012081999007168942,19.799022573265862,0.2785749400261337,14.3587933631961
412,1.816583343450887,0.1532648155831792,0.0704305992259823,0.0,0.3165332991842422,NACA0012,True,0.0,-25.169811657930993,-0.3983023262816204,0.013114359489419088,0.3983023262816204,0.013114359489419088,25.169811657930993,0.2031806822743298,16.241578710950748
413,1.9834895672587576,0.16186480786661891,0.07111874578354274,10.999932860529055,5.0,NACA2412,True,0.0,-35.5703451612982,-0.8057084865161533,0.02358537593663731,0.8057084865161533,0.02358537593663731,35.5703451612982,0.23106022400398335,17.02686336596172
414,1.8832447764072215,0.1581937569906871,0.07131986017300566,14.425049821054436,-1.5372322204962303,NACA0012,True,0.0,-20.356434566809508,-0.3013452405471107,0.011389015836433874,0.3013452405471107,0.011389015836433874,20.356434566809508,0.21611516031892564,16.410745468440428
415,1.8420790462960928,0.16409523173943671,0.06509506507542742,30.0,3.6699148218336144,NACA2412,True,0.0,-34.80871852076439,-0.6603757616169947,0.019124812502832187,0.6603757616169947,0.019124812502832187,34.80871852076439,0.21109332168852168,16.074668708894702
416,1.9157224681287996,0.27094508723692823,0.09341292335338106,20.512981577672782,1.8581295019589952,NACA4412,True,0.0,-26.815970061130724,-0.7581991310034059,0.030411077994171292,0.7581991310034059,0.030411077994171292,26.815970061130724,0.3490044136652833,10.515605050236552
417,1.9897867653239385,0.15,0.0613180152198345,9.405225365710754,4.483372866964823,NACA0012,True,0.0,-35.169445686940826,-0.6011736804459383,0.01635441299719612,0.6011736804459383,0.01635441299719612,35.169445686940826,0.21023889497947465,18.83215459177922
418,1.8411706111812676,0.15,0.06775507779674367,13.676360178881456,-1.510034369180417,NACA0012,True,0.0,-20.73666788072612,-0.3045840816961143,0.01133552701800613,0.3045840816961143,0.01133552701800613,20.73666788072612,0.2004621248374275,16.910472350957967
419,1.9134207348560908,0.15,0.05,21.913941861461844,-3.8446684967738642,NACA0012,True,0.0,-14.486996884262828,-0.18973320366902002,0.009645486701977781,0.18973320366902002,0.009645486701977781,14.486996884262828,0.19134207348560908,19.134207348560906
420,1.966306508458773,0.16079832713883407,0.05987417182655206,13.230863362044257,1.453464822864956,NACA4412,True,0.0,-36.51645641199786,-0.8254925692916678,0.023525016669499136,0.8254925692916678,0.023525016669499136,36.51645641199786,0.2169548854767503,17.821038123714732
421,1.8533757911066617,0.16403892372607246,0.05,7.669419524826968,-0.6672126000646094,NACA0012,True,0.0,-23.367622024370647,-0.35118163828754917,0.011982963335725719,0.35118163828754917,0.011982963335725719,23.367622024370647,0.198347279794214,17.318119142466035
422,1.8557394637205666,0.15,0.05256501371901153,23.34616971999944,-3.752623674546295,NACA0012,True,0.0,-14.4872350261406,-0.19126966203396567,0.009716153866634757,0.19126966203396567,0.009716153866634757,14.4872350261406,0.18795394496373385,18.32240849147582
423,1.958326520728549,0.15,0.09151021376253247,2.6316234857741385,2.3546459961120605,NACA4412,True,0.0,-34.11128084979481,-0.8780801747828869,0.02725894148431514,0.8780801747828869,0.02725894148431514,34.11128084979481,0.23647792831899414,16.21733913625777
424,1.996674176627536,0.19472380076704487,0.05537850424800048,13.887058263935629,3.331051468834498,NACA2412,True,0.0,-34.26155153555796,-0.7139175732922333,0.021323815887582188,0.7139175732922333,0.021323815887582188,34.26155153555796,0.2496864069692823,15.966859453833681
425,1.9748789425126534,0.18836159542422015,0.06358061140239821,13.344447673629412,4.5662105095786965,NACA4412,True,0.0,-32.61715753106211,-0.9574075584310008,0.031304218671782326,0.9574075584310008,0.031304218671782326,32.61715753106211,0.24877767949602816,15.677237787090796
426,1.9760286221469199,0.15,0.06502970674363232,15.474756940143472,1.7935959024964814,NACA4412,True,0.0,-37.19060145385029,-0.8370034589067977,0.023398134219760894,0.8370034589067977,0.023398134219760894,37.19060145385029,0.212452427568638,18.379122141507885
427,1.9757503207921967,0.15389343020263294,0.1234262908663986,15.830650759712196,0.4025791308951865,NACA0012,True,0.0,-23.780506310834824,-0.382484118765136,0.013368312998837442,0.382484118765136,0.013368312998837442,23.780506310834824,0.27395726393207076,14.248898802984048
428,2.0,0.15,0.13127690829329716,1.2016431898975906,5.0,NACA0012,True,0.0,-31.02325899382122,-0.6114942476840275,0.019532633006617103,0.6114942476840275,0.019532633006617103,31.02325899382122,0.28127690829329716,14.220861656475055
429,1.9214304525859653,0.15420716272539767,0.07662029227352506,14.870772266700818,-1.7993436506250946,NACA2412,True,0.0,-29.589670331329042,-0.4756121900401505,0.014374691076728478,0.4756121900401505,0.014374691076728478,29.589670331329042,0.2217594506639233,16.64819683252092
430,1.8749622925182838,0.18073311813693663,0.09623379569801796,19.734009869672626,-2.9058729724452936,NACA0012,True,0.0,-14.848234341014498,-0.22595139696250754,0.010933855622161181,0.22595139696250754,0.010933855622161181,14.848234341014498,0.2596512598578502,13.539251071957134
431,2.0,0.16256473490301906,0.0804407761204333,10.692373345627775,-3.178640184310425,NACA2412,True,0.0,-26.527569109493914,-0.4167494974859934,0.013317759532792335,0.4167494974859934,0.013317759532792335,26.527569109493914,0.24300551102345236,16.460532039596263
432,1.8471981921763838,0.16807250361038728,0.05,6.5305520994048,-0.765903179769722,NACA0012,True,0.0,-22.85142685557491,-0.34629538807465776,0.012012066592438421,0.34629538807465776,0.012012066592438421,22.85142685557491,0.20141156721624265,16.941138030648975
433,1.9363088427270987,0.1559810918016037,0.06555874541189788,15.653146527225596,-1.5905703683494261,NACA0012,True,0.0,-20.83045711639635,-0.2995740885956556,0.011119401483200191,0.2995740885956556,0.011119401483200191,20.83045711639635,0.21448477290641252,17.480457393864075
434,1.922403757159029,0.15,0.05,13.17118125550762,-4.563383794122829,NACA0012,True,0.0,-12.133358970378076,-0.16393897605044944,0.009614916552130625,0.16393897605044944,0.009614916552130625,12.133358970378076,0.1922403757159029,19.224037571590287
435,1.8097618586194728,0.15845528286119234,0.05581078192010227,9.075105864499905,-4.679790850983429,NACA4412,True,0.0,-31.779270962393372,-0.5388188393972099,0.015778922999389985,0.5388188393972099,0.015778922999389985,31.779270962393372,0.19388527581883805,16.89265969827495
436,2.0,0.16287690932439935,0.05,14.612582334907604,1.9868251281554457,NACA4412,True,0.0,-37.61032212555994,-0.8511964377110232,0.023544055751174853,0.8511964377110232,0.023544055751174853,37.61032212555994,0.21287690932439934,18.79020140180855
437,1.813796276267776,0.18526121974088167,0.07398500592933877,14.315821943064567,3.628266153852308,NACA2412,True,0.0,-31.908754899602105,-0.7139768296352687,0.023225681681275534,0.7139768296352687,0.023225681681275534,31.908754899602105,0.23510991937856066,13.992846156804253
438,1.9161063007339065,0.15,0.057403617126292016,30.0,-2.0019759935019303,NACA0012,True,0.0,-19.933138875215214,-0.25652659415706464,0.010115453829189325,0.25652659415706464,0.010115453829189325,19.933138875215214,0.19870368878534544,18.477076989136144
439,1.8307850305655378,0.18559576322463667,0.06481918633978599,28.03934201929954,0.36776218624962476,NACA0012,True,0.0,-23.907723646925202,-0.35459717987058587,0.012382584500133657,0.35459717987058587,0.012382584500133657,23.907723646925202,0.22922797054618457,14.622010656712357
440,1.8531642606258987,0.16522742207030594,0.05,3.6931075821100556,-2.6350390384856146,NACA0012,True,0.0,-17.588366559739686,-0.2583319174473934,0.010802524350594275,0.2583319174473934,0.010802524350594275,17.588366559739686,0.19942588324366836,17.2205218349969
441,1.8225721660524739,0.15,0.05,24.78858094395182,-3.8665735117184585,NACA4412,True,0.0,-34.019060038388396,-0.5406264179569641,0.014945841890011616,0.5406264179569641,0.014945841890011616,34.019060038388396,0.1822572166052474,18.225721660524734
442,1.9015043630541801,0.15464179239170192,0.05,5.373005646679562,0.19920958843974812,NACA0012,True,0.0,-26.543795110597102,-0.3974903486627135,0.012404514523216401,0.3974903486627135,0.012404514523216401,26.543795110597102,0.19456363054802447,18.583734444766176
443,1.8489704848408741,0.15310514761763497,0.05,25.068271863846554,4.036567729547964,NACA4412,True,0.0,-36.861484361201434,-0.8908577296272555,0.025258139869107257,0.8908577296272555,0.025258139869107257,36.861484361201434,0.18776771163212794,18.207027311013693
444,1.8425737059340745,0.15,0.05029826249378303,16.368663926249837,-3.008154655813609,NACA2412,True,0.0,-28.328681249011236,-0.42134789624249663,0.012720451846490307,0.42134789624249663,0.012720451846490307,28.328681249011236,0.18453215590766292,18.398299445970135
445,1.9058737326382331,0.1548858382327786,0.05462009304777935,16.21295510390415,-4.3838725219806305,NACA0012,True,0.0,-12.406641553994314,-0.169359615916968,0.00971667042613747,0.169359615916968,0.00971667042613747,12.406641553994314,0.19964592562976308,18.193983540122307
446,1.9895820861530176,0.15,0.056301884065229575,9.06203965545684,3.5274451961360875,NACA2412,True,0.0,-37.94092865550103,-0.7503664617445015,0.020066283447798983,0.7503664617445015,0.020066283447798983,37.94092865550103,0.2052272664378987,19.288065110679664
447,1.873851631857138,0.1529516522300396,0.05,15.813134203086122,-0.3550770338405379,NACA4412,True,0.0,-37.18057993169137,-0.7352273516839644,0.02007323116570721,0.7352273516839644,0.02007323116570721,37.18057993169137,0.19015064235968102,18.465990409707864
448,2.0,0.15488692155084008,0.06427469905214706,15.12778622072225,-0.5803351068185325,NACA4412,True,0.0,-36.86759396520415,-0.7258463445842867,0.019949816476746523,0.7258463445842867,0.019949816476746523,36.86759396520415,0.21916162060298713,18.25137078743376
449,1.8360656168364422,0.16056524995207833,0.09541143349223868,30.0,5.0,NACA0012,True,0.0,-31.211938936536047,-0.5405280806658247,0.016752470456659032,0.5405280806658247,0.016752470456659032,31.211938936536047,0.23499499359196832,14.345569230221269
450,1.9897499710791384,0.15,0.06875556181282651,16.796810771323937,-2.727042646734663,NACA4412,True,0.0,-35.4253420453177,-0.6199557948337802,0.01702812599255561,0.6199557948337802,0.01702812599255561,35.4253420453177,0.2176344363952361,18.191537207923655
451,1.98787000316102,0.15,0.07240966589722422,13.957196302194083,3.719045933301799,NACA2412,True,0.0,-36.525948982885275,-0.7417008673873414,0.020714598174246188,0.7417008673873414,0.020714598174246188,36.525948982885275,0.22106075162507824,17.87575189362154
452,1.9173990254433557,0.15,0.058411922386294654,15.044996896982882,-3.2705378164628884,NACA2412,True,0.0,-27.708268315312186,-0.4114305047326709,0.012574055812415606,0.4114305047326709,0.012574055812415606,27.708268315312186,0.19980440843712882,18.400089625289553
453,1.8924005319516617,0.161619178352431,0.050340055601323506,6.245386298178726,-3.07994870650396,NACA0012,True,0.0,-16.513417114810977,-0.2371118592830667,0.010457334012791733,0.2371118592830667,0.010457334012791733,16.513417114810977,0.20055588354307588,17.856268836719305
454,1.9900269357634854,0.15,0.06857804550840813,9.528215982170295,1.9201885918460078,NACA0012,True,0.0,-30.334508193925583,-0.47579704230164976,0.013874335508114373,0.47579704230164976,0.013874335508114373,30.334508193925583,0.21748809906413455,18.208845551114
455,2.0,0.15,0.09012300232710369,7.576154704368189,1.2658728723919566,NACA0012,True,0.0,-27.702627026624253,-0.44176864730130294,0.013767546569391111,0.44176864730130294,0.013767546569391111,27.702627026624253,0.24012300232710368,16.65812921392289
456,2.0,0.15,0.06516528494403602,17.011504458249192,-4.332788645862358,NACA4412,True,0.0,-33.76552612634548,-0.5456909203774624,0.015078565438417998,0.5456909203774624,0.015078565438417998,33.76552612634548,0.21516528494403603,18.590359504510175
457,1.8966187541371806,0.15325920542759328,0.09033164473193667,17.26995929372368,4.183152097624545,NACA4412,True,0.0,-32.88169172616036,-0.9235207875340355,0.02985872099593567,0.9235207875340355,0.02985872099593567,32.88169172616036,0.23099948737439216,15.572167451241024
458,1.978615625646948,0.16676808882147476,0.06150091732421622,14.79732603143464,1.7515837346457341,NACA4412,True,0.0,-35.931850823079365,-0.8318931778127712,0.024173454427794516,0.8318931778127712,0.024173454427794516,35.931850823079365,0.2258283112053817,17.3358237200552
459,2.0,0.15,0.06688478862496472,7.549276657138941,4.9470632682675975,NACA0012,True,0.0,-35.346638807223634,-0.6247363493738186,0.0171420596874061,0.6247363493738186,0.0171420596874061,35.346638807223634,0.21688478862496471,18.4429716134531
460,1.9831976094759118,0.15,0.14228846495103803,21.59035291898148,4.058565050887971,NACA4412,True,0.0,-30.44601679961284,-0.8806796614835081,0.030873120410987904,0.8806796614835081,0.030873120410987904,30.44601679961284,0.2898328924841412,13.570139415581266
461,1.9249967846040865,0.15478684290434286,0.07220129844810537,12.342776953466936,-1.4124523199145476,NACA2412,True,0.0,-30.595312284833366,-0.49942749270806047,0.014803178202398607,0.49942749270806047,0.014803178202398607,30.595312284833366,0.21847572112336036,16.96121015956611
462,1.9214304525859653,0.15420716272539767,0.07662029227352506,20.542962795004435,-1.7993436506250946,NACA0012,True,0.0,-19.725858868030205,-0.2811587641209045,0.010951388635938674,0.2811587641209045,0.010951388635938674,19.725858868030205,0.2217594506639233,16.64819683252092
463,1.9988019773783308,0.15124901403897154,0.05587561590609761,29.81778936936864,-3.130137707722964,NACA4412,True,0.0,-35.813260455109734,-0.5536826325052161,0.014680428898015992,0.5536826325052161,0.014680428898015992,35.813260455109734,0.20700055994897962,19.300476026520133
464,2.0,0.2067673444784331,0.05196322115753912,4.064910509681599,1.516168414319028,NACA0012,True,0.0,-27.249798979338646,-0.45187053289828083,0.014476216924465296,0.45187053289828083,0.014476216924465296,27.249798979338646,0.2587305656359722,15.460098385236423
465,2.0,0.15,0.05143666306015907,9.847497577131831,3.243733779037935,NACA0012,True,0.0,-34.1924183333735,-0.5439224101943944,0.014662354347378228,0.5439224101943944,0.014662354347378228,34.1924183333735,0.20143666306015906,19.857358334045674
466,1.8520497805282157,0.15,0.05,29.353720339543628,-3.089457747216207,NACA0012,True,0.0,-16.60666894379978,-0.21128510821894309,0.00969979520106185,0.21128510821894309,0.00969979520106185,16.60666894379978,0.18520497805282157,18.520497805282155
467,1.976586361673509,0.16611257114733555,0.06294493625881875,2.8335273439295907,5.0,NACA4412,True,0.0,-34.14567141833429,-1.012213829992417,0.03158271395813191,1.012213829992417,0.03158271395813191,34.14567141833429,0.2263759725889667,17.25842897756428
468,1.82502884182533,0.15,0.06420739531999825,25.02792642895416,4.092939332633032,NACA2412,True,0.0,-35.905961735233234,-0.7106261009340304,0.020126468977521284,0.7106261009340304,0.020126468977521284,35.905961735233234,0.1954673372956385,17.039830385864803
469,2.0,0.19199490995412435,0.05,3.4869629590959192,-1.963735279477427,NACA0012,True,0.0,-19.210808367781592,-0.2892622658945208,0.011315458992667954,0.2892622658945208,0.011315458992667954,19.210808367781592,0.24199490995412437,16.529273284129367
470,2.0,0.18387638308643872,0.0667995698979128,4.785483769821001,-4.812557101986427,NACA0012,True,0.0,-10.288937559066733,-0.15184883238097147,0.010013672019172942,0.15184883238097147,0.010013672019172942,10.288937559066733,0.2506759529843515,15.956855663174442
471,2.0,0.15012237666451472,0.06794205723541079,15.431699879706654,3.1824607666317646,NACA0012,True,0.0,-32.78871921317603,-0.5260025061495105,0.014775764631956302,0.5260025061495105,0.014775764631956302,32.78871921317603,0.21806443389992552,18.3432021832395
472,2.0,0.15,0.05504399293126006,16.459802702504724,-4.081456664149988,NACA4412,True,0.0,-34.9363194272805,-0.5617476967038101,0.015077066706675473,0.5617476967038101,0.015077066706675473,34.9363194272805,0.20504399293126005,19.508008709823454
473,1.8583812627751752,0.1574982098033686,0.05,13.184917309722227,-5.0,NACA0012,True,0.0,-10.274149355170087,-0.14199635947230993,0.009619931630119906,0.14199635947230993,0.009619931630119906,10.274149355170087,0.19280539257898618,17.912263094088686
474,1.8738555875093006,0.17689377537292666,0.0512676990519423,15.003695653250736,-2.877797432894117,NACA0012,True,0.0,-16.449651712815538,-0.2383082378030764,0.010600275371133032,0.2383082378030764,0.010600275371133032,16.449651712815538,0.21377082685270055,16.42569668900295
475,1.8653571754862037,0.15711922321596083,0.060294824593003615,12.409419346147729,-2.6156381650178373,NACA4412,True,0.0,-34.50606538478337,-0.6320862067538494,0.017995951510532394,0.6320862067538494,0.017995951510532394,34.50606538478337,0.20277742706597618,17.15949078989818
476,1.9596829555728887,0.15,0.0554862157296475,29.9387061146297,2.0624034343936044,NACA2412,True,0.0,-36.91202726348713,-0.6036386797305543,0.015897607820105724,0.6036386797305543,0.015897607820105724,36.91202726348713,0.2013439172852819,19.073619596471517
477,1.7912276833543352,0.17410734796610852,0.05240142847793608,25.017024332978934,-3.65504680191263,NACA0012,True,0.0,-13.799520454664792,-0.19024080174448724,0.009993620209565247,0.19024080174448724,0.009993620209565247,13.799520454664792,0.20286439544464552,15.815967146834415
478,1.7408016101177561,0.15796825264494058,0.05362324422360252,24.2839577101503,-2.714123099437379,NACA4412,True,0.0,-33.70130240252737,-0.5874511917775922,0.01695251329436518,0.5874511917775922,0.01695251329436518,33.70130240252737,0.184169409217993,16.454362636314027
479,1.8677876988416726,0.1723349690634441,0.11086915509109306,4.780514879274444,-2.3292396587679627,NACA0012,True,0.0,-16.1397430357849,-0.2630858234599305,0.011772225021439613,0.2630858234599305,0.011772225021439613,16.1397430357849,0.26448258967853716,13.190399005788978
480,2.0,0.15,0.05332472282275422,14.984710358883541,3.6520389162753313,NACA4412,True,0.0,-38.17772085563851,-0.9330957463336774,0.02560447980184405,0.9330957463336774,0.02560447980184405,38.17772085563851,0.2033247228227542,19.67296423409833
481,1.9806484416882104,0.15046593519084456,0.05517260780874521,20.71691108769823,-0.08923863422756684,NACA4412,True,0.0,-38.19464668464577,-0.7323282670015178,0.019382994673301998,0.7323282670015178,0.019382994673301998,38.19464668464577,0.20364882987158578,19.263396956592537
482,2.0,0.15,0.05,21.829822466042213,2.3419844516137034,NACA2412,True,0.0,-38.08352197542478,-0.6581231490186245,0.016992132262140486,0.6581231490186245,0.016992132262140486,38.08352197542478,0.2,20.0
360,1.9357354206628403,0.15,0.05054470546511763,15.49958073810247,-4.662623193754246,NACA0012,True,0.0,-11.809448896893556,-0.157803013425337,0.009533496373330537,0.157803013425337,0.009533496373330537,11.809448896893556,0.19410074489761245,19.30477711863142
290,1.8463625667701693,0.16253104067774687,0.05,9.70923134998404,-2.430295458193748,NACA0012,True,0.0,-18.288649174018577,-0.2655701849268089,0.010810765605842388,0.2655701849268089,0.010810765605842388,18.288649174018577,0.19620467889204998,17.374992009470674
483,1.8620596964648686,0.16053024407835637,0.053974377394988185,15.488392108753185,-0.8932086035042333,NACA4412,True,0.0,-35.79261192750776,-0.7060306697389963,0.019962236146581876,0.7060306697389963,0.019962236146581876,35.79261192750776,0.19971020517548374,17.361487912709215
484,1.8479564498935868,0.16674118831710635,0.06378929918502982,30.0,3.669883794951956,NACA0012,True,0.0,-31.28588673835699,-0.4916563343525365,0.014615218163614142,0.4916563343525365,0.014615218163614142,31.28588673835699,0.21300515063834272,16.032208753963296
419,1.9134207348560908,0.15,0.05,21.913941861461844,-3.8446684967738642,NACA0012,True,0.0,-14.486996884262828,-0.18973320366902002,0.009645486701977781,0.18973320366902002,0.009645486701977781,14.486996884262828,0.19134207348560908,19.134207348560906
485,2.0,0.16126289276158015,0.06446543299065051,18.12370593951979,-2.5024524904552896,NACA0012,True,0.0,-18.219977206571194,-0.25438041683546914,0.010498016105892155,0.25438041683546914,0.010498016105892155,18.219977206571194,0.22572832575223067,17.72041672958039
486,2.0,0.15,0.06701848926483421,8.259995256165302,5.0,NACA0012,True,0.0,-35.39103839960158,-0.6262889905385798,0.0171812116958768,0.6262889905385798,0.0171812116958768,35.39103839960158,0.2170184892648342,18.43160927693437
487,1.6969989921722493,0.15,0.05907161188197514,5.443769745578461,5.0,NACA0012,True,0.0,-33.20461366772094,-0.6201145346288867,0.01831026138550656,0.6201145346288867,0.01831026138550656,33.20461366772094,0.17739715732776973,16.233662493884985
488,1.9382404886535287,0.2120963778226319,0.05,9.491317622376929,4.46376806978145,NACA2412,True,0.0,-32.82724511009014,-0.7696104274256115,0.02455734905472638,0.7696104274256115,0.02455734905472638,32.82724511009014,0.25400290571262896,14.790288250112265
489,2.0,0.17351705600973344,0.0522594861268044,17.0110289649972,-5.0,NACA4412,True,0.0,-31.930409660098295,-0.5117609034937337,0.014687883926816912,0.5117609034937337,0.014687883926816912,31.930409660098295,0.22577654213653783,17.716632393018976
490,2.0,0.15,0.0696466565171857,18.96918814229199,5.0,NACA4412,True,0.0,-35.9957823601433,-0.9703571186601172,0.028435699335835923,0.9703571186601172,0.028435699335835923,35.9957823601433,0.21964665651718568,18.211067099430355
491,1.9897867653239385,0.15,0.06434861981206841,9.405225365710754,5.0,NACA0012,True,0.0,-35.51752165237353,-0.6250696620802423,0.017070473049581886,0.6250696620802423,0.017070473049581886,35.51752165237353,0.21325402343375313,18.565892955769883
492,1.9200230128996243,0.15,0.05639884971670656,10.73109772559128,3.2739308885886578,NACA4412,True,0.0,-36.88376148431829,-0.9235701196757335,0.026340795964616456,0.9235701196757335,0.026340795964616456,36.88376148431829,0.19814527064604384,18.6049778429963
493,1.8640819836695748,0.18223182901350823,0.07476687479056023,22.92902636905294,1.7159732016964901,NACA0012,True,0.0,-26.733684337755935,-0.42687708401966695,0.014030185135971783,0.42687708401966695,0.014030185135971783,26.733684337755935,0.23953332679379874,14.506547745787229
494,1.9234147271907251,0.1520107740307617,0.05,28.53635564056148,4.061042027883831,NACA4412,True,0.0,-38.13976634000499,-0.8717140643457205,0.02372773370962696,0.8717140643457205,0.02372773370962696,38.13976634000499,0.19427524891098236,19.042694494085076
495,1.9093573158767498,0.1747104119922648,0.05019806628212624,15.353692645889573,-5.0,NACA4412,True,0.0,-31.307708876058566,-0.5130547250651526,0.01505275546870602,0.5130547250651526,0.01505275546870602,31.307708876058566,0.21471532419795777,16.97897145119902
496,1.983029201134611,0.15323494145672323,0.06100500895849571,0.0,-1.9455936905655715,NACA0012,True,0.0,-20.372112675927916,-0.29453409690213433,0.010997493096858919,0.29453409690213433,0.010997493096858919,20.372112675927916,0.21242203886150512,18.512226102473395
497,1.990582564466411,0.15,0.05231053176688973,26.2747865635459,-2.1831472911769736,NACA0012,True,0.0,-20.02472773964188,-0.2582981412902596,0.01007065650258941,0.2582981412902596,0.01007065650258941,20.02472773964188,0.20135790857154934,19.678486800282247
498,1.939240190926918,0.15446664366285784,0.05012130311954184,24.22182127875274,-1.6745134073854153,NACA0012,True,0.0,-21.286859034685158,-0.284138206356136,0.010495439542174934,0.284138206356136,0.010495439542174934,21.286859034685158,0.19837258448982342,18.957521412436865
499,2.0,0.15,0.06602255047130433,13.360973268097226,4.372846262470595,NACA2412,True,0.0,-37.3401825567546,-0.7773385709558017,0.021365600903996192,0.7773385709558017,0.021365600903996192,37.3401825567546,0.2160225504713043,18.516585380892195
500,1.9867508316089975,0.15,0.07001602073434615,16.384126476832428,3.8683828621522576,NACA4412,True,0.0,-36.197114912305516,-0.9290430374874749,0.027031550902232693,0.9290430374874749,0.027031550902232693,36.197114912305516,0.21855850608063232,18.060056035718045
501,1.9735788348034489,0.15434053615119617,0.050797906492456815,13.133081504140366,-2.205161548827696,NACA0012,True,0.0,-19.91451797631652,-0.2764996781644335,0.010578485868060308,0.2764996781644335,0.010578485868060308,19.91451797631652,0.2024284443030274,19.241433340037222
502,1.9900269357634854,0.15,0.06406679483022898,9.528215982170295,1.9201885918460078,NACA0012,True,0.0,-30.633310330787126,-0.47690961841224483,0.013767188608853648,0.47690961841224483,0.013767188608853648,30.633310330787126,0.21299934388235564,18.592579361425262
503,1.946782890442829,0.1579218601030826,0.07170364166335272,16.895830690832685,-4.912961184849727,NACA2412,True,0.0,-22.42651205871466,-0.3282349523953458,0.011600741097481874,0.3282349523953458,0.011600741097481874,22.42651205871466,0.22351549902412293,16.956155788158135
504,2.0,0.17523183093513078,0.05469249975392683,27.14177917435151,-3.4128134056944615,NACA0012,True,0.0,-15.176692210496695,-0.19977873108575064,0.009801131207055057,0.19977873108575064,0.009801131207055057,15.176692210496695,0.2299243306890576,17.397027917891272
505,2.0,0.16465900028007943,0.05158907959337012,5.3500524832306455,-1.0673215728904422,NACA0012,True,0.0,-22.979949747640788,-0.33592549109795816,0.011512726853323224,0.33592549109795816,0.011512726853323224,22.979949747640788,0.21624807987344954,18.497274067547043
506,1.8483216635556319,0.16313185135212005,0.058956934960987806,24.256955144850195,0.4174763523421259,NACA0012,True,0.0,-25.581258643086045,-0.3727510291928713,0.012208397117744919,0.3727510291928713,0.012208397117744919,25.581258643086045,0.20524575748764737,16.644889588885494
507,1.7169910730139557,0.160273146837354,0.06329691036537993,27.127008488657726,-2.9367233476561,NACA0012,True,0.0,-15.710104524486134,-0.2174405460802699,0.010271193008687875,0.2174405460802699,0.010271193008687875,15.710104524486134,0.1919338962051568,15.359758766416414
508,2.0,0.15,0.07033413444348582,13.848766379125788,-5.0,NACA0012,True,0.0,-10.340378599324907,-0.14185997145257087,0.009583091207531418,0.14185997145257087,0.009583091207531418,10.340378599324907,0.22033413444348582,18.1542456419796
509,1.9853912670871126,0.15,0.07439240175325934,29.125474462925567,2.454929287329592,NACA4412,True,0.0,-36.92127418905642,-0.7919654697309316,0.022136001785852417,0.7919654697309316,0.022136001785852417,36.92127418905642,0.22275335742081198,17.695708513965084
510,1.9503698001780254,0.15604901216258968,0.05,28.00521656569934,-0.542938828591109,NACA4412,True,0.0,-37.76737868727829,-0.6742926854177003,0.017800126622045165,0.6742926854177003,0.017800126622045165,37.76737868727829,0.2009358853392148,18.931124975634656
511,1.9716120415367158,0.15,0.07494907625558805,28.82050541188149,3.001863012502658,NACA4412,True,0.0,-36.605583525980435,-0.816783426875285,0.023136189222319234,0.816783426875285,0.023136189222319234,36.605583525980435,0.22175615373903915,17.52940776068413
512,1.8907670593063326,0.15,0.055574447954995436,19.462881102246207,3.307457574614066,NACA4412,True,0.0,-36.99202014422279,-0.8907310979932785,0.025200661499512306,0.8907310979932785,0.025200661499512306,36.99202014422279,0.19434669721419473,18.39496180692905
513,2.0,0.15,0.06040642365605165,24.197763073886485,3.3037147679546917,NACA4412,True,0.0,-38.01188163561508,-0.8675092211509622,0.02372184812653418,0.8675092211509622,0.02372184812653418,38.01188163561508,0.21040642365605164,19.01082643055966
514,1.901385533187278,0.15,0.06770144832491967,9.44298994385013,-5.0,NACA2412,True,0.0,-22.53532811676413,-0.3342086122884506,0.011679638539639785,0.3342086122884506,0.011679638539639785,22.53532811676413,0.20696719219946003,17.467826216291016
515,1.8862697612393486,0.1637558815306668,0.05,0.9284347436803317,0.6421665950094275,NACA2412,True,0.0,-34.25731742898395,-0.6115695848289199,0.017254721194463675,0.6115695848289199,0.017254721194463675,34.25731742898395,0.2016006278091787,17.648822083697677
516,1.8558182146231963,0.16686468279654554,0.07746919055907432,27.907664520571387,-3.9581942657485776,NACA4412,True,0.0,-31.037597535520593,-0.5132288893973207,0.015604024640965398,0.5132288893973207,0.015604024640965398,31.037597535520593,0.22671962631139828,15.190838577851338
517,2.0,0.15,0.06602255047130433,13.360973268097226,4.372846262470595,NACA0012,True,0.0,-34.726767585615846,-0.5874293618923546,0.01612386502207259,0.5874293618923546,0.01612386502207259,34.726767585615846,0.2160225504713043,18.516585380892195
518,2.0,0.1821722125517876,0.05,30.0,-5.0,NACA0012,True,0.0,-10.007712760542551,-0.12738861537133114,0.009224932816492497,0.12738861537133114,0.009224932816492497,10.007712760542551,0.2321722125517876,17.228590605379928
519,1.9912378017646075,0.15,0.05344205572719285,0.0,-0.626941844575597,NACA0012,True,0.0,-24.90554445511405,-0.3608942413544882,0.011647166629315931,0.3608942413544882,0.011647166629315931,24.90554445511405,0.20255075591634414,19.575478576905187
520,1.8453682360821373,0.1673951740284135,0.05306194492828767,22.370597193186672,-5.0,NACA0012,True,0.0,-9.92434935345778,-0.13461764431465142,0.009527095463914576,0.13461764431465142,0.009527095463914576,9.92434935345778,0.20341228237043876,16.741289596954015
521,1.9561150660053384,0.15,0.05441302554829454,22.067096345880383,-1.8827563587737075,NACA0012,True,0.0,-20.78137427570782,-0.27905087892179,0.010460877298897544,0.27905087892179,0.010460877298897544,20.78137427570782,0.19992769948137656,19.13884950098923
522,1.9602633904081925,0.17958694668953912,0.051162386536158455,26.266991839173134,-5.0,NACA0012,True,0.0,-9.975447109997093,-0.1312131662591528,0.0093784620384242,0.1312131662591528,0.0093784620384242,9.975447109997093,0.22616473514171787,16.990414342743474
523,2.0,0.20076646140399337,0.05143587486747188,21.72661423932001,-4.3145500057685435,NACA0012,True,0.0,-11.808937318524405,-0.16498457150437454,0.009861597319926177,0.16498457150437454,0.009861597319926177,11.808937318524405,0.25220233627146527,15.860281308792018
524,1.9960090253045568,0.16347174332842201,0.05,15.078499265801613,2.066294169097007,NACA4412,True,0.0,-37.50566183399666,-0.8528733925124873,0.023670405536000572,0.8528733925124873,0.023670405536000572,37.50566183399666,0.21304576316551407,18.700451817960158
525,1.8232127933959141,0.15266912238232816,0.05,26.58071390864714,4.070604762818445,NACA4412,True,0.0,-36.699051498812956,-0.8811256251876295,0.02507104030503232,0.8811256251876295,0.02507104030503232,36.699051498812956,0.18475446837689144,17.992013504222786
526,2.0,0.15,0.07193368005008059,28.746349279294304,-5.0,NACA0012,True,0.0,-10.227351031612853,-0.12940869300998573,0.009197511373601329,0.12940869300998573,0.009197511373601329,10.227351031612853,0.22193368005008057,18.023402302423758
527,1.960394108448727,0.15,0.05,30.0,5.0,NACA4412,True,0.0,-38.624680207863044,-0.9032962932142193,0.024294477750047238,0.9032962932142193,0.024294477750047238,38.624680207863044,0.19603941084487272,19.603941084487268
467,1.976586361673509,0.16611257114733555,0.06294493625881875,2.8335273439295907,5.0,NACA4412,True,0.0,-34.14567141833429,-1.012213829992417,0.03158271395813191,1.012213829992417,0.03158271395813191,34.14567141833429,0.2263759725889667,17.25842897756428
528,1.9832216549994715,0.16768228666052382,0.05,0.0,0.5462436016856522,NACA0012,True,0.0,-27.191535347301997,-0.4150093708590816,0.012807512327663593,0.4150093708590816,0.012807512327663593,27.191535347301997,0.21585611240747668,18.221249743598218
529,1.9740767165571862,0.1642815728580932,0.060955714979773756,2.44468703093883,3.36650470012243,NACA0012,True,0.0,-32.4397058472209,-0.5490393401557421,0.015766741898276735,0.5490393401557421,0.015766741898276735,32.4397058472209,0.22231784281061112,17.5288624322114
530,1.8792222813049233,0.15,0.05231053176688973,26.2747865635459,-2.1831472911769736,NACA4412,True,0.0,-36.2635679903593,-0.6100386982198791,0.016378231302789193,0.6100386982198791,0.016378231302789193,36.2635679903593,0.19009322951949334,18.57760211386561
531,1.6922894881125743,0.1785738331684862,0.05,30.0,-5.0,NACA0012,True,0.0,-9.327664269242108,-0.1252229944109817,0.009476612751291998,0.1252229944109817,0.009476612751291998,9.327664269242108,0.19340654756431325,14.807377245716092
532,1.9962672097088217,0.15,0.05337476427022814,6.628711120554504,1.9508667586238988,NACA0012,True,0.0,-31.50475706262228,-0.48431046862940025,0.01360226580538264,0.48431046862940025,0.01360226580538264,31.50475706262228,0.20299518659745883,19.631415105724145
533,1.98911156742807,0.15,0.0619880756754017,12.917398656716676,2.946479233219457,NACA2412,True,0.0,-37.196785850165206,-0.7118042882223926,0.01924156281550653,0.7118042882223926,0.01924156281550653,37.196785850165206,0.2108339667413793,18.76625900858516
534,1.9988019773783308,0.15124901403897154,0.05587561590609761,29.81778936936864,-3.130137707722964,NACA0012,True,0.0,-16.76656552580658,-0.20950948135193873,0.00958390525507387,0.20950948135193873,0.00958390525507387,16.76656552580658,0.20700055994897962,19.300476026520133
535,1.9994699283923498,0.1699272989711518,0.05328208215120946,29.059330218649606,0.16438677354056241,NACA0012,True,0.0,-25.69043361045668,-0.3510127258918047,0.011423887908285066,0.3510127258918047,0.011423887908285066,25.69043361045668,0.2231502226446142,17.915644211174612
536,1.9530471517713321,0.15,0.05214494527970591,14.043580572741128,4.786545808153979,NACA4412,True,0.0,-37.19700818943955,-0.9888710589411981,0.0280222862626034,0.9888710589411981,0.0280222862626034,37.19700818943955,0.1973993048117507,19.32323510804508
537,2.0,0.15,0.06629901104718054,12.726819749475144,4.964000647072388,NACA0012,True,0.0,-35.40452566924143,-0.6168147422130592,0.016860232802803448,0.6168147422130592,0.016860232802803448,35.40452566924143,0.21629901104718052,18.492918578936518
538,2.0,0.15,0.05,17.634221082764242,3.9742615006046544,NACA0012,True,0.0,-35.41721633469313,-0.5626291174148241,0.01489089514604238,0.5626291174148241,0.01489089514604238,35.41721633469313,0.2,20.0
539,2.0,0.17118981076370374,0.053203723726301666,15.46163092413056,1.375425777825438,NACA4412,True,0.0,-36.59515122090823,-0.8146018737476673,0.023110416252800945,0.8146018737476673,0.023110416252800945,36.59515122090823,0.2243935344900054,17.825825548365618
540,1.9993737635582807,0.1608441815345213,0.08361012430225609,1.0118400852603342,-1.9563918123104447,NACA0012,True,0.0,-19.131505629247453,-0.28966659214557716,0.01136475737843456,0.28966659214557716,0.01136475737843456,19.131505629247453,0.24437776273945228,16.357852701463695
541,1.7909657525076015,0.15,0.051990992553889316,27.09785477870399,3.8014259017534235,NACA2412,True,0.0,-36.64086756044398,-0.6898215914464997,0.01896610179640074,0.6898215914464997,0.01896610179640074,36.64086756044398,0.18087947498951684,17.733124926645317
481,1.9806484416882104,0.15046593519084456,0.05517260780874521,20.71691108769823,-0.08923863422756684,NACA4412,True,0.0,-38.19464668464577,-0.7323282670015178,0.019382994673301998,0.7323282670015178,0.019382994673301998,38.19464668464577,0.20364882987158578,19.263396956592537
542,2.0,0.16612182195223318,0.05373708319461688,16.381714350913445,-4.747510600655775,NACA4412,True,0.0,-32.769284605008444,-0.5265998553778254,0.014831298968077984,0.5265998553778254,0.014831298968077984,32.769284605008444,0.21985890514685008,18.193486396779267
543,1.8608129181446575,0.15,0.06500924704958085,28.022179059710055,1.2348718304173236,NACA0012,True,0.0,-27.87522482843742,-0.39910357104328237,0.012370157705675627,0.39910357104328237,0.012370157705675627,27.87522482843742,0.20004599221520808,17.309143152485497
544,1.818784356634407,0.1703781018501108,0.08064391121809053,26.053402973547218,-5.0,NACA0012,True,0.0,-9.243606371467372,-0.12896582041797497,0.009667453564479395,0.12896582041797497,0.009667453564479395,9.243606371467372,0.22827745526966114,14.491034745548417
545,1.9885787865695295,0.15058356249680208,0.06373188921845167,5.497251951316101,0.5141206459975656,NACA0012,True,0.0,-27.33906175057265,-0.41261602908779677,0.012657760926918228,0.41261602908779677,0.012657760926918228,27.33906175057265,0.21309158045750992,18.557493364609268
546,2.0,0.1505160873996818,0.055209937671351426,8.71177722915505,3.2740351633282834,NACA0012,True,0.0,-33.91450238185011,-0.5457536313125925,0.014862266656919873,0.5457536313125925,0.014862266656919873,33.91450238185011,0.20572602507103324,19.4433348849222
547,1.8823238297994815,0.16513144568187343,0.05,0.0,-1.840396744797407,NACA0012,True,0.0,-20.130952470253934,-0.29770839820553685,0.011229602927480315,0.29770839820553685,0.011229602927480315,20.130952470253934,0.20247352337310157,17.499290481066872
548,1.9980557370323584,0.17224175424280233,0.060859447598047935,2.885456358078601,5.0,NACA4412,True,0.0,-33.997453382011926,-1.0113591416044803,0.03170510098905611,1.0113591416044803,0.03170510098905611,33.997453382011926,0.2328745968236243,17.143246978164704
549,2.0,0.1957199885281756,0.0679032048077171,16.83183188112784,5.0,NACA4412,True,0.0,-31.873578665101707,-0.9596798558563321,0.03212959095530642,0.9596798558563321,0.03212959095530642,31.873578665101707,0.2636231933358927,15.17317178880935
550,2.0,0.15,0.07340516817115761,9.047806395541656,-5.0,NACA2412,True,0.0,-22.806816880026844,-0.33550106478810254,0.011604205660159156,0.33550106478810254,0.011604205660159156,22.806816880026844,0.2234051681711576,17.904688744422764
551,1.7270650216135692,0.15,0.05418750358982331,16.168544748854078,4.56136579274146,NACA4412,True,0.0,-34.39796986266702,-0.955204507045126,0.029436726618221696,0.955204507045126,0.029436726618221696,34.39796986266702,0.17632254765028946,16.916461499847106
552,1.998705821433973,0.15614397278281938,0.05192483649383143,9.055864917617503,-3.4715975432958737,NACA0012,True,0.0,-15.819768187466195,-0.21874602990171033,0.010073305424170979,0.21874602990171033,0.010073305424170979,15.819768187466195,0.2079341701800385,19.21196962084278
553,1.8815509488290296,0.16310279180293394,0.08802828486226776,0.0,0.9306491861226671,NACA2412,True,0.0,-31.81207280557345,-0.6127809674872428,0.018978839870630346,0.6127809674872428,0.018978839870630346,31.81207280557345,0.236257957789933,14.984612608000253
554,2.0,0.15,0.05221081816398029,10.869149939475317,5.0,NACA4412,True,0.0,-37.500076947196085,-1.0125209267163027,0.028485858989703974,1.0125209267163027,0.028485858989703974,37.500076947196085,0.2022108181639803,19.781335322802814
555,1.7022401809737182,0.193910387045439,0.05,26.144084594907948,0.7792432300695155,NACA0012,True,0.0,-24.314001795924497,-0.37532842355209767,0.013071716978173909,0.37532842355209767,0.013071716978173909,24.314001795924497,0.20759703069279886,13.957914639007166
556,2.0,0.15,0.0702844987485493,20.568803375954197,-5.0,NACA4412,True,0.0,-32.251940204773355,-0.5035970642505073,0.0142745104755288,0.5035970642505073,0.0142745104755288,32.251940204773355,0.2202844987485493,18.158336254817122
557,1.9846926806661949,0.15,0.05253500800595665,30.0,-2.952081492435263,NACA0012,True,0.0,-17.4495687695425,-0.21712605762637405,0.009609136016314804,0.21712605762637405,0.009609136016314804,17.4495687695425,0.20098487398404566,19.598514846458784
558,1.947554684580633,0.1848260772434402,0.07283218790227655,8.56558895926423,-4.223265428600131,NACA4412,True,0.0,-30.722019231600665,-0.5533618489525738,0.017118850383272915,0.5533618489525738,0.017118850383272915,30.722019231600665,0.2509017806527298,15.117346874001559
559,1.9279802866989104,0.1616110509929519,0.05037951438862614,28.75737586394584,-0.5448306978442528,NACA4412,True,0.0,-37.008201689634014,-0.6672395644208587,0.018003244829098677,0.6672395644208587,0.018003244829098677,37.008201689634014,0.20435681551091947,18.189302747776452
560,2.0,0.17520216728761556,0.05504048361835288,23.742971451582214,5.0,NACA0012,True,0.0,-34.32367634312691,-0.580506156504124,0.01629780058000434,0.580506156504124,0.01629780058000434,34.32367634312691,0.23024265090596843,17.372975789935673
561,2.0,0.1534362770639999,0.07009060070301418,30.0,-1.1738165928878153,NACA0012,True,0.0,-22.051559735546334,-0.2910054339516561,0.010594852465818276,0.2910054339516561,0.010594852465818276,22.051559735546334,0.22352687776701408,17.894939704608003
562,1.8596924141281514,0.15,0.06227162778022337,13.684685949377226,0.6632732153361269,NACA2412,True,0.0,-34.146773270513485,-0.5967680588037024,0.016836538787484475,0.5967680588037024,0.016836538787484475,34.146773270513485,0.19737996795875798,17.521817998716198
563,1.884865178956893,0.15,0.05286703483268087,28.473895146541327,-3.14079412656356,NACA0012,True,0.0,-16.486016359929476,-0.21074865215477936,0.009712490316647976,0.21074865215477936,0.009712490316647976,16.486016359929476,0.19118850495717765,18.5822716885617
506,1.8483216635556319,0.16313185135212005,0.058956934960987806,24.256955144850195,0.4174763523421259,NACA0012,True,0.0,-25.581258643086045,-0.3727510291928713,0.012208397117744919,0.3727510291928713,0.012208397117744919,25.581258643086045,0.20524575748764737,16.644889588885494
564,1.9893635394309137,0.15545904703631025,0.06033845689606833,11.625809688812922,5.0,NACA2412,True,0.0,-37.23695968431996,-0.8115609395073107,0.022552521867679556,0.8115609395073107,0.022552521867679556,37.23695968431996,0.21464984311163657,18.437317421931745
565,2.0,0.15,0.053357831710493964,23.169310848992467,0.07114882474855211,NACA0012,True,0.0,-26.699875724442546,-0.36654624688727705,0.011433294140573235,0.36654624688727705,0.011433294140573235,26.699875724442546,0.20335783171049396,19.669761259524613
566,1.99177669424205,0.15,0.05685754016018962,10.383837938758573,3.449498445529863,NACA0012,True,0.0,-34.04344755262202,-0.5512561179382462,0.01503267033078714,0.5512561179382462,0.01503267033078714,34.04344755262202,0.2060070137596523,19.257472487583737
567,1.9921760380334257,0.15489419332552434,0.055048501226396415,13.303688122681999,3.6508765337754214,NACA2412,True,0.0,-37.696591810308284,-0.7452132837601119,0.02006684466729008,0.7452132837601119,0.02006684466729008,37.696591810308284,0.2091214027232536,18.97828397682818
568,2.0,0.15,0.05,18.634463166464563,3.470645340284854,NACA2412,True,0.0,-38.7584781793035,-0.723183341357772,0.01873830151039622,0.723183341357772,0.01873830151039622,38.7584781793035,0.2,20.0
569,1.9149148892177155,0.15389926931375927,0.053854247466237314,22.611632844655475,-0.9407848404578207,NACA0012,True,0.0,-23.17995937163279,-0.3196487805034281,0.0110527540666394,0.3196487805034281,0.0110527540666394,23.17995937163279,0.198915151284679,18.43448831959404
570,2.0,0.15821810236058415,0.050959665688055426,23.54426514656821,3.8478275601142804,NACA0012,True,0.0,-34.389802730155616,-0.5351797258363945,0.014513901455688363,0.5351797258363945,0.014513901455688363,34.389802730155616,0.20917776804863958,19.122491062577406
571,2.0,0.16238136938431424,0.053977864968883335,25.98738657434921,-3.2954277342972773,NACA4412,True,0.0,-34.984765635904466,-0.5618912135924803,0.015285673580360891,0.5618912135924803,0.015285673580360891,34.984765635904466,0.2163592343531976,18.487771099569358
572,1.9939779573641543,0.15,0.05329204136085023,24.08763939324323,3.9435813576924232,NACA0012,True,0.0,-34.933426251647795,-0.5388504133234513,0.014400803836862671,0.5388504133234513,0.014400803836862671,34.933426251647795,0.20267992469054863,19.61688164491178
573,1.8520497805282157,0.15,0.05,30.0,-3.089457747216207,NACA0012,True,0.0,-16.592333439801624,-0.21006553053531452,0.009671019906433103,0.21006553053531452,0.009671019906433103,16.592333439801624,0.18520497805282157,18.520497805282155
574,1.9905753086974507,0.17149937888088362,0.06060534562782545,18.861438633647296,-0.5745741047537485,NACA2412,True,0.0,-32.11400021903548,-0.524715052819993,0.015175801252651097,0.524715052819993,0.015175801252651097,32.11400021903548,0.23101096681953015,17.15238940448849
575,1.7528832647944395,0.15,0.06481918633978599,28.03934201929954,2.145778263056912,NACA0012,True,0.0,-29.01116737582287,-0.43557845193450123,0.01335821835945602,0.43557845193450123,0.01335821835945602,29.01116737582287,0.18827647834588454,16.319615530261355
576,1.9924216575684837,0.15,0.07437468322583933,12.651310938866985,3.7429989676692976,NACA4412,True,0.0,-35.70917783943447,-0.9353368595852904,0.02766643712174195,0.9353368595852904,0.02766643712174195,35.70917783943447,0.2235244891346151,17.75977243888123
577,1.9916340994151474,0.15818843794768936,0.05145994229055519,22.898401741277706,-3.481129590124865,NACA0012,True,0.0,-15.630252840457894,-0.20487658819592927,0.009755918161032788,0.20487658819592927,0.009755918161032788,15.630252840457894,0.20877143148482027,18.999756612971236
578,1.9495340142425588,0.15,0.08188990105450292,11.77866025709055,3.756118178436291,NACA2412,True,0.0,-35.29924409295508,-0.7438362566136236,0.02164058897645563,0.7438362566136236,0.02164058897645563,35.29924409295508,0.2260386248325474,16.814307180926733
579,2.0,0.15090148940785456,0.05,20.742146138513625,-5.0,NACA0012,True,0.0,-10.772525923863611,-0.138522408228202,0.009271869356555443,0.138522408228202,0.009271869356555443,10.772525923863611,0.20090148940785457,19.910255577446275
580,2.0,0.15,0.052314972626238285,26.959042904846108,5.0,NACA2412,True,0.0,-39.14718537039589,-0.7511558140512061,0.0194648794603798,0.7511558140512061,0.0194648794603798,39.14718537039589,0.20231497262623827,19.771151625983215
581,1.9929693656790044,0.15535034857834043,0.05231463943682422,11.34310114937027,2.84048104939517,NACA2412,True,0.0,-37.573290552595076,-0.7122223556556438,0.019014096301711896,0.7122223556556438,0.019014096301711896,37.573290552595076,0.20693497971916036,19.194081628564838
582,1.8074338060065067,0.15,0.05,28.274223021228,3.7852397311672745,NACA2412,True,0.0,-37.02373960392128,-0.6838540934959237,0.01854850987256553,0.6838540934959237,0.01854850987256553,37.02373960392128,0.18074338060065068,18.074338060065067
583,1.8684497601612242,0.15,0.05619707401354832,19.49359689317391,3.7213401968079447,NACA2412,True,0.0,-36.89285749990514,-0.7239969863504667,0.01990093848609373,0.7239969863504667,0.01990093848609373,36.89285749990514,0.19263443674328026,18.12295125039899
534,1.9988019773783308,0.15124901403897154,0.05587561590609761,29.81778936936864,-3.130137707722964,NACA0012,True,0.0,-16.76656552580658,-0.20950948135193873,0.00958390525507387,0.20950948135193873,0.00958390525507387,16.76656552580658,0.20700055994897962,19.300476026520133
584,2.0,0.15,0.06562903263320673,11.251924975539644,5.0,NACA4412,True,0.0,-36.00188548345773,-1.0043746492868197,0.029534564981412093,1.0043746492868197,0.029534564981412093,36.00188548345773,0.2156290326332067,18.550377707273558
585,1.9472963767936384,0.15,0.05,26.540644183789535,5.0,NACA2412,True,0.0,-38.81454062394713,-0.7525503339541696,0.019698970259573605,0.7525503339541696,0.019698970259573605,38.81454062394713,0.19472963767936385,19.472963767936385
586,1.9985775025278552,0.15100731902418563,0.0629740976582218,23.153367730037456,-3.5939434046026384,NACA0012,True,0.0,-15.138534621621451,-0.19907452426529745,0.00974061710946368,0.19907452426529745,0.00974061710946368,15.138534621621451,0.2138292226702491,18.67991654148319
587,1.991363130407306,0.15052250427412045,0.06045936811629246,14.683097960649006,-0.8581301986725931,NACA4412,True,0.0,-37.41773671555148,-0.7167145961220799,0.019286681394742506,0.7167145961220799,0.019286681394742506,37.41773671555148,0.2100707609312837,18.87710169452259
588,1.972542921641854,0.15770183495756565,0.07780036495341987,21.823314388107107,-3.740016056720381,NACA0012,True,0.0,-13.936461355201084,-0.19182725557810523,0.00995663275432735,0.19182725557810523,0.00995663275432735,13.936461355201084,0.23226909873274967,16.751800385622133
589,2.0,0.17292427500164356,0.05430293839870826,20.535827218705567,1.2942364377798765,NACA4412,True,0.0,-36.51029912302278,-0.7892176668567027,0.02234049732692134,0.7892176668567027,0.02234049732692134,36.51029912302278,0.22722721340035182,17.603525300257047
590,1.8140882990748057,0.17641124422537535,0.051140287868296073,16.018632469738353,-3.3712997477431137,NACA0012,True,0.0,-14.732055794997208,-0.2136395046317255,0.01040677297509894,0.2136395046317255,0.01040677297509894,14.732055794997208,0.20639928590383724,15.944417357981465
591,2.0,0.15,0.05,30.0,5.0,NACA2412,True,0.0,-39.476018632873476,-0.7326058591194635,0.018733097526736787,0.7326058591194635,0.018733097526736787,39.476018632873476,0.2,20.0
592,1.998451993769968,0.1967815909909077,0.05295106298506005,17.63185489394018,1.7253357275181331,NACA4412,True,0.0,-34.39196985728045,-0.8124160191217484,0.024740486698838795,0.8124160191217484,0.024740486698838795,34.39196985728045,0.24953936012386915,16.00473115511985
593,1.8062860491436983,0.15,0.05078412144869436,11.049371427487621,3.730564595997462,NACA4412,True,0.0,-35.94587372557047,-0.9410146667211968,0.027650465141178093,0.9410146667211968,0.027650465141178093,35.94587372557047,0.1813367787311753,17.99231967260172
594,2.0,0.15,0.0887827850705736,11.077084225405482,2.610551299140462,NACA2412,True,0.0,-34.87046346357698,-0.6909456029227322,0.020005526774584656,0.6909456029227322,0.020005526774584656,34.87046346357698,0.2387827850705736,16.751626373809895
595,1.9182996693296397,0.15,0.06409294728090044,13.951397681352208,4.242740650914846,NACA0012,True,0.0,-34.01069370643328,-0.5778473329537432,0.016164016441936015,0.5778473329537432,0.016164016441936015,34.01069370643328,0.20534721498737965,17.920250934868363
596,1.9911548846178801,0.15,0.054855984980242224,3.9724333724191023,1.2655693358735056,NACA0012,True,0.0,-29.815814235832235,-0.4522168273992187,0.013097339201313618,0.4522168273992187,0.013097339201313618,29.815814235832235,0.20394999756830817,19.4395578416703
597,1.992494443258246,0.15,0.055762031148229925,30.0,4.053275372933812,NACA2412,True,0.0,-38.510233423908055,-0.6897227494474102,0.017921459563930098,0.6897227494474102,0.017921459563930098,38.510233423908055,0.20498985184818913,19.366978758319732
598,2.0,0.15,0.08038257195331594,27.34295118085569,-3.790028031788862,NACA0012,True,0.0,-13.972554104435977,-0.18301572209321412,0.00966154664287777,0.18301572209321412,0.00966154664287777,13.972554104435977,0.23038257195331593,17.362424449409083
599,1.9018849845172545,0.15,0.05242100695565458,18.357495674981376,1.6088759616099275,NACA4412,True,0.0,-37.79030576611992,-0.8190430560936487,0.022408151639233296,0.8190430560936487,0.022408151639233296,37.79030576611992,0.19249073683991108,18.791379542281504
600,1.9804295187540741,0.15,0.0667488743124497,30.0,-5.0,NACA2412,True,0.0,-22.747522475116583,-0.2990494473826072,0.010628467469679622,0.2990494473826072,0.010628467469679622,22.747522475116583,0.21462793442254605,18.273954363419005
601,2.0,0.17292427500164356,0.05,20.535827218705567,1.2942364377798765,NACA4412,True,0.0,-36.90786441920219,-0.7908837513661555,0.022116566562830137,0.7908837513661555,0.022116566562830137,36.90786441920219,0.22292427500164358,17.943312813153742
602,1.9945058906305557,0.15734016199935633,0.05,5.761053155258864,1.1947021639768247,NACA0012,True,0.0,-29.49749499428485,-0.44719366733040394,0.01305711626450289,0.44719366733040394,0.01305711626450289,29.49749499428485,0.20677058723600497,19.238973013214366
603,2.0,0.15125104929803934,0.06234177931059007,17.374413869375264,-5.0,NACA0012,True,0.0,-10.48674184908546,-0.140179265125141,0.00945576248237246,0.140179265125141,0.00945576248237246,10.48674184908546,0.2135928286086294,18.727220506683224
604,1.9582834231184933,0.15,0.05059442756489541,28.59842643710105,4.4240060977662266,NACA4412,True,0.0,-38.60566840420358,-0.8891625996837583,0.023914766769884077,0.8891625996837583,0.023914766769884077,38.60566840420358,0.196410371135139,19.52480382322643
605,1.8915434690221067,0.15,0.09743307631876069,20.279818072367384,-2.096356739913862,NACA2412,True,0.0,-27.80697956144382,-0.44511230201500646,0.0141636447061613,0.44511230201500646,0.0141636447061613,27.80697956144382,0.23401520976540013,15.289333965886497
606,1.9939460679816372,0.15,0.0567661084588768,28.703664655793176,1.3374783646953126,NACA0012,True,0.0,-29.457212219890895,-0.4056617443992452,0.011958776239536435,0.4056617443992452,0.011958776239536435,29.457212219890895,0.20614023447672106,19.2869719592194
607,1.9558060332937388,0.15,0.06628942498323033,24.831497555199277,4.802117747590473,NACA2412,True,0.0,-37.20207805012006,-0.747806373873059,0.020529526388007337,0.747806373873059,0.020529526388007337,37.20207805012006,0.2115100811599177,18.085082370026914
608,2.0,0.15,0.05,26.541375806926446,2.0152342519816826,NACA4412,True,0.0,-39.4635062391747,-0.7995431571607273,0.020743346990888655,0.7995431571607273,0.020743346990888655,39.4635062391747,0.2,20.0
609,2.0,0.15,0.07438136254743433,30.0,-3.393218087479521,NACA0012,True,0.0,-15.362562586656887,-0.19631392716804563,0.00963720308964483,0.19631392716804563,0.00963720308964483,15.362562586656887,0.22438136254743432,17.826792540108578
610,2.0,0.1777364832422497,0.05,22.599918271951914,-4.28173587436466,NACA0012,True,0.0,-12.506150710820386,-0.16750482782141232,0.009644365497851597,0.16750482782141232,0.009644365497851597,12.506150710820386,0.2277364832422497,17.56415987044591
611,1.9992848975375748,0.1632863682246349,0.05,12.616870703228923,4.315758103799739,NACA0012,True,0.0,-34.865084686934175,-0.5870771928826838,0.016021250103666475,0.5870771928826838,0.016021250103666475,34.865084686934175,0.21321010742107535,18.747423139878418
612,2.0,0.17678836908345202,0.05357121940610161,28.93859496636883,5.0,NACA2412,True,0.0,-36.54731483755621,-0.7292620602593871,0.02036281349170424,0.7292620602593871,0.02036281349170424,36.54731483755621,0.23035958848955362,17.364156735248695
613,2.0,0.15,0.07053769840260539,30.0,0.5578915859263586,NACA2412,True,0.0,-34.3944965079184,-0.5360854296760261,0.014739029789380872,0.5360854296760261,0.014739029789380872,34.3944965079184,0.2205376984026054,18.137488642407746
614,2.0,0.15,0.07125204640939607,28.007075869627858,-5.0,NACA4412,True,0.0,-32.012261813969374,-0.47762589441517567,0.01359159283985126,0.47762589441517567,0.01359159283985126,32.012261813969374,0.22125204640939605,18.07892882761662
615,1.9840577765707197,0.15,0.05291059442252161,30.0,-2.2772056606607793,NACA4412,True,0.0,-37.01948082957693,-0.5901375003155677,0.015379949074406886,0.5901375003155677,0.015379949074406886,37.01948082957693,0.20129317140629563,19.555980132208454
616,1.9986159514208501,0.15,0.0533994313034279,30.0,-0.5328369901664909,NACA4412,True,0.0,-38.50684986019578,-0.6654598784711276,0.01714348867579964,0.6654598784711276,0.01714348867579964,38.50684986019578,0.20325867395648017,19.65212919832945
617,2.0,0.15,0.05408748629939385,22.58189634380669,-5.0,NACA0012,True,0.0,-10.681944219464418,-0.136726225642714,0.009250497155790538,0.136726225642714,0.009250497155790538,10.681944219464418,0.20408748629939383,19.59943783193081
618,1.985510448613423,0.15,0.07355415295890405,21.419987931432267,-3.9713434767697815,NACA2412,True,0.0,-25.42021924333918,-0.3648259703730401,0.01186328935554841,0.3648259703730401,0.01186328935554841,25.42021924333918,0.22193455326541367,17.763127388453565
619,1.9547026267285865,0.16254982845632557,0.0532818068467298,19.302038742386067,0.3555053269600106,NACA0012,True,0.0,-26.523503467594413,-0.38516775377131673,0.012141624085657122,0.38516775377131673,0.012141624085657122,26.523503467594413,0.21094333222900433,18.11321703589868
620,2.0,0.15,0.052156211718659924,17.269603088774105,4.87940145132937,NACA4412,True,0.0,-37.88999693053637,-0.9817481088436787,0.027226711254233617,0.9817481088436787,0.027226711254233617,37.88999693053637,0.2021562117186599,19.786678658021085
621,2.0,0.15,0.0690241688161116,12.785707112493382,4.596357207344718,NACA4412,True,0.0,-35.926014279243454,-0.9783914647452235,0.028802789601972467,0.9783914647452235,0.028802789601972467,35.926014279243454,0.2190241688161116,18.262824699306687
622,2.0,0.15,0.05,16.646423320482636,-3.9201496442004,NACA4412,True,0.0,-35.58851640696705,-0.5703098921736207,0.01507077148240149,0.5703098921736207,0.01507077148240149,35.58851640696705,0.2,20.0
623,1.998604825056153,0.1514143666836801,0.05364135442883151,30.0,-5.0,NACA0012,True,0.0,-10.56962034032424,-0.12897339240192782,0.009034485763140246,0.12897339240192782,0.009034485763140246,10.56962034032424,0.20491267681041728,19.49328518329457
624,1.8325937536738433,0.15,0.058361814224222645,30.0,2.0933783366211944,NACA2412,True,0.0,-35.51464219334386,-0.5997503762102652,0.0165025766597064,0.5997503762102652,0.0165025766597064,35.51464219334386,0.19092127962573008,17.59049526898196
625,1.9407913557255854,0.15,0.09254013040424103,3.2332978027083534,0.6584240596173787,NACA0012,True,0.0,-25.804866406984118,-0.4133240128725392,0.013472576891379704,0.4133240128725392,0.013472576891379704,25.804866406984118,0.2353598942525536,16.00387822411799
626,1.9533143359749496,0.15131439169610597,0.05,28.30219790005607,5.0,NACA4412,True,0.0,-38.22646858176991,-0.9160175682455834,0.024959022845439906,0.9160175682455834,0.024959022845439906,38.22646858176991,0.1966151436690401,19.405610493298205
627,1.9993952997714193,0.15031290738607084,0.051963260972615194,26.699626667307758,5.0,NACA2412,True,0.0,-39.137044210190616,-0.7527044371897459,0.019516865335154763,0.7527044371897459,0.019516865335154763,39.137044210190616,0.20221501013606458,19.768965528613272
628,2.0,0.15687945972836062,0.05534547200430774,22.78337206824273,1.3207557751862047,NACA0012,True,0.0,-29.307048463134393,-0.4225565504784406,0.012489924848472613,0.4225565504784406,0.012489924848472613,29.307048463134393,0.21222493173266838,18.847926901626465
629,1.9742479562976183,0.15,0.09597136288820339,23.795386140086705,-0.213332551315232,NACA0012,True,0.0,-23.612763343498454,-0.3444599070944942,0.011915781521576352,0.3444599070944942,0.011915781521576352,23.612763343498454,0.24280423024488768,16.05266509983876
630,1.9998953215136748,0.1940787754004483,0.053264302883219206,15.187305530034566,-0.029027029994111553,NACA4412,True,0.0,-34.6354711557653,-0.7410610447760555,0.0220447924146169,0.7410610447760555,0.0220447924146169,34.6354711557653,0.24733013253414862,16.171023142358386
631,1.9959126343964095,0.15,0.05224131067602321,23.825059949149765,-3.1033114791833434,NACA0012,True,0.0,-17.14093960554522,-0.22146063045338474,0.00978630761050113,0.22146063045338474,0.00978630761050113,17.14093960554522,0.20182799358758208,19.737932153670876
632,1.9561150660053384,0.15,0.05,22.067096345880383,-1.8827563587737075,NACA0012,True,0.0,-20.987948016105445,-0.2796684215268062,0.010404615726672613,0.2796684215268062,0.010404615726672613,20.987948016105445,0.19561150660053384,19.561150660053382
633,1.8503091048873446,0.16274143783896208,0.05380606389506199,8.06086545727324,5.0,NACA4412,True,0.0,-34.030827990106765,-1.003301363850895,0.031392484487270444,1.003301363850895,0.031392484487270444,34.030827990106765,0.2003399070495364,17.089175262432715
634,2.0,0.15,0.06137910949072242,26.086784176019933,2.3229314093955793,NACA2412,True,0.0,-37.02649230959259,-0.6344836817903369,0.01682353218701972,0.6344836817903369,0.01682353218701972,37.02649230959259,0.21137910949072242,18.92334587669158
635,1.8889975034219144,0.15,0.05496138427908211,30.0,-0.7593637094839232,NACA4412,True,0.0,-37.1564007256228,-0.6516636394498166,0.017412365744760957,0.6516636394498166,0.017412365744760957,37.1564007256228,0.19358577160054286,18.432716094947853
636,2.0,0.15,0.05,22.19394155773638,5.0,NACA4412,True,0.0,-38.42638882489364,-0.9614156155868687,0.02618152572029935,0.9614156155868687,0.02618152572029935,38.42638882489364,0.2,20.0
637,1.9494647668137652,0.15,0.05452344324916001,24.09306609755203,3.068510383370384,NACA4412,True,0.0,-38.1282483475276,-0.8578106214616033,0.02335094921796663,0.8578106214616033,0.02335094921796663,38.1282483475276,0.19935562330083603,19.06348471200767
638,2.0,0.15125621699388012,0.05,30.0,5.0,NACA2412,True,0.0,-39.345098556755985,-0.7321806249046028,0.018792069150580782,0.7321806249046028,0.018792069150580782,39.345098556755985,0.20125621699388013,19.87516241608394
639,2.0,0.16903955541947527,0.0503879215172707,28.983434749544067,4.478259000267377,NACA4412,True,0.0,-37.046020602303116,-0.8825701056073942,0.024829531500655384,0.8825701056073942,0.024829531500655384,37.046020602303116,0.21942747693674597,18.229257592717406
640,1.9748665510428969,0.15,0.06699358321025912,10.919992323904175,2.7786588742612004,NACA4412,True,0.0,-36.58338388675994,-0.8971395922597996,0.025762361121925464,0.8971395922597996,0.025762361121925464,36.58338388675994,0.21426668463644216,18.202073276326523
641,2.0,0.15,0.05,23.748216650748297,-5.0,NACA2412,True,0.0,-23.846501852628652,-0.31716393132562465,0.010723580110055997,0.31716393132562465,0.010723580110055997,23.846501852628652,0.2,20.0
642,2.0,0.15,0.05,30.0,4.965675605114334,NACA4412,True,0.0,-39.10979000443356,-0.9035045169826331,0.023968528727763668,0.9035045169826331,0.023968528727763668,39.10979000443356,0.2,20.0
643,2.0,0.15,0.05,10.413945097190192,-1.5353007637588099,NACA4412,True,0.0,-38.15150838787218,-0.6991529197448111,0.01821906876377651,0.6991529197448111,0.01821906876377651,38.15150838787218,0.2,20.0
644,1.9070328010787132,0.15,0.05281827385967008,23.46667242498683,3.3219442103943715,NACA4412,True,0.0,-37.716136362510575,-0.8717649213729315,0.02406339320378684,0.8717649213729315,0.02406339320378684,37.716136362510575,0.19339055045427808,18.80533508926507
645,1.9751154126845498,0.15,0.05308743010255424,6.60437915047753,3.216517162916828,NACA4412,True,0.0,-37.81703640209319,-0.9343898371478171,0.0259514068283362,0.9343898371478171,0.0259514068283362,37.81703640209319,0.20056055665902553,19.450887843596863
646,2.0,0.15,0.05,12.92654429107512,5.0,NACA4412,True,0.0,-37.85273746192814,-1.0068251015714298,0.028016937741939408,1.0068251015714298,0.028016937741939408,37.85273746192814,0.2,20.0
647,1.9998665012771595,0.15,0.05,21.489181871920408,4.375817773328878,NACA0012,True,0.0,-35.9414711991462,-0.5691061726196904,0.014954302283348627,0.5691061726196904,0.014954302283348627,35.9414711991462,0.19998665012771596,19.998665012771593
648,1.9917185945703386,0.15,0.05680684106399573,27.383930760903027,-0.31984682460300484,NACA0012,True,0.0,-25.27607607243148,-0.33733354752939354,0.011012684596636436,0.33733354752939354,0.011012684596636436,25.27607607243148,0.20595051541575646,19.261631620338978
388,2.0,0.15,0.05344061513018239,12.802067762308358,3.614451986622987,NACA4412,True,0.0,-38.08850836672401,-0.9391522402218712,0.02586191965110519,0.9391522402218712,0.02586191965110519,38.08850836672401,0.20344061513018238,19.661757301708832
649,1.9925616322233903,0.16804951199892382,0.0542951817416037,30.0,1.9456720720317036,NACA2412,True,0.0,-35.71380652281156,-0.5946104627686101,0.016207881685076395,0.5946104627686101,0.016207881685076395,35.71380652281156,0.22151775293791767,17.923176835950724
650,1.9745221155657349,0.15,0.06828128560346419,16.09962239004885,2.933066322681724,NACA4412,True,0.0,-36.585230470518695,-0.8866184010396608,0.02540832064711943,0.8866184010396608,0.02540832064711943,36.585230470518695,0.21550061291908024,18.091538265471886
651,1.9775936210743947,0.15,0.05,22.55670255706811,-4.28337295797807,NACA2412,True,0.0,-25.806495726241494,-0.35205988503556324,0.011228824477063143,0.35205988503556324,0.011228824477063143,25.806495726241494,0.1977593621074395,19.775936210743943
652,1.9544498019554122,0.15,0.05,30.0,-3.2034756726160563,NACA2412,True,0.0,-28.26485219929059,-0.37826633374276025,0.011453297443394954,0.37826633374276025,0.011453297443394954,28.26485219929059,0.19544498019554124,19.54449801955412
653,1.959967477656771,0.1516905175061123,0.05077631382656873,28.627057328657305,4.545660917000862,NACA4412,True,0.0,-38.370716519101734,-0.8935146877727798,0.0242030548292307,0.8935146877727798,0.0242030548292307,38.370716519101734,0.19841420235813684,19.36087471469609
600,1.9804295187540741,0.15,0.0667488743124497,30.0,-5.0,NACA2412,True,0.0,-22.747522475116583,-0.2990494473826072,0.010628467469679622,0.2990494473826072,0.010628467469679622,22.747522475116583,0.21462793442254605,18.273954363419005
654,1.9234147271907251,0.15,0.05,28.53635564056148,4.061042027883831,NACA0012,True,0.0,-34.67244364426217,-0.5246007452602116,0.014129739895711669,0.5246007452602116,0.014129739895711669,34.67244364426217,0.19234147271907254,19.234147271907247
655,1.8879813914698922,0.15,0.05248023607293775,28.907720546800068,5.0,NACA0012,True,0.0,-35.42752563491495,-0.5619234784039082,0.01514156797328467,0.5619234784039082,0.01514156797328467,35.42752563491495,0.19113945892306863,18.64854988404696
656,2.0,0.15,0.05,23.746997833588594,0.17117880869731383,NACA4412,True,0.0,-39.10176708431768,-0.7327082829016766,0.01889234703366406,0.7327082829016766,0.01889234703366406,39.10176708431768,0.2,20.0
657,1.9992925497115461,0.15516773307217616,0.051335385130008945,17.043175164522676,-0.2747951314320991,NACA0012,True,0.0,-25.68247703808562,-0.3628269537562765,0.01156615466091117,0.3628269537562765,0.01156615466091117,25.68247703808562,0.2064300728569157,19.363315838689267
658,1.9775552332704616,0.15,0.053076257057920406,15.215069250033963,-1.338112031394965,NACA4412,True,0.0,-37.7809708352934,-0.6947553407740413,0.018323078859816884,0.6947553407740413,0.018323078859816884,37.7809708352934,0.200797257448934,19.475986626111915
659,1.9894795404466368,0.15,0.059960753824342114,15.36264105626182,0.7764334997746878,NACA0012,True,0.0,-28.202770049679216,-0.41441228001190256,0.012473460701156132,0.41441228001190256,0.012473460701156132,28.202770049679216,0.20885631201514077,18.950965875375744
660,1.9532734239560579,0.15,0.05452855784690778,15.476669973309049,4.323191698201304,NACA4412,True,0.0,-37.22483643082215,-0.9599673499107629,0.027134212842279334,0.9599673499107629,0.027134212842279334,37.22483643082215,0.1997500982412121,19.100251275600424
661,2.0,0.15,0.06288286838568255,30.0,1.9092886047421485,NACA2412,True,0.0,-36.50393260472785,-0.5958643194943992,0.015836885596890983,0.5958643194943992,0.015836885596890983,36.50393260472785,0.21288286838568254,18.789675422604464
662,2.0,0.15125104929803934,0.05,22.24315043364661,-5.0,NACA4412,True,0.0,-33.58364893245387,-0.5031303083616985,0.013651269583430223,0.5031303083616985,0.013651269583430223,33.58364893245387,0.20125104929803933,19.875672767679674
663,2.0,0.15139506363553412,0.053557022096241975,27.434336798067,1.5821379727382845,NACA0012,True,0.0,-30.22458928985832,-0.4212394054489033,0.01218686286138615,0.4212394054489033,0.01218686286138615,30.22458928985832,0.2049520857317761,19.516756737156904
664,1.9937336623644974,0.15,0.05221360388605299,26.66105689242673,-1.8111189239027476,NACA2412,True,0.0,-31.723539189305686,-0.4511585942921379,0.012654163367946317,0.4511585942921379,0.012654163367946317,31.723539189305686,0.20158003452783207,19.7190854032547
665,1.9106184506548085,0.15146861043781557,0.05,27.45979709309887,2.99410620669536,NACA4412,True,0.0,-38.23836944241916,-0.8324916588384167,0.022501661444369145,0.8324916588384167,0.022501661444369145,38.23836944241916,0.19246482216513816,18.96690950022244
666,1.8270971565571208,0.15,0.053113692757194124,30.0,-1.5727206700108052,NACA4412,True,0.0,-36.175233203238655,-0.6153814693230761,0.01669836497509945,0.6153814693230761,0.01669836497509945,36.175233203238655,0.18555422524724302,17.990881183389902
667,2.0,0.15,0.052177345400996146,12.079783255465156,3.9617070496534805,NACA4412,True,0.0,-38.06156970482065,-0.9587857363488715,0.026463020337621903,0.9587857363488715,0.026463020337621903,38.06156970482065,0.20217734540099613,19.784610348238807
668,2.0,0.15455177632677738,0.059272170848718844,28.74874253126161,5.0,NACA0012,True,0.0,-35.48330926374522,-0.5628718591359511,0.015143508996107424,0.5628718591359511,0.015143508996107424,35.48330926374522,0.21382394717549624,18.706978581388714
669,2.0,0.15,0.05,10.986507220347832,-3.6645926451445767,NACA4412,True,0.0,-36.00252818840755,-0.5952250140951468,0.015693956503165286,0.5952250140951468,0.015693956503165286,36.00252818840755,0.2,20.0
670,2.0,0.15,0.05611060819941849,28.155504266109272,2.345075407256763,NACA0012,True,0.0,-31.767536524168364,-0.451814957526258,0.012709475517509476,0.451814957526258,0.012709475517509476,31.767536524168364,0.20611060819941848,19.407055439523397
671,1.9490530011416025,0.15,0.05375265544502999,18.252331874924423,2.728470656728904,NACA4412,True,0.0,-37.98609534589633,-0.8732418908941283,0.02394188205093925,0.8732418908941283,0.02394188205093925,37.98609534589633,0.1985623622928533,19.131559261247848
672,1.9838883879041511,0.15,0.05414649279751289,26.633585014767952,-0.8909694046746381,NACA4412,True,0.0,-38.07262772876522,-0.6682275454112667,0.017411504893142724,0.6682275454112667,0.017411504893142724,38.07262772876522,0.20250192824617214,19.435929177308115
673,1.9859038138509484,0.15,0.05,19.624998940299623,4.889179096520599,NACA4412,True,0.0,-38.12348132759143,-0.9705325197348295,0.02669881091372443,0.9705325197348295,0.02669881091372443,38.12348132759143,0.19859038138509486,19.859038138509483
674,1.9931144358345465,0.15,0.06681906920416557,30.0,-3.58333257173791,NACA2412,True,0.0,-26.591440305831764,-0.35978949755702505,0.011424794202820226,0.35978949755702505,0.011424794202820226,26.591440305831764,0.21607260839751596,18.385047432869015
675,1.9997393719313212,0.15,0.06549460808618311,19.971466392346695,-2.216003501666009,NACA0012,True,0.0,-19.4978514029182,-0.26633601210278385,0.010456672254366119,0.26633601210278385,0.010456672254366119,19.4978514029182,0.215466526114425,18.559530465203682
676,2.0,0.15,0.05,24.24248881006169,2.6225193375668443,NACA4412,True,0.0,-39.303915051052535,-0.8408496124146257,0.02206720434405228,0.8408496124146257,0.02206720434405228,39.303915051052535,0.2,20.0
677,1.9965514253535421,0.15,0.05821456650646639,29.105869251366897,-0.6744798045542906,NACA4412,True,0.0,-37.95249524123179,-0.6631179595860074,0.01734625490327206,0.6631179595860074,0.01734625490327206,37.95249524123179,0.20785554476892767,19.17782659352545
678,2.0,0.15,0.05221081816398029,10.859567090802122,4.484759755868101,NACA0012,True,0.0,-36.01292819831429,-0.6019735169767572,0.015937939261734185,0.6019735169767572,0.015937939261734185,36.01292819831429,0.2022108181639803,19.781335322802814
679,1.9935083633839816,0.15,0.0591331099544294,21.70463050995778,1.5025968384408583,NACA0012,True,0.0,-29.90199502251922,-0.4342971477060724,0.012655517251242735,0.4342971477060724,0.012655517251242735,29.90199502251922,0.2084543018773284,19.06449307637965
680,1.9644394649854127,0.15,0.055095054397923095,27.51058473978471,0.1748604896676993,NACA4412,True,0.0,-38.29699825667864,-0.7093280598893908,0.01863990934029332,0.7093280598893908,0.01863990934029332,38.29699825667864,0.20144840946630507,19.156380642646113
681,1.8876788893164795,0.15,0.05,28.496423481420376,-1.6450083354857385,NACA4412,True,0.0,-36.99369051425412,-0.6234449775897443,0.016507347014387764,0.6234449775897443,0.016507347014387764,36.99369051425412,0.18876788893164798,18.876788893164793
682,1.9585655487086053,0.15,0.05356003088294198,13.763629916115047,4.56241182830817,NACA4412,True,0.0,-37.19915942425697,-0.9788360923559004,0.027727116906535565,0.9788360923559004,0.027727116906535565,37.19915942425697,0.19934283179069495,19.243124892576642
683,2.0,0.15,0.05248382892880552,23.067825239599742,-0.7411089342951103,NACA4412,True,0.0,-38.4530039171076,-0.6937409814172274,0.017995246930947204,0.6937409814172274,0.017995246930947204,38.4530039171076,0.2024838289288055,19.754663970753057
684,1.952923350255061,0.15,0.08653640988970776,11.945717066476687,-2.6459775050579717,NACA4412,True,0.0,-33.81418093440544,-0.628712352759207,0.01830911207189778,0.628712352759207,0.01830911207189778,33.81418093440544,0.2309687390295562,16.512665861172668
685,2.0,0.15,0.052817875788731226,26.673650305561665,-1.5685433814170726,NACA4412,True,0.0,-37.872835407738194,-0.6389634881158207,0.016540454671491886,0.6389634881158207,0.016540454671491886,37.872835407738194,0.20281787578873123,19.722127472465345
686,2.0,0.18155967784628246,0.06137910949072242,26.077179663926,2.3229314093955793,NACA0012,True,0.0,-29.513940457026578,-0.4505653722613813,0.013665952716288385,0.4505653722613813,0.013665952716288385,29.513940457026578,0.24293878733700489,16.4650529618854
687,1.981456155075229,0.15,0.05,28.251015321479994,0.27228236437934794,NACA0012,True,0.0,-27.16045188459898,-0.3617131063617016,0.01121446907068044,0.3617131063617016,0.01121446907068044,27.16045188459898,0.1981456155075229,19.814561550752288
688,2.0,0.15029458877804272,0.05,23.553097370647016,-5.0,NACA0012,True,0.0,-10.764352248341913,-0.13609101004951113,0.009193734093096683,0.13609101004951113,0.009193734093096683,10.764352248341913,0.20029458877804274,19.97058444965089
689,1.9926078581683253,0.15,0.051973984043765874,25.702940642965217,5.0,NACA2412,True,0.0,-39.066521319187224,-0.7584086466334,0.019728103547559325,0.7584086466334,0.019728103547559325,39.066521319187224,0.20122747387558593,19.73133190992109
690,1.885019863708846,0.15,0.05,27.244899939369272,-2.8733978595721967,NACA4412,True,0.0,-35.791215368531596,-0.5759772318036235,0.015422576144478561,0.5759772318036235,0.015422576144478561,35.791215368531596,0.1885019863708846,18.850198637088457
691,1.9418880147823774,0.15311244046533146,0.05435847691631532,30.0,-3.0928794101219035,NACA4412,True,0.0,-35.35023807790967,-0.5527297452846877,0.014876942730956376,0.5527297452846877,0.014876942730956376,35.35023807790967,0.20144264393966235,18.719616602554822
692,1.9618063284916183,0.15044469210959222,0.05290786028003118,20.787043510383928,3.279186841512947,NACA4412,True,0.0,-38.15240119098271,-0.8871454608877869,0.024228570098391005,0.8871454608877869,0.024228570098391005,38.15240119098271,0.19946916209644328,19.294631962453053
693,1.928966223067941,0.15,0.061937422365382584,20.547926634720046,4.781506428810344,NACA0012,True,0.0,-34.88984725105256,-0.5853845103411061,0.016090794925993353,0.5853845103411061,0.016090794925993353,34.88984725105256,0.20441006457345348,18.203167723181807
694,1.9376106786706448,0.15005606287856324,0.0508685516778145,22.94392259762429,5.0,NACA2412,True,0.0,-38.498779987239836,-0.7716900441091167,0.02046959317577905,0.7716900441091167,0.02046959317577905,38.498779987239836,0.1946568393861104,19.28694185079019
695,1.9503698001780254,0.15604901216258968,0.05,28.00521656569934,-0.542938828591109,NACA0012,True,0.0,-24.4526913386091,-0.3253038690106345,0.01089946011587453,0.3253038690106345,0.01089946011587453,24.4526913386091,0.2009358853392148,18.931124975634656
696,1.9338917389330517,0.1714339390816569,0.05129530568621662,24.181758212440585,4.450834141701905,NACA0012,True,0.0,-33.674846622523724,-0.5542755274418534,0.01564861204936786,0.5542755274418534,0.01564861204936786,33.674846622523724,0.21536712323769414,17.365404717719368
697,2.0,0.15,0.05,29.485271038344504,-2.1672774244874646,NACA4412,True,0.0,-37.54060881234913,-0.598896551317969,0.015413448667951591,0.598896551317969,0.015413448667951591,37.54060881234913,0.2,20.0
698,1.8918745462111146,0.15,0.08242724608361646,25.351763159023527,4.507396191979753,NACA2412,True,0.0,-35.098726663005706,-0.723457266531649,0.02112504839315507,0.723457266531649,0.02112504839315507,35.098726663005706,0.21986159535577046,16.27928375944795
699,1.9917185945703386,0.15,0.05680684106399573,27.383930760903027,0.2491087817709291,NACA2412,True,0.0,-35.008324411096915,-0.5380147016683228,0.014427958867569904,0.5380147016683228,0.014427958867569904,35.008324411096915,0.20595051541575646,19.261631620338978
700,2.0,0.15,0.05102182873812491,20.480027492254862,1.0731356715334637,NACA0012,True,0.0,-29.48756997177847,-0.41956868994590196,0.01223008903194449,0.41956868994590196,0.01223008903194449,29.48756997177847,0.2010218287381249,19.89833653941572
701,1.9565395100158216,0.15,0.053248764667594685,30.0,2.0668771002322526,NACA4412,True,0.0,-38.79529138362548,-0.7757978211756152,0.020437026198446413,0.7757978211756152,0.020437026198446413,38.79529138362548,0.19883211921702837,19.252658319627816
702,1.8999713523539656,0.15,0.05189566180510634,13.457074610375948,3.384196751803164,NACA4412,True,0.0,-37.19859724857515,-0.9216231748269713,0.026019073735258094,0.9216231748269713,0.026019073735258094,37.19859724857515,0.19179798679712337,18.82131924348175
703,2.0,0.15,0.05,21.92531877468049,4.19404324040154,NACA2412,True,0.0,-39.07439194414,-0.7426619380522476,0.019207425269710515,0.7426619380522476,0.019207425269710515,39.07439194414,0.2,20.0
704,1.9838495357566144,0.15,0.05,19.73011474463398,5.0,NACA4412,True,0.0,-38.05306749846484,-0.9750043641776159,0.026880818622325584,0.9750043641776159,0.026880818622325584,38.05306749846484,0.19838495357566144,19.838495357566146
626,1.9533143359749496,0.15131439169610597,0.05,28.30219790005607,5.0,NACA4412,True,0.0,-38.22646858176991,-0.9160175682455834,0.024959022845439906,0.9160175682455834,0.024959022845439906,38.22646858176991,0.1966151436690401,19.405610493298205
685,2.0,0.15,0.052817875788731226,26.673650305561665,-1.5685433814170726,NACA4412,True,0.0,-37.872835407738194,-0.6389634881158207,0.016540454671491886,0.6389634881158207,0.016540454671491886,37.872835407738194,0.20281787578873123,19.722127472465345
705,2.0,0.2249445275408905,0.05222358304403609,24.63936251401251,-4.9497737379765825,NACA4412,True,0.0,-28.95609976042,-0.47964797353564154,0.015255759336306943,0.47964797353564154,0.015255759336306943,28.95609976042,0.2771681105849266,14.43167466689631
706,2.0,0.1516030272439815,0.06273462951021179,28.218012532906524,3.2668990772771336,NACA0012,True,0.0,-32.9374063231441,-0.48992765952813516,0.013635398377164083,0.48992765952813516,0.013635398377164083,32.9374063231441,0.2143376567541933,18.662142997052914
707,2.0,0.16342530864355503,0.05582312358643434,26.76062841689506,-1.1239845018725645,NACA0012,True,0.0,-22.469309719190672,-0.30187621647673707,0.010758564967859085,0.30187621647673707,0.010758564967859085,22.469309719190672,0.21924843222998938,18.24414413966728
708,1.9572191052614512,0.15,0.05,24.069552877277474,1.4712786209214663,NACA4412,True,0.0,-38.883490887371885,-0.7881623467338926,0.020747010100698914,0.7881623467338926,0.020747010100698914,38.883490887371885,0.19572191052614513,19.57219105261451
709,2.0,0.15,0.05694229740089131,20.841523097236745,-0.7040784243261466,NACA4412,True,0.0,-38.020859683372024,-0.7037525778003194,0.01854518053027625,0.7037525778003194,0.01854518053027625,38.020859683372024,0.20694229740089132,19.329059598923596
710,2.0,0.1512284469418097,0.05345732893400713,24.91929643640965,-2.501084720286643,NACA4412,True,0.0,-36.86222123287661,-0.6051722404580399,0.015861322567350265,0.6051722404580399,0.015861322567350265,36.86222123287661,0.20468577587581682,19.542149340298106
711,1.9492975648024151,0.15,0.05,30.0,5.0,NACA2412,True,0.0,-38.940808751452444,-0.7308481252709217,0.018976366662724214,0.7308481252709217,0.018976366662724214,38.940808751452444,0.19492975648024152,19.49297564802415
712,1.9998128407302254,0.15,0.053250090373275445,25.878854574105823,1.415569323996619,NACA4412,True,0.0,-39.06407655439557,-0.7757055192021145,0.0202616441493399,0.7757055192021145,0.0202616441493399,39.06407655439557,0.20323107030402748,19.678346386537925
713,1.9988019773783308,0.15124901403897154,0.05587561590609761,30.0,-3.130137707722964,NACA4412,True,0.0,-35.807717413255936,-0.5527673208579486,0.014655717036549823,0.5527673208579486,0.014655717036549823,35.807717413255936,0.20700055994897962,19.300476026520133
714,1.9910274843657891,0.15,0.05,19.011029825969274,-3.6153573037028552,NACA0012,True,0.0,-15.556367951058158,-0.20445741304315812,0.009731186075491309,0.20445741304315812,0.009731186075491309,15.556367951058158,0.19910274843657894,19.91027484365789
715,1.9593423808042334,0.15885766109277144,0.05,26.459404732467625,-1.1155601538115807,NACA4412,True,0.0,-37.26352181850983,-0.6568917159976122,0.01747113413670043,0.6568917159976122,0.01747113413670043,37.26352181850983,0.20461183346735723,18.76246598331792
716,2.0,0.15,0.05,30.0,-0.012524112786459068,NACA4412,True,0.0,-39.12160270667513,-0.6889716769119874,0.017571652660110026,0.6889716769119874,0.017571652660110026,39.12160270667513,0.2,20.0
717,1.9406578618784416,0.15,0.053108532521480914,11.721089579311968,2.0156740674773035,NACA4412,True,0.0,-37.891322200897655,-0.863158287413389,0.023719610451282177,0.863158287413389,0.023719610451282177,37.891322200897655,0.19708208522620255,19.109565095924232
718,2.0,0.15561727492673116,0.05,29.2977507276978,-3.806488977603556,NACA4412,True,0.0,-35.02472600392182,-0.5274309019137825,0.01409174478254458,0.5274309019137825,0.01409174478254458,35.02472600392182,0.20561727492673115,19.45361838602979
719,2.0,0.150459839375658,0.05,15.511772562410139,-3.832041683987641,NACA4412,True,0.0,-35.69151244837118,-0.5772882643661547,0.01525671940059721,0.5772882643661547,0.01525671940059721,35.69151244837118,0.20045983937565798,19.954121546032347
720,2.0,0.15,0.05,27.84947122898717,0.5564490886651509,NACA4412,True,0.0,-39.30469900344678,-0.727037496219626,0.018637782889745547,0.727037496219626,0.018637782889745547,39.30469900344678,0.2,20.0
721,1.926017314822482,0.15,0.08088461044239384,27.3505563774493,-0.10910109417066666,NACA4412,True,0.0,-35.509663246934984,-0.6877606168079143,0.019611132196914547,0.6877606168079143,0.019611132196914547,35.509663246934984,0.22234387871904707,16.68380851484276
722,1.9888858542413974,0.15,0.05,28.893421200091492,5.0,NACA4412,True,0.0,-38.86195524629118,-0.913502205546108,0.024432493027162938,0.913502205546108,0.024432493027162938,38.86195524629118,0.19888858542413976,19.88885854241397
723,2.0,0.15,0.05218795681245361,28.346364357316723,5.0,NACA2412,True,0.0,-39.201554246016364,-0.7426277198066898,0.019180440566396676,0.7426277198066898,0.019180440566396676,39.201554246016364,0.2021879568124536,19.78357199440092
724,1.981456155075229,0.15,0.05,25.236354596520464,0.27228236437934794,NACA0012,True,0.0,-27.26619213457288,-0.3704914872902952,0.011411687046696284,0.3704914872902952,0.011411687046696284,27.26619213457288,0.1981456155075229,19.814561550752288
725,2.0,0.15458485791947482,0.05137725582906537,15.646716551289336,-1.4261318609550093,NACA4412,True,0.0,-37.67381822084738,-0.6890962878797643,0.018195585889940646,0.6890962878797643,0.018195585889940646,37.67381822084738,0.20596211374854018,19.421047527622548
726,2.0,0.15,0.0772665552010288,26.60256274860123,-3.865722197208526,NACA4412,True,0.0,-33.43198012423131,-0.5313819825795275,0.014948797806819172,0.5313819825795275,0.014948797806819172,33.43198012423131,0.22726655520102879,17.60047797821284
727,2.0,0.15,0.05100529869361583,26.979401521139337,-0.5421163653509474,NACA4412,True,0.0,-38.73294839632619,-0.6833289364457116,0.01755596835002229,0.6833289364457116,0.01755596835002229,38.73294839632619,0.20100529869361583,19.89997291612216
728,1.961974719821853,0.20574498068239722,0.05,30.0,0.48275810787593354,NACA4412,True,0.0,-34.136137392019094,-0.690925642906763,0.020681196715417936,0.690925642906763,0.020681196715417936,34.136137392019094,0.2508825934100957,15.343211933909869
729,2.0,0.15,0.05,19.44324253324682,0.9073484525741833,NACA4412,True,0.0,-39.16121739731684,-0.7868856764258187,0.020524227312033714,0.7868856764258187,0.020524227312033714,39.16121739731684,0.2,20.0
730,1.9544498019554122,0.15,0.05,30.0,-3.2034756726160563,NACA4412,True,0.0,-35.9203189955484,-0.5502735127896944,0.01451352555199398,0.5502735127896944,0.01451352555199398,35.9203189955484,0.19544498019554124,19.54449801955412
731,1.999313712278801,0.1860300351622357,0.05283572092114086,26.549965014589407,-0.5849649621552456,NACA4412,True,0.0,-35.39776974286389,-0.6716418346697877,0.019103321425858338,0.6716418346697877,0.019103321425858338,35.39776974286389,0.2387837907656691,16.740061405712222
732,1.883564567471259,0.15,0.05695828810282218,14.246968740205526,1.924808568350768,NACA4412,True,0.0,-36.91910809343208,-0.8465456647982151,0.023901496198106168,0.8465456647982151,0.023901496198106168,36.91910809343208,0.19490964920749226,18.20235937142518
733,2.0,0.15163098716291296,0.054785763407493325,28.253111111444962,-1.3154048485015442,NACA4412,True,0.0,-37.73128181482075,-0.6407198937720799,0.016702978423401585,0.6407198937720799,0.016702978423401585,37.73128181482075,0.2064167505704063,19.37827230080171
734,1.9956858901970342,0.15,0.05,27.24580973797871,5.0,NACA2412,True,0.0,-39.35304510375217,-0.7500859146301805,0.019316160521591495,0.7500859146301805,0.019316160521591495,39.35304510375217,0.19956858901970342,19.956858901970342
735,1.9870741343378282,0.17441908136549292,0.0538416364124968,6.836936915261127,2.272926993499256,NACA0012,True,0.0,-30.4128669559658,-0.4931043486090075,0.014544375746542807,0.4931043486090075,0.014544375746542807,30.4128669559658,0.22678548409101512,17.410565897461957
736,2.0,0.15,0.05,28.79371183176375,-5.0,NACA4412,True,0.0,-33.459012830758105,-0.479167022103486,0.013015002618145645,0.479167022103486,0.013015002618145645,33.459012830758105,0.2,20.0
737,1.9500970744989141,0.15125104929803934,0.06163582938284633,20.99281613881015,-5.0,NACA0012,True,0.0,-10.363959965040756,-0.13713205219902183,0.00940668200915126,0.13713205219902183,0.00940668200915126,10.363959965040756,0.2075750396574002,18.32050041395065
738,2.0,0.15,0.05,14.055035726439645,4.417769919435262,NACA4412,True,0.0,-38.195547667275044,-0.9747685376651001,0.02681201681551226,0.9747685376651001,0.02681201681551226,38.195547667275044,0.2,20.0
739,1.9986048055544925,0.15090638937882078,0.05,30.0,-5.0,NACA0012,True,0.0,-10.662927275187423,-0.12922085886236248,0.00900426866957201,0.12922085886236248,0.00900426866957201,10.662927275187423,0.20076623763955662,19.895880979534265
740,1.9551932048740968,0.15856179243899984,0.05215438711513391,30.0,0.4945572748298561,NACA2412,True,0.0,-34.6763394818371,-0.5346041002186154,0.014543554042022136,0.5346041002186154,0.014543554042022136,34.6763394818371,0.2059954212106362,18.557599221960082
741,2.0,0.15,0.056713885628546776,28.710837986309432,-0.06918476209236579,NACA0012,True,0.0,-25.961975046653134,-0.34463789856186217,0.011057883829587402,0.34463789856186217,0.011057883829587402,25.961975046653134,0.20671388562854676,19.35041754857134
742,1.9981630592560677,0.15011824664606896,0.05703485884662782,30.0,4.907052372720843,NACA2412,True,0.0,-38.705428212883724,-0.7261350387785529,0.018962944245332427,0.7261350387785529,0.018962944245332427,38.705428212883724,0.20696284150284097,19.29165439739462
743,1.9993377616462797,0.1509022810005814,0.08506412574637331,29.839064075803332,-5.0,NACA4412,True,0.0,-31.027951392679203,-0.4669422955379893,0.013717281977824488,0.4669422955379893,0.013717281977824488,31.027951392679203,0.235888273744586,16.94595251255681
744,2.0,0.1560167474131654,0.05,29.939108947542714,-5.0,NACA4412,True,0.0,-32.97570418916073,-0.4729863649733428,0.01303641071597046,0.4729863649733428,0.01303641071597046,32.97570418916073,0.2060167474131654,19.415897252168648
745,1.9945314597435675,0.1508448702821871,0.051075814356491556,30.0,-1.7617182821509174,NACA4412,True,0.0,-37.70130642925568,-0.6128899932064454,0.01581900875735644,0.6128899932064454,0.01581900875735644,37.70130642925568,0.20136857894240215,19.755593274781393
746,2.0,0.1500319076080155,0.08165463560045857,22.016087326464888,5.0,NACA4412,True,0.0,-35.0098655265491,-0.947742827366424,0.028567838915158916,0.947742827366424,0.028567838915158916,35.0098655265491,0.23168654320847407,17.264705772750712
747,2.0,0.15125104929803934,0.06254121477594245,27.559597752499894,-5.0,NACA4412,True,0.0,-32.526470400446534,-0.4810694375296903,0.013465469175788074,0.4810694375296903,0.013465469175788074,32.526470400446534,0.21379226407398177,18.70975087581195
748,2.0,0.15023641781363237,0.05597610174761781,15.963210698605838,5.0,NACA4412,True,0.0,-37.279669616722735,-0.9914278450136425,0.028012106115815283,0.9914278450136425,0.028012106115815283,37.279669616722735,0.20621251956125017,19.397464365939733
749,1.8722996051448155,0.15,0.05180594208310112,24.003220663002686,0.7991762032357836,NACA4412,True,0.0,-37.70175068566402,-0.7541062649363677,0.020412060697115365,0.7541062649363677,0.020412060697115365,37.70175068566402,0.18892059283903384,18.555445749697764
631,1.9959126343964095,0.15,0.05224131067602321,23.825059949149765,-3.1033114791833434,NACA0012,True,0.0,-17.14093960554522,-0.22146063045338474,0.00978630761050113,0.22146063045338474,0.00978630761050113,17.14093960554522,0.20182799358758208,19.737932153670876
750,1.9706598131837627,0.15,0.05052682034085698,24.084689647299832,-1.3403958781914456,NACA2412,True,0.0,-32.718162057677354,-0.48102371423715723,0.013263936716300134,0.48102371423715723,0.013263936716300134,32.718162057677354,0.19758507315562357,19.654825322957006
751,2.0,0.15,0.05,28.816958883214806,-2.368912994828389,NACA2412,True,0.0,-30.601859704426815,-0.4194514534596879,0.012009625406361421,0.4194514534596879,0.012009625406361421,30.601859704426815,0.2,20.0
752,1.983473565315394,0.15,0.05288115893675445,19.494582393361053,-1.5865586980740956,NACA2412,True,0.0,-32.26453146055532,-0.4834111657167865,0.013436547711599895,0.4834111657167865,0.013436547711599895,32.26453146055532,0.20120470782580174,19.55305830970451
753,1.9953470345134787,0.15,0.05858044454776824,23.23022943020452,-0.6376163269997948,NACA4412,True,0.0,-37.87806519308011,-0.695453204284607,0.018378007623609745,0.695453204284607,0.018378007623609745,37.87806519308011,0.20809518574294625,19.132637662554338
754,1.9968873740176865,0.15,0.05125393674533431,28.66562546732246,4.477105545632135,NACA4412,True,0.0,-38.97327966286884,-0.8923327454954944,0.023755043413818133,0.8923327454954944,0.023755043413818133,38.97327966286884,0.2009407226290561,19.844455281831703
755,2.0,0.15,0.06605320740461293,30.0,4.965675605114334,NACA4412,True,0.0,-37.308677036381845,-0.8968483206939171,0.02504855343999376,0.8968483206939171,0.02504855343999376,37.308677036381845,0.21605320740461292,18.513957964572185
616,1.9986159514208501,0.15,0.0533994313034279,30.0,-0.5328369901664909,NACA4412,True,0.0,-38.50684986019578,-0.6654598784711276,0.01714348867579964,0.6654598784711276,0.01714348867579964,38.50684986019578,0.20325867395648017,19.65212919832945
756,2.0,0.15,0.0965580243312185,27.992811248036993,0.15824063784215525,NACA4412,True,0.0,-35.062846676303735,-0.6935067088557173,0.020115985817207676,0.6935067088557173,0.020115985817207676,35.062846676303735,0.24655802433121848,16.223361664459652
757,1.9816893180560375,0.1562895873967403,0.05,24.100894156125563,-0.8376353822372502,NACA0012,True,0.0,-23.884651366383775,-0.32243998078268354,0.01091192526081551,0.32243998078268354,0.01091192526081551,23.884651366383775,0.20440093588515382,19.21269360285076
758,1.9959126343964095,0.15,0.05224131067602321,23.825059949149765,-2.863637235587044,NACA0012,True,0.0,-17.92417283860611,-0.23230028440822162,0.009879627035156597,0.23230028440822162,0.009879627035156597,17.92417283860611,0.20182799358758208,19.737932153670876
759,1.9989477506789348,0.15,0.050563194423572905,26.753352087001126,-5.0,NACA4412,True,0.0,-33.4902254125925,-0.4872222303289315,0.01323226010522034,0.4872222303289315,0.01323226010522034,33.4902254125925,0.20045767318099147,19.93334576091087
760,1.9280239335049345,0.15,0.05182113694732054,30.0,2.1349277346861113,NACA4412,True,0.0,-38.63080153287362,-0.7781492871787031,0.020607810209397056,0.7781492871787031,0.020607810209397056,38.63080153287362,0.19455799116080552,19.106263721110523
761,2.0,0.15,0.05075495816031493,18.636550660632928,3.7428011040619626,NACA4412,True,0.0,-38.62263515972285,-0.9225280067917491,0.024946381386733538,0.9225280067917491,0.024946381386733538,38.62263515972285,0.2007549581603149,19.92478809318253
762,2.0,0.1516030272439815,0.05,28.218012532906524,3.2668990772771336,NACA0012,True,0.0,-33.85360186435677,-0.4928555671763071,0.013325611125323709,0.4928555671763071,0.013325611125323709,33.85360186435677,0.2016030272439815,19.840971907426617
763,2.0,0.15,0.0889026059596383,27.84947122898717,0.5564490886651509,NACA4412,True,0.0,-35.734271262810715,-0.7139528591368659,0.02037522967748052,0.7139528591368659,0.02037522967748052,35.734271262810715,0.2389026059596383,16.7432246455938
764,1.9429203502585186,0.15,0.05,15.988102127900978,-4.720940270161753,NACA0012,True,0.0,-11.642202298933677,-0.1548163654597254,0.009495124346761521,0.1548163654597254,0.009495124346761521,11.642202298933677,0.19429203502585188,19.429203502585185
765,2.0,0.15170505448123492,0.0936336254700617,19.23204433861259,5.0,NACA4412,True,0.0,-33.54997092066304,-0.9568154264704668,0.030262221562011745,0.9568154264704668,0.030262221562011745,33.54997092066304,0.2453386799512966,16.303992508617313
766,1.9998832830796833,0.1619215643636407,0.051765563251149845,30.0,-2.260928295603406,NACA2412,True,0.0,-29.920749355913173,-0.41705856097615807,0.012245308010755877,0.41705856097615807,0.012245308010755877,29.920749355913173,0.21367465716306727,18.71786387324961
767,2.0,0.15014515811273335,0.05,7.917237891701424,-4.9585274636482755,NACA4412,True,0.0,-33.947713080958124,-0.5370232808943235,0.014495039622140821,0.5370232808943235,0.014495039622140821,33.947713080958124,0.20014515811273337,19.98549471652453
768,2.0,0.1513106983262573,0.05,30.0,5.0,NACA4412,True,0.0,-38.942685268944324,-0.9044356513321928,0.024108340311437198,0.9044356513321928,0.024108340311437198,38.942685268944324,0.2013106983262573,19.86978353985608
769,1.7499146976404625,0.20251760897662627,0.050414837893513746,28.294623946258426,-0.3567792687219109,NACA4412,True,0.0,-32.079135455929595,-0.6568975971807346,0.020914624192450434,0.6568975971807346,0.020914624192450434,32.079135455929595,0.22130510314411167,13.83701236669647
770,2.0,0.1500775805901034,0.052415020350430164,17.59244084040253,-1.272007576519572,NACA4412,True,0.0,-38.10974184109819,-0.6912927071115766,0.01804149462165566,0.6912927071115766,0.01804149462165566,38.10974184109819,0.20249260094053356,19.7538081955631
771,2.0,0.1564141762017856,0.05143416230888942,17.327047296501274,-2.9077176927617367,NACA4412,True,0.0,-36.2248759657138,-0.6136641498334,0.016351947798362975,0.6136641498334,0.016351947798362975,36.2248759657138,0.20784833851067502,19.244801419447292
772,1.9504582830674013,0.15183068300316363,0.05,30.0,-0.5916822408105369,NACA0012,True,0.0,-24.466438792684926,-0.31823388140863296,0.010687642113759907,0.31823388140863296,0.010687642113759907,24.466438792684926,0.19683116372033574,19.327668658157673
773,1.9917185945703386,0.1773766746386465,0.05680684106399573,27.383930760903027,-0.31984682460300484,NACA0012,True,0.0,-23.913744983801067,-0.33301968689457445,0.011407683352995975,0.33301968689457445,0.011407683352995975,23.913744983801067,0.2332138313834037,17.00989575286205
774,2.0,0.15,0.07774576905600078,27.386696580944314,-0.4429172881955461,NACA4412,True,0.0,-36.369849258189916,-0.676890439045795,0.01869141209497018,0.676890439045795,0.01869141209497018,36.369849258189916,0.22774576905600077,17.563443731929148
775,2.0,0.1536797263744872,0.05042300613795679,25.756664505516227,-1.4301920009534816,NACA0012,True,0.0,-22.310199781375868,-0.29278128091503564,0.010457133514971415,0.29278128091503564,0.010457133514971415,22.310199781375868,0.20410273251244399,19.597973778994472
642,2.0,0.15,0.05,30.0,4.965675605114334,NACA4412,True,0.0,-39.10979000443356,-0.9035045169826331,0.023968528727763668,0.9035045169826331,0.023968528727763668,39.10979000443356,0.2,20.0
776,2.0,0.15,0.05,14.280092820906933,-3.8970226649781203,NACA4412,True,0.0,-35.64831258626369,-0.5772964363702988,0.015257827057679455,0.5772964363702988,0.015257827057679455,35.64831258626369,0.2,20.0
777,1.9320066950788928,0.15503960651856408,0.050478619815938784,27.233947608397422,0.46404361683242823,NACA4412,True,0.0,-37.99933540935212,-0.722295962979303,0.019227026480583418,0.722295962979303,0.019227026480583418,37.99933540935212,0.19853129461949937,18.80131732875454
778,1.9372187889889498,0.15,0.05621799997173555,24.008540335513132,-0.18790578323597762,NACA4412,True,0.0,-37.71827683199481,-0.710683816135694,0.018984999125349043,0.710683816135694,0.018984999125349043,37.71827683199481,0.1997446920864844,18.788066892846086
779,1.9990251635227718,0.15,0.050280117148447,26.475843446856,4.449043021731889,NACA2412,True,0.0,-39.204047165013144,-0.7302787022715096,0.01878219258139113,0.7302787022715096,0.01878219258139113,39.204047165013144,0.20018249696651708,19.962292732644055
780,2.0,0.15,0.07914153240676029,19.664127694337214,-2.6276287997507026,NACA4412,True,0.0,-34.79651146796553,-0.6126935784156137,0.017174543562193393,0.6126935784156137,0.017174543562193393,34.79651146796553,0.22914153240676027,17.45646002270512
781,2.0,0.15,0.05,28.948227087162977,1.7548473794108035,NACA4412,True,0.0,-39.5586048467736,-0.7723705896188057,0.01988183264414165,0.7723705896188057,0.01988183264414165,39.5586048467736,0.2,20.0
782,1.999921365124173,0.15,0.06157468397030778,27.04799524976505,0.3858546005257597,NACA4412,True,0.0,-38.085568838173685,-0.7203392764435205,0.01911175605684869,0.7203392764435205,0.01911175605684869,38.085568838173685,0.2115663653958067,18.905110267397024
783,1.943928388473277,0.15,0.05,21.48959130769754,-4.74539904941736,NACA0012,True,0.0,-11.530318201595035,-0.14923979419579544,0.009357339538017047,0.14923979419579544,0.009357339538017047,11.530318201595035,0.19439283884732772,19.439283884732767
784,2.0,0.1733237037043775,0.05,27.384900599913145,-2.697909448584058,NACA0012,True,0.0,-17.612389654884115,-0.23117509584149246,0.010013178103558952,0.23117509584149246,0.010013178103558952,17.612389654884115,0.22332370370437749,17.911220052551876
785,1.9998801273973783,0.16612668596396354,0.06440255425119394,23.751764286179284,4.225245802535895,NACA2412,True,0.0,-36.251596077625145,-0.7243795516178358,0.02036098529586668,0.7243795516178358,0.02036098529586668,36.251596077625145,0.23051542314515497,17.35033807885586
786,1.9999049169270782,0.15004171506701425,0.05,19.77277205872177,0.27607372665490804,NACA4412,True,0.0,-39.04934220261109,-0.7560902775282127,0.019631245309610763,0.7560902775282127,0.019631245309610763,39.04934220261109,0.20003220477652367,19.99487873073981
787,1.8218860999773823,0.15,0.05,28.78736246607955,1.8776223675135073,NACA4412,True,0.0,-37.56212607837144,-0.7717514132153523,0.021076660047237697,0.7717514132153523,0.021076660047237697,37.56212607837144,0.18218860999773823,18.21886099977382
788,2.0,0.15637797879397733,0.05,29.129871503025793,-3.359194607310992,NACA4412,True,0.0,-35.603554108848265,-0.5473960625551347,0.014535342745882368,0.5473960625551347,0.014535342745882368,35.603554108848265,0.20637797879397735,19.381912854147647
789,2.0,0.15,0.05,30.0,-5.0,NACA4412,True,0.0,-33.40477871539382,-0.47403908531259403,0.012891206920228908,0.47403908531259403,0.012891206920228908,33.40477871539382,0.2,20.0
790,1.983194649631706,0.15182850995139546,0.05571046454405914,26.001781355533073,-1.5491248254794125,NACA0012,True,0.0,-21.703438594619985,-0.28623353037593785,0.010451368177128205,0.28623353037593785,0.010451368177128205,21.703438594619985,0.20579509190471834,19.11153945376309
791,1.9900116582022114,0.15596506333778742,0.05257625397443419,18.56547179531141,-0.9553634777314577,NACA4412,True,0.0,-37.624669079994824,-0.7001579716114142,0.018632235805879183,0.7001579716114142,0.018632235805879183,37.624669079994824,0.20749982633408384,19.085058863638302
792,2.0,0.15007964469497834,0.05,25.858056895478384,-0.18806538277493434,NACA4412,True,0.0,-38.988523132345435,-0.7054654188850747,0.01811325882240718,0.7054654188850747,0.01811325882240718,38.988523132345435,0.20007964469497835,19.992038700878364
793,1.9924767424582956,0.15,0.05612595721938334,30.0,-0.16927738110265012,NACA2412,True,0.0,-34.34161087001234,-0.5082164061313454,0.013728206790581563,0.5082164061313454,0.013728206790581563,34.34161087001234,0.20535058788828747,19.332613605162486
794,1.9851051002361688,0.15,0.05,28.316809362802974,-0.11330397254973906,NACA0012,True,0.0,-26.14444998375821,-0.3447201076347582,0.010979445454032887,0.3447201076347582,0.010979445454032887,26.14444998375821,0.1985105100236169,19.85105100236169
795,2.0,0.1503130367033535,0.05,16.08163256815918,3.306581371205414,NACA4412,True,0.0,-38.69843391197819,-0.9137244852654942,0.02464929654406357,0.9137244852654942,0.02464929654406357,38.69843391197819,0.2003130367033535,19.968745249085604
796,1.8613892722979049,0.15611612999263455,0.05,20.931345581115828,-3.65437443812624,NACA4412,True,0.0,-34.218516333859974,-0.5636685831025784,0.01563165279795117,0.5636685831025784,0.01563165279795117,34.218516333859974,0.1918311766079252,18.061558523968216
797,2.0,0.15,0.05272696329191043,28.421535734789583,0.3818092992531654,NACA2412,True,0.0,-35.557136292530714,-0.5404033231965353,0.014285216457029003,0.5404033231965353,0.014285216457029003,35.557136292530714,0.20272696329191042,19.73097182065675
798,1.9387832434012333,0.15260812232368895,0.05,30.0,-4.734663834644845,NACA4412,True,0.0,-33.241039501746144,-0.48346075445558073,0.013311156367845208,0.48346075445558073,0.013311156367845208,33.241039501746144,0.19640661626907777,19.138257846383986
799,1.9800203563263479,0.1741673236700285,0.05,30.0,-3.8444031828588185,NACA2412,True,0.0,-25.477936261434422,-0.34721844140224745,0.01139510382443938,0.34721844140224745,0.01139510382443938,25.477936261434422,0.2219279320449268,17.66555735162287
800,1.9650110903327145,0.15,0.05052432122905134,22.50698783783815,-2.0842548968342736,NACA0012,True,0.0,-20.371904888544012,-0.2697432827104774,0.01028530532804375,0.2697432827104774,0.01028530532804375,20.371904888544012,0.19701625754826282,19.59873075035279
801,1.991587296845289,0.1500943336749313,0.05208615053715821,14.115179187156388,5.0,NACA4412,True,0.0,-37.54945691185182,-1.0007728790671082,0.028079481706836773,1.0007728790671082,0.028079481706836773,37.54945691185182,0.20133004201341348,19.70108346121174
802,2.0,0.15,0.05,15.121937451762133,-3.8970226649781203,NACA4412,True,0.0,-35.63988832023156,-0.5753017932647587,0.01520224132465859,0.5753017932647587,0.01520224132465859,35.63988832023156,0.2,20.0
803,1.982469410872366,0.15075918772932595,0.05,30.0,-3.5503098150995607,NACA0012,True,0.0,-15.54717511742147,-0.19153257963108639,0.00939453470084208,0.19153257963108639,0.00939453470084208,15.54717511742147,0.19899947431248577,19.74972536295808
804,1.915734857483979,0.15,0.05036448383431645,16.67583108783069,-4.388774957292608,NACA0012,True,0.0,-12.685785692911066,-0.16967979055625568,0.009608530931564519,0.16967979055625568,0.009608530931564519,12.685785692911066,0.1919226129415926,19.12249936538774
805,1.9947265296723304,0.15,0.05225766655747149,23.537512093859373,-2.8947614320596076,NACA0012,True,0.0,-17.822068139346943,-0.2313358940535132,0.009879316060697365,0.2313358940535132,0.009879316060697365,17.822068139346943,0.20172436665590424,19.724607364690712
806,2.0,0.15,0.05097694928658161,21.097708823096845,2.5129246947371247,NACA4412,True,0.0,-39.0550124065858,-0.8529622086997092,0.022593348426034363,0.8529622086997092,0.022593348426034363,39.0550124065858,0.2009769492865816,19.902779966553425
807,2.0,0.15,0.05,24.316581787347253,2.0152342519816826,NACA4412,True,0.0,-39.364495020084114,-0.813000864479181,0.021203100277444275,0.813000864479181,0.021203100277444275,39.364495020084114,0.2,20.0
808,1.928007720951489,0.1516998225294227,0.05097419548355432,30.0,-0.5833425818177661,NACA0012,True,0.0,-24.324434035382524,-0.31811058732461167,0.010736771139191725,0.31811058732461167,0.010736771139191725,24.324434035382524,0.19537853578264042,19.025701862071344
809,1.992366109638951,0.15,0.05,27.16604866614129,2.303017351482797,NACA4412,True,0.0,-39.399457587093174,-0.8079739886145555,0.021033134452686706,0.8079739886145555,0.021033134452686706,39.399457587093174,0.1992366109638951,19.923661096389512
810,2.0,0.15380303172656054,0.052276725296671406,26.98836686419075,0.2695304405215122,NACA0012,True,0.0,-26.957336511460102,-0.3646578008656451,0.011366212948234186,0.3646578008656451,0.011366212948234186,26.957336511460102,0.20607975702323195,19.409960773338202
811,1.9802200859517718,0.15,0.05,17.473670434171737,-2.05978457360679,NACA4412,True,0.0,-37.572832278344514,-0.6548647558357574,0.017090620109430434,0.6548647558357574,0.017090620109430434,37.572832278344514,0.19802200859517718,19.80220085951772
812,1.9888858542413974,0.15,0.06066594544487665,30.0,4.56870452207625,NACA2412,True,0.0,-38.18210756550377,-0.7101311821467927,0.01875588905330146,0.7101311821467927,0.01875588905330146,38.18210756550377,0.20949525943285258,18.881892372697834
813,2.0,0.15,0.05,14.371697671766121,-2.070115705739759,NACA4412,True,0.0,-37.753001698627024,-0.6641940604527771,0.01727650044802219,0.6641940604527771,0.01727650044802219,37.753001698627024,0.2,20.0
814,1.9751503802270236,0.15,0.05,28.4780209671956,0.11608666414133029,NACA0012,True,0.0,-26.700250638745455,-0.35408982274840833,0.011116918217175439,0.35408982274840833,0.011116918217175439,26.700250638745455,0.19751503802270237,19.751503802270236
815,1.9887324149194587,0.15,0.058196448940057446,10.791542182154991,5.0,NACA2412,True,0.0,-37.97722480662614,-0.8168219312682373,0.02220917890006269,0.8168219312682373,0.02220917890006269,37.97722480662614,0.20702351333910812,19.104383624641372
816,1.9998895654753153,0.15,0.053247582493095476,25.676555670086405,1.5426557083861412,NACA2412,True,0.0,-37.02141870596458,-0.6041346424137585,0.015760983980814717,0.6041346424137585,0.015760983980814717,37.02141870596458,0.2032363597180125,19.67934418647517
817,2.0,0.1500964806648896,0.05335367827783859,16.067851553453444,1.0814515688612993,NACA4412,True,0.0,-38.714535177324926,-0.8071801121746581,0.021424672077627226,0.8071801121746581,0.021424672077627226,38.714535177324926,0.20345015894272817,19.66083497199927
818,1.9902860323321157,0.15,0.052159776842277024,25.57595210446201,-2.312286492470074,NACA0012,True,0.0,-19.63906532801908,-0.25393418903549125,0.010043843175232511,0.25393418903549125,0.010043843175232511,19.63906532801908,0.20117789007428072,19.690227832858326
819,1.9998586487484815,0.15,0.051096825776671476,30.0,-4.402516246430843,NACA0012,True,0.0,-12.720013496984393,-0.15495203551286188,0.009142431121139922,0.15495203551286188,0.009142431121139922,12.720013496984393,0.20108261313267153,19.889509852029477
820,1.997330469037209,0.15,0.05,28.99508374869083,4.23932336475552,NACA2412,True,0.0,-39.18962240208257,-0.7060643254550606,0.018059194469363233,0.7060643254550606,0.018059194469363233,39.18962240208257,0.1997330469037209,19.97330469037209
821,1.9985397554130435,0.16226193620580137,0.05018756585729322,26.545590248836376,2.145577976820806,NACA4412,True,0.0,-38.12333487821059,-0.800497215785203,0.021607274290841808,0.800497215785203,0.021607274290841808,38.12333487821059,0.21229438794539998,18.81425690345468
822,1.9847619680225796,0.15,0.05,30.0,3.605523462437654,NACA2412,True,0.0,-38.77704457052449,-0.6720345667677066,0.017214227896832652,0.6720345667677066,0.017214227896832652,38.77704457052449,0.19847619680225798,19.847619680225797
823,2.0,0.15,0.051954987865688786,20.693618235155057,2.126855325542644,NACA4412,True,0.0,-38.98274214913129,-0.8367965395991467,0.022158448301804357,0.8367965395991467,0.022158448301804357,38.98274214913129,0.20195498786568877,19.8063937032356
824,1.9555947980677595,0.16802304339751675,0.05,21.217287158840122,-0.7061423119475008,NACA2412,True,0.0,-32.55705815003544,-0.5143847148229471,0.014570915220985173,0.5143847148229471,0.014570915220985173,32.55705815003544,0.21318236476354258,17.939340425609647
608,2.0,0.15,0.05,26.541375806926446,2.0152342519816826,NACA4412,True,0.0,-39.4635062391747,-0.7995431571607273,0.020743346990888655,0.7995431571607273,0.020743346990888655,39.4635062391747,0.2,20.0
825,1.9802745853142414,0.15102793609717427,0.05161425814836611,28.32868758210808,-2.0636565127371567,NACA0012,True,0.0,-20.28435811895582,-0.2590619336753841,0.01004282696390337,0.2590619336753841,0.01004282696390337,20.28435811895582,0.2006435935883777,19.544543451940264
826,1.9999110139998257,0.18392207843016145,0.05,27.528721239929574,-2.6538673770978503,NACA0012,True,0.0,-17.37391313862544,-0.23167493771631653,0.01013029850924812,0.23167493771631653,0.01013029850924812,17.37391313862544,0.23391167053510548,17.098950448979604
827,2.0,0.15,0.05238500168549293,23.608318244706403,2.3127716516550887,NACA4412,True,0.0,-39.04538060326871,-0.8295755387059357,0.021898497278247372,0.8295755387059357,0.021898497278247372,39.04538060326871,0.20238500168549292,19.76431043154085
828,2.0,0.15,0.05129213278992982,22.23523738867498,5.0,NACA0012,True,0.0,-36.63270637729972,-0.5946268213527564,0.015545507793405211,0.5946268213527564,0.015545507793405211,36.63270637729972,0.2012921327899298,19.87161616581625
829,2.0,0.1806121910806497,0.05,14.188731555079835,-0.011219726271001144,NACA4412,True,0.0,-35.984905922411194,-0.7511503043228958,0.021414809760442573,0.7511503043228958,0.021414809760442573,35.984905922411194,0.23061219108064968,17.345136791147006
830,1.99993733762644,0.15,0.0530753551409717,24.690498009313743,1.7965240271439147,NACA4412,True,0.0,-39.04976387661438,-0.7997856364426266,0.020999912061134034,0.7997856364426266,0.020999912061134034,39.04976387661438,0.20306899254908936,19.69650464221141
831,2.0,0.15,0.058132123526179205,12.667940063784153,5.0,NACA4412,True,0.0,-36.89070170669178,-1.0035500392229704,0.028722660654541116,1.0035500392229704,0.028722660654541116,36.89070170669178,0.2081321235261792,19.21856142258056
832,1.9999248621460224,0.15,0.056859841893923804,30.0,1.3341451521511483,NACA0012,True,0.0,-29.425894868559112,-0.4009768431077017,0.011838784995529199,0.4009768431077017,0.011838784995529199,29.425894868559112,0.20685207039162679,19.336037810292527
833,2.0,0.15,0.05,20.671174488775307,3.365437486215004,NACA4412,True,0.0,-38.94655388546952,-0.8949592540921033,0.02390336204991897,0.8949592540921033,0.02390336204991897,38.94655388546952,0.2,20.0
834,2.0,0.15,0.05159714759873164,24.00778203432646,4.621369956767399,NACA4412,True,0.0,-38.53868173572759,-0.9319239602880973,0.025236056566552357,0.9319239602880973,0.025236056566552357,38.53868173572759,0.20159714759873162,19.84155057571443
835,1.9496735688129005,0.15,0.05317441740940011,9.69541903047968,2.1397347116884426,NACA4412,True,0.0,-37.91103947776489,-0.874708944406066,0.024064971143610853,0.874708944406066,0.024064971143610853,37.91103947776489,0.19806189574103353,19.19211674060591
836,1.9412376572961665,0.15023996231070594,0.05,27.731829435940135,2.295941557022251,NACA0012,True,0.0,-31.670368585581244,-0.45122458844758406,0.01271517080697912,0.45122458844758406,0.01271517080697912,31.670368585581244,0.19435667766655376,19.389113290822635
837,2.0,0.15196720548833614,0.05,30.0,-5.0,NACA0012,True,0.0,-10.642072293106324,-0.12916591258103027,0.009010989090176209,0.12916591258103027,0.009010989090176209,10.642072293106324,0.20196720548833613,19.805195553052325
838,2.0,0.15003226059428712,0.05704743295226314,29.783981002158303,0.0841432561380227,NACA0012,True,0.0,-26.30873325498938,-0.3479265994625633,0.011079004791827598,0.3479265994625633,0.011079004791827598,26.30873325498938,0.20707969354655026,19.31623488278354
839,1.928498093486542,0.15,0.05183870531345632,30.0,-0.772681303328624,NACA0012,True,0.0,-23.840016916770818,-0.31012083794081674,0.010624236981052233,0.31012083794081674,0.010624236981052233,23.840016916770818,0.19462277919439624,19.109299086035822
840,1.9708061287170882,0.15,0.05,23.899420263096133,-1.8632310043759375,NACA0012,True,0.0,-21.08595415834642,-0.27736031686607726,0.010317854058707934,0.27736031686607726,0.010317854058707934,21.08595415834642,0.19708061287170883,19.708061287170878
841,2.0,0.15397853013913335,0.05016659161921987,28.02934794510727,2.9683887279072887,NACA4412,True,0.0,-39.00510824104673,-0.8300782829566509,0.021930487072859953,0.8300782829566509,0.021930487072859953,39.00510824104673,0.20414512175835323,19.593904402647464
842,1.9997940765638291,0.15,0.053339221344525914,12.933708736521963,0.647092604637463,NACA4412,True,0.0,-38.62876706982539,-0.7967315720200242,0.021146088939589042,0.7967315720200242,0.021146088939589042,38.62876706982539,0.20331828518894213,19.669536091863918
843,2.0,0.15954698425025737,0.05,20.350767079226536,3.4872349453488134,NACA4412,True,0.0,-37.816736134040404,-0.8980280380835804,0.024798490250094857,0.8980280380835804,0.024798490250094857,37.816736134040404,0.20954698425025736,19.08879774295815
844,1.9292592949081258,0.15,0.05304749117089825,9.828047021054502,2.165252528285917,NACA0012,True,0.0,-31.461679544027973,-0.48947554698952045,0.013870891032303712,0.48947554698952045,0.013870891032303712,31.461679544027973,0.1958656298246155,19.003035041534527
845,2.0,0.15,0.05,30.0,0.3123806663370096,NACA2412,True,0.0,-35.61790203642357,-0.5305954244628057,0.0139550818832136,0.5305954244628057,0.0139550818832136,35.61790203642357,0.2,20.0
846,2.0,0.15,0.05251783483897846,16.032759402418815,3.6386550921400707,NACA4412,True,0.0,-38.32380022082635,-0.9286058224953089,0.02535791278309962,0.9286058224953089,0.02535791278309962,38.32380022082635,0.20251783483897845,19.751346853872857
847,1.9406578618784416,0.15,0.05,13.47367441184005,2.0156740674773035,NACA4412,True,0.0,-38.2829286948048,-0.8593127515615836,0.023322160965342176,0.8593127515615836,0.023322160965342176,38.2829286948048,0.19406578618784417,19.406578618784415
848,1.9382352404795382,0.15,0.05,29.200864396094182,0.03885374257253105,NACA4412,True,0.0,-38.50904304063594,-0.6941121754020809,0.018052517627077363,0.6941121754020809,0.018052517627077363,38.50904304063594,0.19382352404795383,19.38235240479538
849,1.962009981274491,0.15,0.05,26.540072845371995,2.288706916631956,NACA2412,True,0.0,-37.66057340668218,-0.6329936400401275,0.016445863467399065,0.6329936400401275,0.016445863467399065,37.66057340668218,0.19620099812744912,19.62009981274491
850,2.0,0.1978534667475663,0.05,30.0,5.0,NACA4412,True,0.0,-34.245923156228,-0.8853954423447125,0.027150249916891217,0.8853954423447125,0.027150249916891217,34.245923156228,0.2478534667475663,16.13856789049442
851,1.9987750763451633,0.1789407820803029,0.05216813979983001,30.0,0.11340043676723488,NACA0012,True,0.0,-25.13551358431746,-0.34466299231789904,0.011438800067502941,0.34466299231789904,0.011438800067502941,25.13551358431746,0.2309673764875055,17.297255857407784
852,1.98988193891319,0.15,0.05,22.510839060362045,-5.0,NACA0012,True,0.0,-10.756176041142586,-0.136995378237486,0.009227606416768881,0.136995378237486,0.009227606416768881,10.756176041142586,0.19898819389131903,19.898819389131898
853,2.0,0.15,0.05091277722252461,19.39409372369313,2.072341317188551,NACA4412,True,0.0,-39.05168076160762,-0.840951272255576,0.022239828847612966,0.840951272255576,0.022239828847612966,39.05168076160762,0.2009127772225246,19.909136966285264
854,1.9681859269972615,0.15324764519243644,0.05,30.0,1.644741889441212,NACA2412,True,0.0,-36.76869090670705,-0.5862421630220092,0.01536820661137898,0.5862421630220092,0.01536820661137898,36.76869090670705,0.200014577481543,19.367367578933255
855,1.9494647668137652,0.15,0.05452344324916001,24.09306609755203,3.068510383370384,NACA2412,True,0.0,-37.66290404244736,-0.6778677514176592,0.017922649455831444,0.6778677514176592,0.017922649455831444,37.66290404244736,0.19935562330083603,19.06348471200767
856,2.0,0.15,0.05401597568313507,24.534807746799032,1.1343971933318477,NACA4412,True,0.0,-38.91263693425546,-0.7705469407840305,0.02018864027941527,0.7705469407840305,0.02018864027941527,38.91263693425546,0.20401597568313506,19.606307724707555
857,1.9877363806990915,0.1507533295026258,0.05,29.115570510135758,5.0,NACA4412,True,0.0,-38.77973072251933,-0.9113532934939639,0.024426072839075344,0.9113532934939639,0.024426072839075344,38.77973072251933,0.19952234829942078,19.802773738535606
858,2.0,0.15001437917270707,0.05,29.415186373786515,-0.7728767334702465,NACA2412,True,0.0,-33.85064103940059,-0.4863868324776723,0.013129426193205786,0.4863868324776723,0.013129426193205786,33.85064103940059,0.2000143791727071,19.998562186102163
859,2.0,0.15,0.054591106894932455,25.049577539221414,0.5805639776902556,NACA4412,True,0.0,-38.77437123898719,-0.7426501973403759,0.019403475376450877,0.7426501973403759,0.019403475376450877,38.77437123898719,0.20459110689493246,19.551191939414043
860,2.0,0.15,0.05,29.725590122740357,0.8170139669499115,NACA4412,True,0.0,-39.421996242461525,-0.7265308186527092,0.018574543921900142,0.7265308186527092,0.018574543921900142,39.421996242461525,0.2,20.0
861,2.0,0.1516452813058973,0.05514756048338028,27.65947580431225,-1.9185440051164881,NACA4412,True,0.0,-37.210852997883556,-0.6173533234623324,0.016166303469285038,0.6173533234623324,0.016166303469285038,37.210852997883556,0.2067928417892776,19.343029310830836
862,1.9917311388019872,0.1527111572002184,0.05081083038100474,23.7352595385838,1.486548250199645,NACA2412,True,0.0,-36.891627348409514,-0.6098241019081744,0.015984347267133717,0.6098241019081744,0.015984347267133717,36.891627348409514,0.20268054004819672,19.572638440425134
863,1.956282797926596,0.15,0.05,8.630383252981373,3.336082444052076,NACA4412,True,0.0,-37.94835034049415,-0.9368139259385565,0.02591704071159806,0.9368139259385565,0.02591704071159806,37.94835034049415,0.19562827979265962,19.562827979265958
864,1.9346368442933275,0.15,0.05,23.168399782525178,3.2000667522891333,NACA4412,True,0.0,-38.37278686805095,-0.870522781455807,0.02356646956997054,0.870522781455807,0.02356646956997054,38.37278686805095,0.19346368442933276,19.346368442933276
865,2.0,0.1500311890986674,0.05432302542371047,27.758657509104328,0.6390580987824246,NACA2412,True,0.0,-35.80357325004542,-0.5542969416924419,0.014648135837709029,0.5542969416924419,0.014648135837709029,35.80357325004542,0.20435421452237787,19.57385615632595
866,2.0,0.15593855009257446,0.05,29.090594990583423,-3.9371227056837013,NACA4412,True,0.0,-34.810726090923374,-0.5226565646170241,0.014011026573015263,0.5226565646170241,0.014011026573015263,34.810726090923374,0.20593855009257445,19.42326969963565
867,1.9889618363446429,0.15103214151679853,0.05,29.644913735503806,0.7199248602653601,NACA4412,True,0.0,-39.17179363040729,-0.7221431955393048,0.018575596910606586,0.7221431955393048,0.018575596910606586,39.17179363040729,0.19992262867777388,19.787500857701822
868,2.0,0.15,0.0880773729058762,14.189761458639806,4.089354678803043,NACA2412,True,0.0,-35.369669511110935,-0.7530389448793247,0.02192255702000567,0.7530389448793247,0.02192255702000567,35.369669511110935,0.2380773729058762,16.801260662353656
847,1.9406578618784416,0.15,0.05,13.47367441184005,2.0156740674773035,NACA4412,True,0.0,-38.2829286948048,-0.8593127515615836,0.023322160965342176,0.8593127515615836,0.023322160965342176,38.2829286948048,0.19406578618784417,19.406578618784415
869,1.9910962540683879,0.15242192003659918,0.05093494875211917,26.006303938426765,4.626098759071157,NACA0012,True,0.0,-35.83831323136085,-0.5615615475273359,0.014844662458641257,0.5615615475273359,0.014844662458641257,35.83831323136085,0.2024515498421469,19.582286705418117
870,1.904502900797286,0.15,0.051363924752767166,30.0,-2.647515871074037,NACA2412,True,0.0,-29.189780179576307,-0.4009159718649893,0.011934239200848934,0.4009159718649893,0.011934239200848934,29.189780179576307,0.19174908940378574,18.916028808393733
871,2.0,0.15092524894169307,0.05,29.572950110296897,-3.4927777398896227,NACA0012,True,0.0,-15.802275671126258,-0.19490598053257924,0.009415402380264984,0.19490598053257924,0.009415402380264984,15.802275671126258,0.20092524894169306,19.907901177520845
872,1.999769420204204,0.15,0.050392708388284246,22.893749817529084,3.610819916160958,NACA4412,True,0.0,-38.956631748907505,-0.8935383298697301,0.02384259634650354,0.8935383298697301,0.02384259634650354,38.956631748907505,0.20036960513339466,19.95850484069927
873,2.0,0.15,0.051733184270397546,10.99726796374695,4.467413815155659,NACA4412,True,0.0,-37.836892151214265,-0.9867042030250343,0.02746026619792702,0.9867042030250343,0.02746026619792702,37.836892151214265,0.20173318427039755,19.828170632742857
874,1.9412376572961665,0.15658315771400047,0.05,28.970398989932804,2.295941557022251,NACA0012,True,0.0,-31.189528496899314,-0.44514043855153257,0.012737474095327677,0.44514043855153257,0.012737474095327677,31.189528496899314,0.2005135025587854,18.7937649784952
875,1.983998444059063,0.22346667698648648,0.056304814172051854,13.984044205102961,1.913331616499671,NACA0012,True,0.0,-26.868066142021064,-0.4543134806037385,0.01501577555596538,0.4543134806037385,0.01501577555596538,26.868066142021064,0.27753310157531197,14.182992240154942
876,2.0,0.15004063967994852,0.062491658604166514,15.027802003154063,1.1370502222284042,NACA0012,True,0.0,-28.991405269712384,-0.4317320925312424,0.012804129306916224,0.4317320925312424,0.012804129306916224,28.991405269712384,0.21253229828411502,18.820668822076
877,1.9222053791462146,0.15,0.052439985639516115,25.559729302579065,0.08754228511997852,NACA0012,True,0.0,-26.267168657731272,-0.3598308700500011,0.011418778232058958,0.3598308700500011,0.011418778232058958,26.267168657731272,0.19456561467528014,18.990372609184792
878,1.9521780942317104,0.15211320938711392,0.05,22.302257105796897,-0.9100079549371636,NACA0012,True,0.0,-23.771723217183396,-0.3232448051109848,0.01094477533053626,0.3232448051109848,0.01094477533053626,23.771723217183396,0.19728048996019534,19.317669539279258
879,1.9998128407302254,0.15,0.053250090373275445,25.878854574105823,1.514971851978386,NACA4412,True,0.0,-39.0707933115001,-0.7801329994724181,0.020392732395956535,0.7801329994724181,0.020392732395956535,39.0707933115001,0.20323107030402748,19.678346386537925
720,2.0,0.15,0.05,27.84947122898717,0.5564490886651509,NACA4412,True,0.0,-39.30469900344678,-0.727037496219626,0.018637782889745547,0.727037496219626,0.018637782889745547,39.30469900344678,0.2,20.0
880,2.0,0.15,0.05,21.930847268375636,-4.736495168401672,NACA4412,True,0.0,-34.1652848816153,-0.5165284081644702,0.01387570765912391,0.5165284081644702,0.01387570765912391,34.1652848816153,0.2,20.0
881,1.9946491685573804,0.15,0.05220235324195777,18.645693979409426,0.8100604589827585,NACA4412,True,0.0,-38.837463007121094,-0.7846682328589244,0.02065131808295976,0.7846682328589244,0.02065131808295976,38.837463007121094,0.2016613778872084,19.72923792999144
882,2.0,0.15650595258225103,0.05,30.0,-2.513887794863271,NACA4412,True,0.0,-36.60035946758094,-0.5794339036503223,0.015213743276789775,0.5794339036503223,0.015213743276789775,36.60035946758094,0.20650595258225102,19.369901690397064
883,1.9998751323471096,0.15003539342170474,0.070126633830954,28.850658284741527,-0.4166353741710775,NACA2412,True,0.0,-33.04000976750933,-0.49962025317860176,0.01398163365524204,0.49962025317860176,0.01398163365524204,33.04000976750933,0.22014828169485942,18.167303029527847
884,2.0,0.15000004111953436,0.052326087291075046,21.478289406126994,1.397571791759898,NACA0012,True,0.0,-30.15526008436345,-0.4316870891328926,0.01243526141936222,0.4316870891328926,0.01243526141936222,30.15526008436345,0.2023261284106094,19.77006149142649
885,1.9851040685992931,0.15,0.05312974217786079,21.377640254681605,2.108013734267671,NACA0012,True,0.0,-31.58541407085885,-0.4640775246002195,0.013049587102386004,0.4640775246002195,0.013049587102386004,31.58541407085885,0.20161683882539844,19.545183756115165
886,1.9999051309417135,0.15,0.05348100063024186,27.648923599085304,1.173630839320997,NACA0012,True,0.0,-29.355604991180197,-0.40284727260500613,0.011859176795839615,0.40284727260500613,0.011859176795839615,29.355604991180197,0.20347134860478736,19.656922511167195
887,2.0,0.15,0.05,27.503049297819146,1.7676949706434069,NACA0012,True,0.0,-30.96780460642815,-0.43015895055479475,0.012214048552908521,0.43015895055479475,0.012214048552908521,30.96780460642815,0.2,20.0
888,1.868199868176226,0.15023996231070594,0.05,27.731829435940135,2.295941557022251,NACA0012,True,0.0,-31.136645752148905,-0.4495199752491393,0.012887570761374036,0.4495199752491393,0.012887570761374036,31.136645752148905,0.18704413559623667,18.659610665301663
889,2.0,0.15,0.050804419731064455,29.508229932697585,-4.525788566769171,NACA0012,True,0.0,-12.315599388745516,-0.15033111679910638,0.009126678506391235,0.15033111679910638,0.009126678506391235,12.315599388745516,0.20080441973106444,19.91988027632641
890,2.0,0.15,0.05,12.809107818902657,3.4368762009194467,NACA4412,True,0.0,-38.55544975469834,-0.9322741280297903,0.025311691135132486,0.9322741280297903,0.025311691135132486,38.55544975469834,0.2,20.0
891,2.0,0.15011626875371278,0.05055274922719038,28.23778930510864,-0.6434811743468649,NACA2412,True,0.0,-34.08223262672899,-0.4969102980377653,0.013373457556341199,0.4969102980377653,0.013373457556341199,34.08223262672899,0.20066901798090317,19.933321248328745
892,2.0,0.15,0.053571780351458084,18.260592569570292,4.541659886571661,NACA4412,True,0.0,-37.94450211904458,-0.9603890345012488,0.026556018950254213,0.9603890345012488,0.026556018950254213,37.94450211904458,0.20357178035145806,19.649088852561828
893,1.999868868799671,0.15,0.05024739726786069,30.0,-4.609069448155869,NACA2412,True,0.0,-24.762794084863174,-0.31846981905182364,0.010586759381068364,0.31846981905182364,0.010586759381068364,24.762794084863174,0.20023426792707744,19.973981146177387
894,2.0,0.15003226059428712,0.05704743295226314,30.0,0.0841432561380227,NACA0012,True,0.0,-26.299738520980373,-0.3472452371216686,0.011063826763926594,0.3472452371216686,0.011063826763926594,26.299738520980373,0.20707969354655026,19.31623488278354
895,1.9462457231437051,0.15,0.05,25.74540317206676,0.720007983853029,NACA4412,True,0.0,-38.7286078918987,-0.7446792609385136,0.019498687585355994,0.7446792609385136,0.019498687585355994,38.7286078918987,0.19462457231437053,19.46245723143705
896,1.9860825523337078,0.16952540297369867,0.05,29.233719550356046,-3.1321861065715386,NACA0012,True,0.0,-16.30430176988759,-0.20917663770903674,0.009736111873625494,0.20917663770903674,0.009736111873625494,16.30430176988759,0.21799778632004457,18.09433009055139
897,1.8494197556098335,0.1566025322180095,0.05872427530097053,29.010787440850134,-3.084355140909291,NACA4412,True,0.0,-33.97865290326228,-0.553071132170731,0.015574083945837217,0.553071132170731,0.015574083945837217,33.97865290326228,0.19911482586899887,17.177793855944444
898,1.9880017306326214,0.15031654738889105,0.05164708187739207,26.547783571323496,-2.7318817371142154,NACA0012,True,0.0,-18.27857752549082,-0.2334414657673131,0.009830249716038813,0.2334414657673131,0.009830249716038813,18.27857752549082,0.200752022253108,19.68673010932577
899,2.0,0.1506730786048833,0.05,5.349245823388318,1.4169145941432593,NACA4412,True,0.0,-38.80049546133073,-0.8508327303959495,0.022713218545096118,0.8508327303959495,0.022713218545096118,38.80049546133073,0.20067307860488331,19.932917897152656
900,2.0,0.15178402958166004,0.05,23.715862167595255,-5.0,NACA4412,True,0.0,-33.50440284446197,-0.49808015405452083,0.013539154595682883,0.49808015405452083,0.013539154595682883,33.50440284446197,0.20178402958166003,19.823174352761345
901,1.9607805352571546,0.15030696301190924,0.05,30.0,-2.789417071359794,NACA2412,True,0.0,-29.292142835940567,-0.3961351352053588,0.011711241412365752,0.3961351352053588,0.011711241412365752,29.292142835940567,0.19637899707511325,19.57775711611759
902,2.0,0.15,0.054904028057705626,14.586702669801642,5.0,NACA4412,True,0.0,-37.355336794275196,-0.9979340107706746,0.028152358808950447,0.9979340107706746,0.028152358808950447,37.355336794275196,0.20490402805770563,19.521334148070085
903,2.0,0.15,0.052862568164034174,21.325942672099657,1.5094109687612978,NACA4412,True,0.0,-38.94435781413227,-0.8048547108141376,0.02121511453444319,0.8048547108141376,0.02121511453444319,38.94435781413227,0.20286256816403417,19.71778251750027
904,2.0,0.15,0.05257524934868412,22.477119119500617,2.066092446449516,NACA0012,True,0.0,-31.613507845284712,-0.4594195775989875,0.01288847415340944,0.4594195775989875,0.01288847415340944,31.613507845284712,0.20257524934868412,19.745748865474532
905,2.0,0.15,0.05075495816031493,18.636550660632928,3.7428011040619626,NACA0012,True,0.0,-34.97943500778229,-0.5487095189574388,0.01460970165815226,0.5487095189574388,0.01460970165815226,34.97943500778229,0.2007549581603149,19.92478809318253
906,2.0,0.15,0.052397793222446795,22.791843430002217,-1.5318585816600234,NACA0012,True,0.0,-22.151181977805503,-0.2946250071221479,0.010522247492069267,0.2946250071221479,0.010522247492069267,22.151181977805503,0.20239779322244678,19.76306132747095
907,2.0,0.15,0.05999232109314497,16.46641738626376,4.656895823143739,NACA4412,True,0.0,-37.054352588290804,-0.9711462822666527,0.027595429220021894,0.9711462822666527,0.027595429220021894,37.054352588290804,0.20999232109314497,19.048315572576318
908,2.0,0.15078983405640392,0.1093023188786886,25.461438901521763,2.083625648580221,NACA4412,True,0.0,-33.88963755870697,-0.7865860716335286,0.02423141837567538,0.7865860716335286,0.02423141837567538,33.88963755870697,0.2600921529350925,15.379164480207224
909,2.0,0.15,0.05,24.055617643499566,1.1140066532544797,NACA4412,True,0.0,-39.31979660854037,-0.7737578962771243,0.020043188831590262,0.7737578962771243,0.020043188831590262,39.31979660854037,0.2,20.0
910,1.9990106685326328,0.15,0.050287325192102356,30.0,-3.720579478615086,NACA2412,True,0.0,-27.19056945289179,-0.35673343996350426,0.011073401585408841,0.35673343996350426,0.011073401585408841,27.19056945289179,0.20018824991543868,19.961429577386525
911,2.0,0.15077471505115211,0.05,30.0,4.517201494678003,NACA0012,True,0.0,-35.85292364048639,-0.5392289331500989,0.014153793980816308,0.5392289331500989,0.014153793980816308,35.85292364048639,0.20077471505115213,19.9228274286476
912,1.9730859550761983,0.15,0.05284186660020105,17.151067336263512,5.0,NACA4412,True,0.0,-37.41938196421455,-0.9862683669566334,0.027735750320527625,0.9862683669566334,0.027735750320527625,37.41938196421455,0.20011221904514823,19.454425145526073
913,2.0,0.15339924741780295,0.05,24.430767463846287,-4.524404423177053,NACA4412,True,0.0,-34.20665766593241,-0.5166049786042934,0.0139285898518373,0.5166049786042934,0.0139285898518373,34.20665766593241,0.20339924741780296,19.665756146007702
914,2.0,0.15,0.05099760798642904,20.624849906056024,5.0,NACA4412,True,0.0,-38.19103835216389,-0.9702857001210358,0.0266298268025708,0.9702857001210358,0.0266298268025708,38.19103835216389,0.20099760798642904,19.90073434242099
915,1.954689569592289,0.15605818388545054,0.05014088092406157,27.045438710853432,3.626805368545503,NACA2412,True,0.0,-37.86772314437454,-0.6871805752060335,0.018156883896296532,0.6871805752060335,0.018156883896296532,37.86772314437454,0.20152758062141887,18.95924767067244
916,2.0,0.17177072641940191,0.05186278778743146,28.93399416065987,-1.3211172769713708,NACA4412,True,0.0,-36.25207723410622,-0.6316716700433088,0.01720815257963117,0.6316716700433088,0.01720815257963117,36.25207723410622,0.22363351420683336,17.886406758785242
917,2.0,0.15170950386313015,0.05477606114738127,29.507530406321806,-3.0533443970447367,NACA4412,True,0.0,-35.98087551418249,-0.5587391589113796,0.01477124302590116,0.5587391589113796,0.01477124302590116,35.98087551418249,0.2064855650105114,19.371814198229185
918,2.0,0.15,0.05966867366104433,14.704567904814681,2.9957152403804623,NACA4412,True,0.0,-37.69347929192886,-0.9000693034337752,0.02498250977530071,0.9000693034337752,0.02498250977530071,37.69347929192886,0.20966867366104433,19.0777188129997
919,1.999915058138979,0.15,0.06672019551212967,20.65280593338121,-4.623697903859458,NACA4412,True,0.0,-33.13772460868179,-0.521478804152048,0.014536821964719683,0.521478804152048,0.014536821964719683,33.13772460868179,0.21671099120376586,18.45619466531946
920,1.9772438170749402,0.15714382966072557,0.05,26.14692094023608,-4.236390930007406,NACA4412,True,0.0,-34.16772258996026,-0.5213269499090778,0.01417507196360531,0.5213269499090778,0.01417507196360531,34.16772258996026,0.20478692822094713,19.09054032952279
921,2.0,0.15054025716872438,0.050307727169638876,30.0,0.5129792120225795,NACA4412,True,0.0,-39.24721529645014,-0.7113390849879228,0.018203410572030024,0.7113390849879228,0.018203410572030024,39.24721529645014,0.20084798433836326,19.91555958690283
922,1.9985812560424248,0.15,0.05000909617054802,22.03659819650467,4.9707475559229435,NACA2412,True,0.0,-39.22479795485666,-0.7776740625235462,0.0202113117029655,0.7776740625235462,0.0202113117029655,39.22479795485666,0.19986721532222199,19.98490362996523
923,1.9289508646541291,0.15254397014807908,0.05,30.0,-0.8566464179191031,NACA0012,True,0.0,-23.56934045570206,-0.3064217176692136,0.010589586369837367,0.3064217176692136,0.010589586369837367,23.56934045570206,0.19534868317380863,19.04723071483077
636,2.0,0.15,0.05,22.19394155773638,5.0,NACA4412,True,0.0,-38.42638882489364,-0.9614156155868687,0.02618152572029935,0.9614156155868687,0.02618152572029935,38.42638882489364,0.2,20.0
924,1.999868868799671,0.15,0.05024739726786069,28.143242557424895,-4.609069448155869,NACA2412,True,0.0,-24.835580027390836,-0.32371525126325856,0.010699242995690151,0.32371525126325856,0.010699242995690151,24.835580027390836,0.20023426792707744,19.973981146177387
925,1.9977910521115803,0.15,0.06588069578280858,25.062440817444042,1.0443163773607618,NACA4412,True,0.0,-37.71024122059256,-0.7591446962162212,0.020572968239542463,0.7591446962162212,0.020572968239542463,37.71024122059256,0.21564226117925858,18.508288060378504
926,1.9385774722234002,0.15001282192983245,0.05,25.76888438358005,5.0,NACA0012,True,0.0,-36.14606731762202,-0.5786651200713827,0.01530207498551081,0.5786651200713827,0.01530207498551081,36.14606731762202,0.19387017537450182,19.38453198668916
927,1.9987466305443553,0.15,0.05440161659289608,25.739944468801212,4.903198735189856,NACA2412,True,0.0,-38.86455732848715,-0.7532272310738454,0.01968604961193599,0.7532272310738454,0.01968604961193599,38.86455732848715,0.2042735212214351,19.557053059176454
928,1.932078174008475,0.1509872428009846,0.051819196598034,30.0,5.0,NACA4412,True,0.0,-37.95843020795599,-0.9008455241065462,0.02469308757024045,0.9008455241065462,0.02469308757024045,37.95843020795599,0.19591894755560815,19.053420391717843
929,1.9999733834121567,0.15001624195379792,0.05,23.003791238328866,0.8517013276218462,NACA4412,True,0.0,-39.24896172468737,-0.7674088549743319,0.01988488031041244,0.7674088549743319,0.01988488031041244,39.24896172468737,0.2000135800788609,19.99810979224511
930,1.991197309578032,0.22776973012145846,0.05,30.0,-1.7075580824814676,NACA2412,True,0.0,-27.539456127732137,-0.4279186201742425,0.013909330057962492,0.4279186201742425,0.013909330057962492,27.539456127732137,0.27654716965003207,14.33703599529981
931,1.9996707339881117,0.15,0.07660925406048558,29.08364998986198,3.531725904931388,NACA0012,True,0.0,-32.51701109203429,-0.49490938000780377,0.01406475043512953,0.49490938000780377,0.01406475043512953,32.51701109203429,0.22657194669781483,17.6486237711578
932,1.981233433608142,0.15,0.05,11.086898311603507,3.833710562371534,NACA2412,True,0.0,-38.604107365691625,-0.763047820074657,0.02007816211188693,0.763047820074657,0.02007816211188693,38.604107365691625,0.19812334336081422,19.81233433608142
933,1.9986113077547707,0.15108430007344004,0.05,27.122366746154835,-4.113744130079385,NACA4412,True,0.0,-34.969051400313084,-0.5247823432738624,0.013954893393840095,0.5247823432738624,0.013954893393840095,34.969051400313084,0.20094467796936535,19.878342635649204
934,1.966875181996746,0.15,0.05,17.842994600534464,2.415929580785155,NACA4412,True,0.0,-38.66258693051912,-0.8629307235815858,0.02316135773609339,0.8629307235815858,0.02316135773609339,38.66258693051912,0.19668751819967462,19.668751819967458
935,1.9861131150760556,0.16588684779337182,0.05,24.34233330913525,-3.423527572694259,NACA0012,True,0.0,-15.571728729564782,-0.20476722488004048,0.009791870088462598,0.20476722488004048,0.009791870088462598,15.571728729564782,0.214387849887422,18.399574919700445
936,1.997799759152111,0.15484973245201886,0.05,29.795924274786252,5.0,NACA4412,True,0.0,-38.48633706587637,-0.9045407056300273,0.024428538980086456,0.9045407056300273,0.024428538980086456,38.48633706587637,0.20462437307750886,19.50502678464613
937,1.9893305801460877,0.15,0.05153453657252441,30.0,1.7906146515115189,NACA0012,True,0.0,-30.735081896078427,-0.42141171416059375,0.01206808651834707,0.42141171416059375,0.01206808651834707,30.735081896078427,0.20045940827964645,19.741832977894635
938,2.0,0.15,0.051353606671007114,30.0,-2.8979096832704436,NACA4412,True,0.0,-36.58260719080615,-0.5642744124784443,0.014694040514445091,0.5642744124784443,0.014694040514445091,36.58260719080615,0.2013536066710071,19.86554929972337
939,1.9994987637884225,0.15068595768639242,0.05035469232176244,24.689530704055933,5.0,NACA0012,True,0.0,-36.60956378386053,-0.5847925465711584,0.015263681564544329,0.5847925465711584,0.015263681564544329,36.60956378386053,0.20099026558126326,19.89148725600834
940,1.9675308222315344,0.15073934864506583,0.05375249613219003,28.39359773727916,-5.0,NACA0012,True,0.0,-10.533982789958479,-0.1306515937745887,0.009107010183033783,0.1306515937745887,0.009107010183033783,10.533982789958479,0.20117200374711874,19.243122623053072
941,1.917025262516945,0.15,0.05027018899064783,28.100375445636764,-3.664742801119559,NACA4412,True,0.0,-35.01250788715782,-0.5382718100135214,0.01445674301466964,0.5382718100135214,0.01445674301466964,35.01250788715782,0.19196150581205743,19.144389608644808
942,1.9998519782484734,0.15,0.05092045146038156,26.87680722055392,0.7196402216809343,NACA4412,True,0.0,-39.22913641236869,-0.7397389147714916,0.019065162264219986,0.7397389147714916,0.019065162264219986,39.22913641236869,0.20090558116181023,19.906903092369504
943,2.0,0.15210820242782086,0.052630819110696225,28.627176237595677,5.0,NACA4412,True,0.0,-38.41532866466474,-0.9140671985729257,0.02476449431767617,0.9140671985729257,0.02476449431767617,38.41532866466474,0.20473902153851709,19.537067091274974
944,1.9946491685573804,0.1629517389142905,0.05220235324195777,18.645693979409426,0.8100604589827585,NACA2412,True,0.0,-35.250847135970496,-0.5940907382513061,0.016181793982903352,0.5940907382513061,0.016181793982903352,35.250847135970496,0.2145784655155893,18.541587088279364
945,2.0,0.16696414958256528,0.05148217457589876,28.795966382905917,-1.6498580118825226,NACA0012,True,0.0,-20.93166092576013,-0.27424674240950075,0.010365649838232046,0.27424674240950075,0.010365649838232046,20.93166092576013,0.21844632415846404,18.31113439610155
946,1.996705966532536,0.15,0.05,29.24011724320523,-5.0,NACA2412,True,0.0,-23.66270350250878,-0.3036852723819227,0.010435786855506802,0.3036852723819227,0.010435786855506802,23.66270350250878,0.1996705966532536,19.967059665325362
947,1.967137686847032,0.15,0.05,29.320906709977933,5.0,NACA2412,True,0.0,-39.11081802707576,-0.7359620984888317,0.01903344847757146,0.7359620984888317,0.01903344847757146,39.11081802707576,0.19671376868470322,19.67137686847032
948,1.9697381507142446,0.15,0.05051307049747704,30.0,-3.616211601280058,NACA0012,True,0.0,-15.294222957714377,-0.1886036545234314,0.009383316476314381,0.1886036545234314,0.009383316476314381,15.294222957714377,0.19747912233786769,19.64698007792992
949,1.9990106685326328,0.15,0.050287325192102356,27.78733456433757,-3.720579478615086,NACA4412,True,0.0,-35.61709475932905,-0.5394031520927554,0.014202955785246815,0.5394031520927554,0.014202955785246815,35.61709475932905,0.20018824991543868,19.961429577386525
950,1.9852324651946656,0.15,0.05,18.277734811861873,-3.091641882839698,NACA0012,True,0.0,-17.29040304307528,-0.22970135193657196,0.009957921956482062,0.22970135193657196,0.009957921956482062,17.29040304307528,0.19852324651946657,19.852324651946653
951,1.9852931049866596,0.15,0.05,18.647362771122836,5.0,NACA2412,True,0.0,-38.989340891633724,-0.7940295944407737,0.020848468740631274,0.7940295944407737,0.020848468740631274,38.989340891633724,0.19852931049866596,19.852931049866594
952,1.9627223435696273,0.1501813115929078,0.10332277653213325,30.0,-3.8455057473869747,NACA0012,True,0.0,-13.05530414336996,-0.17433524586104535,0.00975199731953365,0.17433524586104535,0.00975199731953365,13.05530414336996,0.24877906897463095,15.484739185756352
953,1.999914626224246,0.15183715470381495,0.05628700936878011,29.461948841793664,-3.9552243157401326,NACA0012,True,0.0,-14.040568706378385,-0.1744983612377967,0.009340700372211687,0.1744983612377967,0.009340700372211687,14.040568706378385,0.2081152798997388,19.218476000957416
954,1.9999659713052993,0.15,0.05105252255976976,29.989644128305603,-4.435739384067933,NACA4412,True,0.0,-34.34100889174022,-0.4981595635340657,0.013361478421319456,0.4981595635340657,0.013361478421319456,34.34100889174022,0.20104910178231525,19.89496024065792
955,1.9581554189106887,0.15,0.05,30.0,5.0,NACA2412,True,0.0,-39.03498134214178,-0.7311611498041941,0.01893313966502771,0.7311611498041941,0.01893313966502771,39.03498134214178,0.19581554189106887,19.581554189106885
956,2.0,0.15013926994954793,0.050765620171253786,27.420383118112987,-4.573549213278095,NACA0012,True,0.0,-12.184563511605992,-0.15093518469207093,0.009185684888798515,0.15093518469207093,0.009185684888798515,12.184563511605992,0.2009048901208017,19.909918556959205
957,2.0,0.15,0.052231388068128645,24.915713267188504,-1.1693102280085512,NACA4412,True,0.0,-38.22728661303751,-0.665680493738466,0.01721728336680746,0.665680493738466,0.01721728336680746,38.22728661303751,0.20223138806812863,19.779323270295023
958,1.5947227591632867,0.15,0.05,16.44273521142916,3.9226235147608985,NACA4412,True,0.0,-33.46588493889712,-0.9178228140207642,0.02910817485224557,0.9178228140207642,0.02910817485224557,33.46588493889712,0.15947227591632868,15.947227591632867
959,1.9989941873392212,0.15,0.05134061739999279,18.505767994416054,-2.487896187030898,NACA4412,True,0.0,-37.220538326438884,-0.631602230527981,0.0164814306777851,0.631602230527981,0.0164814306777851,37.220538326438884,0.20123936192893782,19.856839749010252
960,2.0,0.1519851915665945,0.05,28.083770363198965,-0.5780305139382851,NACA4412,True,0.0,-38.623697161584914,-0.675258511166046,0.01736927423977763,0.675258511166046,0.01736927423977763,38.623697161584914,0.2019851915665945,19.803431969324347
739,1.9986048055544925,0.15090638937882078,0.05,30.0,-5.0,NACA0012,True,0.0,-10.662927275187423,-0.12922085886236248,0.00900426866957201,0.12922085886236248,0.00900426866957201,10.662927275187423,0.20076623763955662,19.895880979534265
961,2.0,0.15,0.05,26.979401521139337,-0.5421163653509474,NACA4412,True,0.0,-38.831693309720656,-0.6836548749360803,0.0175140067272405,0.6836548749360803,0.0175140067272405,38.831693309720656,0.2,20.0
962,1.9999051309417135,0.15,0.05348100063024186,27.648923599085304,1.4782598733393397,NACA4412,True,0.0,-39.11206984638256,-0.7675335364135311,0.019990519653971882,0.7675335364135311,0.019990519653971882,39.11206984638256,0.20347134860478736,19.656922511167195
963,2.0,0.15,0.05309734383902546,27.316076581149087,5.0,NACA2412,True,0.0,-39.07664937000291,-0.7487126760178188,0.019432347470990433,0.7487126760178188,0.019432347470990433,39.07664937000291,0.20309734383902545,19.694989232209714
964,1.7911916830352506,0.15,0.051701953404442835,20.18377524643492,3.9686198075823924,NACA0012,True,0.0,-33.445449797862786,-0.5478331650885467,0.015412796639615409,0.5478331650885467,0.015412796639615409,33.445449797862786,0.18064343069500083,17.760776758008298
965,2.0,0.15,0.05491508080100964,28.101240767342237,-2.142254942192638,NACA4412,True,0.0,-37.15922355458082,-0.6058451083665423,0.015806038104230414,0.6058451083665423,0.015806038104230414,37.15922355458082,0.20491508080100962,19.520281203140673
966,2.0,0.15075495917306483,0.05429971874815513,30.0,-5.0,NACA0012,True,0.0,-10.572827981533793,-0.12898196986524085,0.009033440566785827,0.12898196986524085,0.009033440566785827,10.572827981533793,0.20505467792121995,19.50699218642923
967,2.0,0.1883104510536085,0.051498092978854236,25.649494795219475,2.6833195380832553,NACA4412,True,0.0,-35.42027232089311,-0.8192951834842331,0.024112150995748715,0.8192951834842331,0.024112150995748715,35.42027232089311,0.23980854403246274,16.679972834739875
968,2.0,0.15,0.051524457501071895,29.669292034286766,-2.415461680301,NACA2412,True,0.0,-30.356436492274355,-0.4139903975007271,0.011935396910670089,0.4139903975007271,0.011935396910670089,30.356436492274355,0.2015244575010719,19.848707445242592
969,1.972633675602961,0.2406871758769329,0.05,24.789919472989016,-5.0,NACA4412,True,0.0,-28.035153180375953,-0.47310241383336865,0.015553449097252982,0.47310241383336865,0.015553449097252982,28.035153180375953,0.28670965610037924,13.572209848281078
970,1.9893855846928694,0.15066022178039787,0.05107070193345896,26.33726586509563,-2.53836473620505,NACA0012,True,0.0,-18.91866945048853,-0.24245975794653765,0.00991271060503579,0.24245975794653765,0.00991271060503579,18.91866945048853,0.20066029581156183,19.72315942512307
971,2.0,0.17815984593970277,0.05,28.700721701296064,0.5606159062270781,NACA4412,True,0.0,-36.66395467555392,-0.7125883646353207,0.01973387817681978,0.7125883646353207,0.01973387817681978,36.66395467555392,0.2281598459397028,17.53156864007133
972,1.9810186379473969,0.15,0.05,25.300639938080366,-1.0746673944983502,NACA0012,True,0.0,-23.48795813904435,-0.3100105826307044,0.010632981974137576,0.3100105826307044,0.010632981974137576,23.48795813904435,0.1981018637947397,19.810186379473965
973,1.9847619680225796,0.1648503223596826,0.05,30.0,3.605523462437654,NACA0012,True,0.0,-33.289715140866896,-0.4963475296882844,0.013775277651891087,0.4963475296882844,0.013775277651891087,33.289715140866896,0.21321337431844464,18.47576439471079
974,1.9780725699941744,0.15,0.050098668436185954,28.474771323918635,-2.860801359245336,NACA2412,True,0.0,-29.312869583373324,-0.398774627286699,0.011750640171010837,0.398774627286699,0.011750640171010837,29.312869583373324,0.19790484366298927,19.770971845572348
975,1.9729372677325427,0.15128848984381643,0.05138585065188193,19.951444764462245,-1.2218228376235087,NACA0012,True,0.0,-22.979207132866787,-0.31371098859565594,0.010850940810263304,0.31371098859565594,0.010850940810263304,22.979207132866787,0.19993187978853907,19.46903848713318
976,2.0,0.15,0.07255167047606197,7.930447263976851,3.2761936463294603,NACA4412,True,0.0,-36.032455838136805,-0.9266741096132886,0.027146367934099025,0.9266741096132886,0.027146367934099025,36.032455838136805,0.22255167047606195,17.973354194302697
977,1.9943666513899843,0.15,0.07201735889290065,14.490359264355932,-0.34346711200605373,NACA4412,True,0.0,-36.61817553383987,-0.7376256386146532,0.0205151240893388,0.7376256386146532,0.0205151240893388,36.61817553383987,0.2213920083028413,17.965862321171475
978,1.999398742519847,0.15,0.050481482279852566,18.47173895975211,4.397080951515166,NACA4412,True,0.0,-38.3771999234395,-0.9540307112039347,0.026040856526445482,0.9540307112039347,0.026040856526445482,38.3771999234395,0.2004212117844261,19.945969271405144
979,1.9838307154678978,0.15,0.05,30.0,4.900013914695169,NACA2412,True,0.0,-39.281979527367405,-0.7277485552051436,0.018690946642810447,0.7277485552051436,0.018690946642810447,39.281979527367405,0.1983830715467898,19.838307154678976
980,2.0,0.15,0.05322863651261865,14.23894614141987,-0.7699537673242833,NACA4412,True,0.0,-38.28274552719077,-0.7253739993904943,0.019052537658800706,0.7253739993904943,0.019052537658800706,38.28274552719077,0.20322863651261863,19.682265593272515
981,1.9936192397562886,0.15,0.05084694521033589,30.0,5.0,NACA4412,True,0.0,-38.92163491458755,-0.9043608238746014,0.02412058096142933,0.9043608238746014,0.02412058096142933,38.92163491458755,0.2002061671088014,19.85212409049569
982,2.0,0.15013888379657242,0.055363989086387934,19.451669217911757,-3.61104089761408,NACA4412,True,0.0,-35.53551531085234,-0.5749884099695266,0.015328914366361218,0.5749884099695266,0.015328914366361218,35.53551531085234,0.20550287288296035,19.46444808232979
904,2.0,0.15,0.05257524934868412,22.477119119500617,2.066092446449516,NACA0012,True,0.0,-31.613507845284712,-0.4594195775989875,0.01288847415340944,0.4594195775989875,0.01288847415340944,31.613507845284712,0.20257524934868412,19.745748865474532
983,1.9922733925783556,0.15,0.05109885466846757,30.0,0.5225279496861985,NACA2412,True,0.0,-35.77126435610078,-0.5391832741069844,0.014189576192218051,0.5391832741069844,0.014189576192218051,35.77126435610078,0.20032194871698478,19.81387110197943
984,2.0,0.15,0.05331236053314448,20.789397716047716,3.2555253989847537,NACA4412,True,0.0,-38.60544838880642,-0.8877969627165511,0.023928849369606837,0.8877969627165511,0.023928849369606837,38.60544838880642,0.20331236053314447,19.67416043722492
985,1.9999872834702785,0.15,0.050942886442954784,26.961472117491844,1.0103760707500138,NACA4412,True,0.0,-39.29270376048063,-0.7520883326416842,0.01941012615221452,0.7520883326416842,0.01941012615221452,39.29270376048063,0.2009416087948609,19.906027218714712
986,1.969465606930264,0.15,0.05025730316135782,21.78078674477942,-0.8027209900953198,NACA2412,True,0.0,-33.79285410581906,-0.5131283901919251,0.013918862009584506,0.5131283901919251,0.013918862009584506,33.79285410581906,0.19719993555645074,19.66935113815412
987,2.0,0.15,0.05,7.479970041936598,3.9895725095348338,NACA4412,True,0.0,-38.16137779833209,-0.973203776516888,0.02682769438476912,0.973203776516888,0.02682769438476912,38.16137779833209,0.2,20.0
988,2.0,0.1788041329220592,0.05,26.133922100789672,2.9993490413570116,NACA2412,True,0.0,-36.008305557167525,-0.6587537665715524,0.018258572750297627,0.6587537665715524,0.018258572750297627,36.008305557167525,0.2288041329220592,17.48220169328225
989,1.9996200322101738,0.15013815202810665,0.05,16.601894142021983,-5.0,NACA0012,True,0.0,-10.813922584842041,-0.1416519020807391,0.009358720260412012,0.1416519020807391,0.009358720260412012,10.813922584842041,0.20010012900246363,19.982397278549417
990,1.9973866341952744,0.15,0.05,30.0,-5.0,NACA0012,True,0.0,-10.680786893480317,-0.12926774809901606,0.008998528659769543,0.12926774809901606,0.008998528659769543,10.680786893480317,0.19973866341952745,19.973866341952743
937,1.9893305801460877,0.15,0.05153453657252441,30.0,1.7906146515115189,NACA0012,True,0.0,-30.735081896078427,-0.42141171416059375,0.01206808651834707,0.42141171416059375,0.01206808651834707,30.735081896078427,0.20045940827964645,19.741832977894635
991,1.9849496224213972,0.15,0.05,29.162259838313805,0.586231135635368,NACA4412,True,0.0,-39.18602229896751,-0.7196685935050783,0.018486620224813708,0.7196685935050783,0.018486620224813708,39.18602229896751,0.19849496224213972,19.849496224213972
992,1.946683344524404,0.18715821105783817,0.05124473119657952,20.368419746537732,1.5360932125221045,NACA0012,True,0.0,-27.93522953524686,-0.4318516431154247,0.013482960051567695,0.4318516431154247,0.013482960051567695,27.93522953524686,0.2320475184861441,16.331034559522777
993,2.0,0.15,0.05124888471415445,9.857656161945561,5.0,NACA4412,True,0.0,-37.59152397934712,-1.0149618237574078,0.028476053160784377,1.0149618237574078,0.028476053160784377,37.59152397934712,0.20124888471415445,19.87588654556488
994,1.9713400418096756,0.15096890927542325,0.05,30.0,2.8230704915824916,NACA2412,True,0.0,-38.05262744300247,-0.6376452944294803,0.01646825404493842,0.6376452944294803,0.01646825404493842,38.05262744300247,0.1980890290067289,19.618358371124955
739,1.9986048055544925,0.15090638937882078,0.05,30.0,-5.0,NACA0012,True,0.0,-10.662927275187423,-0.12922085886236248,0.00900426866957201,0.12922085886236248,0.00900426866957201,10.662927275187423,0.20076623763955662,19.895880979534265
995,1.999952712860875,0.15,0.05073667407810603,27.860566496862695,-0.4733847626188279,NACA4412,True,0.0,-38.80126685000247,-0.6815135488183244,0.01747372460248507,0.6815135488183244,0.01747372460248507,38.80126685000247,0.2007319279465887,19.92613180472144
996,1.9791186942185017,0.15,0.05,30.0,-0.7465388696035523,NACA2412,True,0.0,-33.71700508765259,-0.4844892004000596,0.013137865892393907,0.4844892004000596,0.013137865892393907,33.71700508765259,0.19791186942185018,19.791186942185014
997,2.0,0.15,0.05083440332364943,30.0,-3.411151061685821,NACA4412,True,0.0,-35.948970650983945,-0.5423004761625522,0.014218239466436716,0.5423004761625522,0.014218239466436716,35.948970650983945,0.20083440332364944,19.91690633578304
998,1.9802745853142414,0.15,0.05161425814836611,29.96379044771218,-2.0636565127371567,NACA0012,True,0.0,-20.279189371402474,-0.25548017926614214,0.00995073660953369,0.25548017926614214,0.00995073660953369,20.279189371402474,0.19962579572409703,19.644191869177977
999,1.948736130429244,0.1500141406945298,0.05,2.894850117671494,-2.411294647834916,NACA4412,True,0.0,-36.96662447194128,-0.6640511907903902,0.017632602732733395,0.6640511907903902,0.017632602732733395,36.96662447194128,0.19488739128409424,19.48598357758552
