eval_index,span_m,root_chord_m,tip_chord_m,sweep_deg,twist_deg,airfoil_id,feasible,penalty,cost,obj_cl,obj_cd,CL,CD,LD,wing_area_m2,aspect_ratio
0,1.7739560485559633,0.3036074539132183,0.2646494799778456,20.921040871780917,-4.058226521123505,NACA2412,True,0.0,-14.762393239839183,-0.30084548927870564,0.016300976228622508,0.30084548927870564,0.016300976228622508,14.762393239839183,0.5040314125049595,6.243499877455203
1,1.761139701990353,0.42512250684693376,0.08202840816888647,13.511578136867014,-1.2920197576741876,NACA4412,True,0.0,-21.498005571940087,-0.5898373030081024,0.029658888800370625,0.5898373030081024,0.029658888800370625,21.498005571940087,0.44658180566754824,6.945229318714393
2,1.9267649888486018,0.3753527920282326,0.2556904033177075,13.302425964819934,-2.727612782152231,NACA0012,True,0.0,-9.82467554078602,-0.20461089891989692,0.013707981237373816,0.20461089891989692,0.013707981237373816,9.82467554078602,0.6079359676218532,6.106602537065129
3,1.0638172561041754,0.4396709101974037,0.20791609978051623,22.742632202561214,-1.4547403187013161,NACA2412,True,0.0,-13.246446791337945,-0.32114359669754305,0.02346551755527206,0.32114359669754305,0.02346551755527206,13.246446791337945,0.34445711802170903,3.2854805291429403
4,1.9706980243949033,0.4625923924627692,0.24459587426844048,5.839161235559027,-0.3327899627296578,NACA2412,True,0.0,-18.249596242946946,-0.44817782387239724,0.024926671618592328,0.44817782387239724,0.024926671618592328,18.249596242946946,0.6968272600612254,5.573333487287431
5,1.154289492067548,0.3890671336348591,0.2361905389769543,29.0252919730263,-1.7417464186184803,NACA0012,True,0.0,-8.942322909672844,-0.19268114081305454,0.015067611582025853,0.19268114081305454,0.015067611582025853,8.942322909672844,0.36086418066521364,3.6922041667905448
6,1.3704597060348689,0.3143445339465327,0.09736783977107143,3.8976451600641493,-0.24295073774066278,NACA0012,True,0.0,-14.826533043292672,-0.31372081896645404,0.01666189412704592,0.31372081896645404,0.01666189412704592,14.826533043292672,0.2821176093279729,6.657364672623976
7,1.6698139946825103,0.30300317160531576,0.2581695490144594,21.007953060067475,-1.8763335861795891,NACA0012,True,0.0,-11.268432752565937,-0.228946381416444,0.014251218303865755,0.228946381416444,0.014251218303865755,11.268432752565937,0.46852703116247957,5.951158826246294
8,1.832259801395201,0.4316675251238806,0.14686959475754363,8.649843117907324,1.8249550397497547,NACA2412,True,0.0,-20.359053276689824,-0.5481207642071699,0.02892739211689895,0.5481207642071699,0.02892739211689895,20.359053276689824,0.530015154186845,6.33411319146034
9,1.1999082024751084,0.2467310943755346,0.15257679441285193,19.945525697760964,2.0516537862633513,NACA0012,True,0.0,-17.519140859149037,-0.37870997334304984,0.019910527334717452,0.37870997334304984,0.019910527334717452,17.519140859149037,0.2395664055351017,6.009939879304516
10,1.780729031021968,0.310620521438419,0.19218529898822345,4.193909943829723,-3.8546992646402654,NACA2412,True,0.0,-16.036977020345265,-0.33457581026322664,0.016924228463795963,0.33457581026322664,0.016924228463795963,16.036977020345265,0.4476804607002703,7.083167929563655
11,1.4710962061431325,0.34783263726841607,0.24124971435400638,19.041549600017724,0.535794006579958,NACA4412,True,0.0,-17.556712412204952,-0.5929910541811203,0.03767934620002517,0.5929910541811203,0.03767934620002517,17.556712412204952,0.43329840628881017,4.994534981710146
12,1.5592071607454137,0.25638253432191427,0.057704458641984854,13.10152167697087,-2.854153271804708,NACA0012,True,0.0,-12.653996667448917,-0.22327249483510178,0.012109911922771924,0.22327249483510178,0.012109911922771924,12.653996667448917,0.24486334426315295,9.92850513185452
13,1.8534030732681661,0.23187882005286925,0.06457568542226651,8.441516760659896,-2.064062422333164,NACA2412,True,0.0,-25.283288121338245,-0.4543281072878917,0.016053767462644013,0.4543281072878917,0.016053767462644013,25.283288121338245,0.2747248457659055,12.503794268855291
14,1.661916514726895,0.3449612533194474,0.24597455227660336,19.929406209821625,-0.9361313855992943,NACA2412,True,0.0,-17.95494771659374,-0.4093348534483043,0.02224386038337864,0.4093348534483043,0.02224386038337864,17.95494771659374,0.4910429872317593,5.624693914258905
15,1.166972919907704,0.15794922559685115,0.07251196519391044,21.67078051789351,-0.3812276974861266,NACA4412,True,0.0,-26.76829262041073,-0.6545404490895101,0.02581284990770542,0.6545404490895101,0.02581284990770542,26.76829262041073,0.13447098437125077,10.127283608173421
16,1.1612717790336018,0.3253656712861772,0.08807802567829211,20.88961125233208,-0.5384372442596934,NACA0012,True,0.0,-13.1604350649661,-0.2747267939302705,0.01608716736070672,0.2747267939302705,0.01608716736070672,13.1604350649661,0.24006024875207932,5.617557058239055
17,1.3015120891478764,0.37059890759161096,0.14045315263834762,2.62949757948303,-3.819940978794847,NACA2412,True,0.0,-13.458832566174166,-0.30657532422700834,0.018516472825446505,0.30657532422700834,0.018516472825446505,13.458832566174166,0.3325702172866099,5.093461862035087
18,1.9618976645495145,0.4680032417476624,0.2249267834526874,7.9760988437855875,4.6917637734772395,NACA0012,True,0.0,-18.922010078641716,-0.4882540093956247,0.02714133704088717,0.4882540093956247,0.02714133704088717,18.922010078641716,0.6797288990684013,5.662614097238066
19,1.7168901891589956,0.30727652575032605,0.11806039046128976,2.891728864604979,4.026023965438416,NACA4412,True,0.0,-21.232922235062645,-0.8494036553390273,0.04422781696604732,0.8494036553390273,0.04422781696604732,21.232922235062645,0.36512838926543245,8.073083354489736
20,1.455776289833611,0.2208271776783306,0.12648915603766314,17.376587068256878,-3.2322721706076827,NACA2412,True,0.0,-18.768546103588744,-0.36187012054735845,0.016296521062210693,0.36187012054735845,0.016296521062210693,18.768546103588744,0.2528074418478408,8.382999292074892
21,1.75851952983521,0.4018120345828279,0.15802325994377592,18.819265221073294,0.840979689127356,NACA4412,True,0.0,-19.94360524122339,-0.645283295123829,0.0357547186320517,0.645283295123829,0.0357547186320517,19.94360524122339,0.4922406494580399,6.282274615508879
22,1.6498466015548199,0.17955551239896117,0.15395185054265242,1.2484252158567744,-0.06009180755481047,NACA0012,True,0.0,-18.7719021977603,-0.35164380868796985,0.015047823618356689,0.35164380868796985,0.015047823618356689,18.7719021977603,0.27511799467136555,9.89391410733954
23,1.144524188866047,0.19691114304442803,0.18619103870289305,5.117789056106583,4.2512011837679715,NACA0012,True,0.0,-19.270396372522328,-0.48057535154943604,0.025789608929163904,0.48057535154943604,0.025789608929163904,19.270396372522328,0.21923485690858277,5.97503352053959
24,1.5810611397003949,0.27140443158719296,0.19772887287035418,0.6841161308909249,4.585592132414453,NACA2412,True,0.0,-20.569326640427647,-0.6740569797320627,0.03635839526314479,0.6740569797320627,0.03635839526314479,20.569326640427647,0.3708642185085309,6.740349170172669
25,1.7827352272502863,0.17895549997285348,0.1716645827095401,14.721209830635628,4.378264549749829,NACA2412,True,0.0,-26.518315209778663,-0.7097308224486006,0.028700239456852777,0.7097308224486006,0.028700239456852777,26.518315209778663,0.31253138638965555,10.169042307055543
26,1.5717280523760753,0.3157212903699338,0.1167439157729734,9.947069920276565,0.20672402471537765,NACA4412,True,0.0,-21.71965811056019,-0.6636687942823914,0.033578436444140464,0.6636687942823914,0.033578436444140464,21.71965811056019,0.3398588480857047,7.268691353896809
27,1.0216120798803305,0.43920217346802526,0.2740401929599417,4.207472669958323,0.5403614353904942,NACA2412,True,0.0,-13.205111209983071,-0.376962565301465,0.030815700321627254,0.376962565301465,0.030815700321627254,13.205111209983071,0.3643285087126221,2.864698251161744
28,1.1085757411354435,0.38528403256393406,0.12030844595975208,19.782679040757053,2.269946142868826,NACA4412,True,0.0,-15.6537136828117,-0.6263846787610635,0.04498854985263174,0.6263846787610635,0.04498854985263174,15.6537136828117,0.2802437782959506,4.385254085948625
29,1.1077409459558964,0.4706041457981628,0.1075534977237202,1.1223766852853934,0.5485246939148336,NACA4412,True,0.0,-14.888163928983184,-0.5621127814167984,0.04288939969635142,0.5621127814167984,0.04288939969635142,14.888163928983184,0.3202244474732813,3.8319685240448402
30,1.3709222838624386,0.44042641009634453,0.25206286801607547,9.51416678468146,4.5289939506974495,NACA2412,True,0.0,-15.223139381620976,-0.563546710567989,0.04192823595687509,0.563546710567989,0.04192823595687509,15.223139381620976,0.4746744913500651,3.959403638997225
31,1.5150571292317145,0.2840108925122408,0.23958778169866096,4.938234527460544,-4.55089380607671,NACA0012,True,0.0,-6.362560081058855,-0.1340970439175412,0.012536963758532858,0.1340970439175412,0.012536963758532858,6.362560081058855,0.3966409521097503,5.787093068999867
32,1.435097060003038,0.49733144741954294,0.2729193165637285,22.458240583708477,3.9079249087852492,NACA0012,True,0.0,-15.006146943153569,-0.3810463453414408,0.026182363150736843,0.3810463453414408,0.026182363150736843,15.006146943153569,0.5526923034287433,3.7263112926537936
33,1.518858360386449,0.2605751681407775,0.243003108027747,19.84983789503283,-1.2634227112628995,NACA4412,True,0.0,-19.98692908023209,-0.5560201078928144,0.03016326286253955,0.5560201078928144,0.03016326286253955,19.98692908023209,0.3824320374337798,6.032263234000812
34,1.0944666680615152,0.41137636397215904,0.11561512898071617,28.104394516013375,-2.5902942499431525,NACA0012,True,0.0,-8.282399353901702,-0.17446744509252277,0.013945333159172768,0.17446744509252277,0.013945333159172768,8.282399353901702,0.28838731169444837,4.153640742581721
35,1.831112672124906,0.2036495108185729,0.09481707703943477,17.981483745625304,3.745620408374645,NACA0012,True,0.0,-27.640792953609786,-0.5180747333099219,0.017924959545561014,0.5180747333099219,0.017924959545561014,27.640792953609786,0.2732629756163397,12.270135061121405
36,1.1964346657145732,0.25861328551503315,0.24435120956029438,29.15479278182902,0.0074118620234226995,NACA2412,True,0.0,-17.170413401435862,-0.40153817465263436,0.023646935077038144,0.40153817465263436,0.023646935077038144,17.170413401435862,0.30088207876587436,4.757531306600027
37,1.0139362877082014,0.23037961049959932,0.08295555444663026,20.329760208385725,-3.7816749537146888,NACA0012,True,0.0,-8.292038794298458,-0.16174601680044287,0.012343534137708579,0.16174601680044287,0.012343534137708579,8.292038794298458,0.1588509469770085,6.471895919388427
38,1.5063299316206331,0.39299185247501023,0.19527915230522558,5.993269549801728,3.0412452618226276,NACA0012,True,0.0,-17.01133051293103,-0.4132602843420963,0.024059148967624983,0.4132602843420963,0.024059148967624983,17.01133051293103,0.4430651112025068,5.12121086839343
39,1.7389840039155418,0.19587021304505964,0.08093845091258615,27.82687653019523,-1.0242180617505934,NACA4412,True,0.0,-30.280999431859573,-0.6230061968322745,0.02096910871325643,0.6230061968322745,0.02096910871325643,30.280999431859573,0.2406829193837893,12.56452004827148
40,1.8125313392411568,0.3867438519848556,0.09106340951857393,7.389834444504559,3.6423503267600013,NACA4412,True,0.0,-20.673006280131222,-0.8168412511558958,0.043775991748176056,0.8168412511558958,0.043775991748176056,20.673006280131222,0.43302031779598044,7.58687230302023
41,2.0,0.16667742039637126,0.15,7.741918599614042,4.5157216760791075,NACA2412,True,0.0,-29.922639367965136,-0.7574998687892842,0.026872937204279194,0.7574998687892842,0.026872937204279194,29.922639367965136,0.31667742039637126,12.631150004295776
42,1.6670473019575518,0.46740529299528133,0.2483074351421005,4.2908836106177635,1.0608034486635256,NACA4412,True,0.0,-16.425178736084558,-0.6203730093365919,0.042673504669493136,0.6203730093365919,0.042673504669493136,16.425178736084558,0.5965634862090506,4.658425752175697
43,1.5300477656540667,0.2908152645651508,0.2561071830953692,20.418411670078182,-2.222600406218469,NACA4412,True,0.0,-19.1724285698447,-0.5078261111803,0.028340218479010595,0.5078261111803,0.028340218479010595,19.1724285698447,0.4184087345145159,5.595117816790662
44,1.0097877355703329,0.2746502822119657,0.05,22.455637073604763,-0.5505611965113226,NACA0012,True,0.0,-13.917247621726789,-0.27971335601463027,0.01553113755818944,0.27971335601463027,0.01553113755818944,13.917247621726789,0.16391393666354517,6.220772264174641
45,1.4636438131572727,0.2468850740178228,0.2320252104494309,25.762559863745846,1.0248803663316515,NACA2412,True,0.0,-20.028849759600305,-0.47760494370699574,0.024689971434348725,0.47760494370699574,0.024689971434348725,20.028849759600305,0.3504770374589427,6.112392490319767
46,1.8392443298132668,0.2233130099048233,0.12002913819774964,10.960618288954871,-1.8974074100015212,NACA2412,True,0.0,-23.650080875448527,-0.4473727590087248,0.017120144209670705,0.4473727590087248,0.017120144209670705,23.650080875448527,0.3157450495417821,10.713769573456476
47,1.455776289833611,0.2208271776783306,0.12648915603766314,17.376587068256878,-3.2322721706076827,NACA4412,True,0.0,-23.444424406811134,-0.5269619790488281,0.022851588426681464,0.5269619790488281,0.022851588426681464,23.444424406811134,0.2528074418478408,8.382999292074892
48,1.3896298109421952,0.33116241581149164,0.20351552025522457,5.970144200590937,5.0,NACA2412,True,0.0,-17.538042920394286,-0.6392698539893814,0.04098833409344748,0.6392698539893814,0.04098833409344748,17.538042920394286,0.371502199605677,5.198006939148502
49,1.7830724451202744,0.31715266220144006,0.23911039308503423,24.768055521094848,0.0330992056600995,NACA2412,True,0.0,-20.02567730545732,-0.4493461372671121,0.022469789243325895,0.4493461372671121,0.022469789243325895,20.02567730545732,0.495928663059864,6.410896528808644
50,1.903332636332779,0.309706419196517,0.09932786499058623,24.411045340541374,5.0,NACA4412,True,0.0,-23.589032264879325,-0.8522969829863266,0.0392579459881846,0.8522969829863266,0.0392579459881846,23.589032264879325,0.3892641512361651,9.306469945986942
51,1.070501745484612,0.37059890759161096,0.14045315263834762,2.62949757948303,-3.681699546736165,NACA4412,True,0.0,-16.002442273533415,-0.4322189368532921,0.028594261249784817,0.4322189368532921,0.028594261249784817,16.002442273533415,0.2735410612548389,4.189403893618654
52,1.5580876002556971,0.18070678085704542,0.07791970997942883,14.349515230515722,5.0,NACA0012,True,0.0,-28.506538772052537,-0.5807035583301257,0.02032674601067862,0.5807035583301257,0.02032674601067862,28.506538772052537,0.20148136423497712,12.04894050270243
53,2.0,0.4302553028333967,0.236043891748804,12.97146404237829,-1.2544665405450661,NACA4412,True,0.0,-19.801060821112753,-0.5701283285151199,0.03145497395328347,0.5701283285151199,0.03145497395328347,19.801060821112753,0.6662991945822007,6.003309072747984
54,2.0,0.3628604113724262,0.10662519979103173,18.666295311381226,-1.9786966752112491,NACA0012,True,0.0,-13.528748355561632,-0.24792177350434677,0.013080904033034755,0.24792177350434677,0.013080904033034755,13.528748355561632,0.46948561116345794,8.51996292301138
55,1.8421837433934418,0.24491577582251145,0.17721276520776258,6.27098941308932,2.906742104781511,NACA2412,True,0.0,-24.34438326940015,-0.6407586827742179,0.02819818597259367,0.6407586827742179,0.02819818597259367,24.34438326940015,0.38881916795418114,8.728070075040602
56,1.3903572680868324,0.33735138800910136,0.14641781098151216,11.048460422549171,-0.1931371498373305,NACA4412,True,0.0,-19.083177955478863,-0.6068396292602418,0.035288618942361745,0.6068396292602418,0.035288618942361745,19.083177955478863,0.3363060109465723,5.7480189767675105
57,1.8324039532691945,0.3211750688912683,0.15553861761123616,21.650374916459096,1.8348364123492407,NACA2412,True,0.0,-22.828407197647582,-0.5489119366853873,0.02514896776590639,0.5489119366853873,0.02514896776590639,22.828407197647582,0.4367660218623603,7.687649862595534
58,1.9017917734372736,0.356040299735587,0.25764438774335047,11.980657688371661,-4.249350491594182,NACA0012,True,0.0,-7.180433105729601,-0.14669548441444644,0.012443819738451607,0.14669548441444644,0.012443819738451607,7.180433105729601,0.5835502450659337,6.197944358853001
59,1.416808502309146,0.3945220808784184,0.128114610387459,13.510416314202166,-3.6816782940862085,NACA4412,True,0.0,-18.379002389386045,-0.4618497001267656,0.026075640356105132,0.4618497001267656,0.026075640356105132,18.379002389386045,0.3702380539021076,5.4217720492508725
60,1.6464353126092937,0.15,0.11712561440237743,21.255009595221388,-0.4842605537695588,NACA4412,True,0.0,-29.883798633226267,-0.6731300939384129,0.023404378726875282,0.6731300939384129,0.023404378726875282,29.883798633226267,0.21990252222726395,12.327049326907531
61,1.3289671312060893,0.24959075205638173,0.1830399653517698,19.920351516033506,-5.0,NACA2412,True,0.0,-13.007260661201009,-0.2653190798380163,0.015227062449988768,0.2653190798380163,0.015227062449988768,13.007260661201009,0.2874760016927717,6.14365590667164
62,1.144424066680703,0.22767332482079863,0.2076459255057147,23.526676408035627,-4.1719119682459365,NACA2412,True,0.0,-13.309688727925744,-0.27904758010718567,0.016607483103780466,0.27904758010718567,0.016607483103780466,13.309688727925744,0.24909491338153167,5.257861056327384
63,1.1603331735196378,0.19926413901302673,0.17161174718633698,0.0,3.0093217923292674,NACA0012,True,0.0,-18.849768209778606,-0.438690957723409,0.022772116336804954,0.438690957723409,0.022772116336804954,18.849768209778606,0.2151697970078079,6.257258650112952
64,1.6585485530154291,0.2671965808159469,0.05,22.78944150124473,-0.5544741979908072,NACA2412,True,0.0,-25.181349547570054,-0.47918080734365515,0.018100476088389293,0.47918080734365515,0.018100476088389293,25.181349547570054,0.26304296506686514,10.457543702072886
65,1.5509495760056853,0.463799218191396,0.1369609388575187,29.893731045906137,-3.021401174576396,NACA4412,True,0.0,-18.36566025294397,-0.4422341561255974,0.024977219364946453,0.4422341561255974,0.024977219364946453,18.36566025294397,0.4658743554280616,5.163290400696146
66,1.0525636841069648,0.2380528084827969,0.06493421243529778,0.0,0.05644516657975546,NACA4412,True,0.0,-21.118449968956607,-0.6576702128461575,0.03437091873877795,0.6576702128461575,0.03437091873877795,21.118449968956607,0.15945656748707185,6.947912692217271
67,1.2051506077446117,0.408221411490986,0.27556241976010654,29.235552080734752,-3.6230813394463928,NACA0012,True,0.0,-6.210082533804147,-0.13233703276325562,0.013204297889934236,0.13233703276325562,0.013204297889934236,6.210082533804147,0.4120312498990966,3.5249461969277474
68,1.6752274237938218,0.17084715895225228,0.11789541032553066,0.0,-0.28257061863290356,NACA0012,True,0.0,-19.928314205204995,-0.35181543320921166,0.014056167832315452,0.35181543320921166,0.014056167832315452,19.928314205204995,0.24185473523541473,11.603605439848947
69,1.4409138428155932,0.3981233525265586,0.18491350000316523,20.997957645438014,-0.4661786520339706,NACA2412,True,0.0,-17.14144555843889,-0.40875556398226426,0.023918651675569114,0.40875556398226426,0.023918651675569114,17.14144555843889,0.42005293584085635,4.942788218493046
70,1.4390019841927866,0.3556767064604764,0.13114160402115838,15.610591726524884,1.3493323437006752,NACA4412,True,0.0,-18.95097350290714,-0.6623139326392778,0.03892528517648618,0.6623139326392778,0.03892528517648618,18.95097350290714,0.3502662573622262,5.91186466576866
71,1.2367906911251785,0.17679509309746055,0.09488407136907823,17.49259913251845,-3.9914169666306125,NACA2412,True,0.0,-18.1664625413116,-0.33599703597798286,0.014932299299546321,0.33599703597798286,0.014932299299546321,18.1664625413116,0.16800513079244075,9.10478868376752
72,2.0,0.20633106850524852,0.07061154722204002,30.0,-0.6922198174399639,NACA4412,True,0.0,-32.77791657134424,-0.6370202641477992,0.019636972634368144,0.6370202641477992,0.019636972634368144,32.77791657134424,0.2769426157272885,14.443425362671118
73,1.1745034413747104,0.2154779224265039,0.10905764948576066,1.1549668433664415,4.156280156935443,NACA4412,True,0.0,-19.717478551973215,-0.8339292697053363,0.04695917868273792,0.8339292697053363,0.04695917868273792,19.717478551973215,0.19058407302973226,7.238056737227113
74,1.8977159436877393,0.18756286023587204,0.18566604014626156,0.5731708164733103,4.448980785181772,NACA0012,True,0.0,-25.661867409012416,-0.5543083513668594,0.021629912146202728,0.5543083513668594,0.021629912146202728,25.661867409012416,0.354141217450109,10.16918004873013
75,1.5221563040106596,0.4805332814402806,0.2023176116231103,21.192545346071018,5.0,NACA0012,True,0.0,-16.86149631342505,-0.44541716038958395,0.028072164684507767,0.44541716038958395,0.028072164684507767,16.86149631342505,0.5197028957878747,4.458239183614434
76,2.0,0.188177972507298,0.08530282610652697,11.362014227639593,4.495674237788677,NACA0012,True,0.0,-31.03238834935172,-0.5802140259651648,0.018174636526944593,0.5802140259651648,0.018174636526944593,31.03238834935172,0.27348079861382496,14.626255372496168
77,1.7205643303204796,0.37238532067656377,0.10791038215909174,0.0,0.38004930024288086,NACA2412,True,0.0,-21.28079439263067,-0.5109952501688392,0.02464753100015486,0.5109952501688392,0.02464753100015486,21.28079439263067,0.4131898271526168,7.164604305898657
78,1.7536329498689844,0.3226412570295114,0.12229960619767755,9.831267939529855,-1.3293445098451984,NACA4412,True,0.0,-23.02862664433451,-0.6124608701651654,0.028553302015867033,0.6124608701651654,0.028553302015867033,23.02862664433451,0.39013147924917385,7.882543927971709
79,1.9426801965348572,0.20571152636790702,0.05,7.028974506176711,1.7033792917777077,NACA4412,True,0.0,-33.060557659077716,-0.8350584761288604,0.026726063668138986,0.8350584761288604,0.026726063668138986,33.060557659077716,0.24838285915031696,15.194310746397958
80,1.9697357693748292,0.19967871285458597,0.1590349284311882,26.15418217841513,-2.5301259075185714,NACA0012,True,0.0,-14.268936491593593,-0.22578881855789226,0.011417405173414845,0.22578881855789226,0.011417405173414845,14.268936491593593,0.3532855451016404,10.982218364010373
81,1.8315452728784964,0.1824076035403284,0.12507661914807058,7.857163826784924,-0.9060372477078921,NACA0012,True,0.0,-18.772575829571526,-0.3222656420485072,0.013232500778586632,0.3222656420485072,0.013232500778586632,18.772575829571526,0.28158563727482805,11.913100821010667
82,1.8405448444464647,0.3515322798550637,0.06406991616991121,10.1700922103148,2.722349446719843,NACA2412,True,0.0,-24.59142754979206,-0.6298642155585102,0.027275486355751444,0.6298642155585102,0.027275486355751444,24.59142754979206,0.38246723961719825,8.857243113969785
83,1.65785535345971,0.3536693911686136,0.12044829390870428,0.0,5.0,NACA0012,True,0.0,-21.27568999206531,-0.5333568312678287,0.026278411639778964,0.5333568312678287,0.026278411639778964,21.27568999206531,0.39300927118767814,6.9934339327137796
84,1.2224267994258358,0.18104464484865143,0.1113085726411963,13.536432977134274,-5.0,NACA0012,True,0.0,-6.873449152105539,-0.12557373182726358,0.011253701420486326,0.12557373182726358,0.011253701420486326,6.873449152105539,0.17869020397897992,8.362670402067907
72,2.0,0.20633106850524852,0.07061154722204002,30.0,-0.6922198174399639,NACA4412,True,0.0,-32.77791657134424,-0.6370202641477992,0.019636972634368144,0.6370202641477992,0.019636972634368144,32.77791657134424,0.2769426157272885,14.443425362671118
85,1.5580876002556971,0.2013409218682915,0.07791970997942883,14.349515230515722,5.0,NACA0012,True,0.0,-27.383532222422065,-0.573425153110383,0.021020962712544427,0.573425153110383,0.021020962712544427,27.383532222422065,0.21755626386075214,11.158662715518854
86,1.786746839913393,0.20790028542376812,0.06779282285619323,4.111622965842396,5.0,NACA0012,True,0.0,-29.567766907480518,-0.6019758727206858,0.02031257632406007,0.6019758727206858,0.02031257632406007,29.567766907480518,0.2462968950025609,12.96185349761434
87,1.0924357757187435,0.3063575271702916,0.15373221507517126,11.050628772384771,2.7012033845775947,NACA4412,True,0.0,-15.972829741109352,-0.6771169359093046,0.04776644408850681,0.6771169359093046,0.04776644408850681,15.972829741109352,0.25130924723507947,4.74879431298391
88,1.3373718390962026,0.2581007257346919,0.05,15.205054841265413,-2.2748688272203585,NACA4412,True,0.0,-24.250818981893616,-0.575659161510956,0.024732257438441988,0.575659161510956,0.024732257438441988,24.250818981893616,0.2060226171013398,8.681393631301114
64,1.6585485530154291,0.2671965808159469,0.05,22.78944150124473,-0.5544741979908072,NACA2412,True,0.0,-25.181349547570054,-0.47918080734365515,0.018100476088389293,0.47918080734365515,0.018100476088389293,25.181349547570054,0.26304296506686514,10.457543702072886
89,1.194857824613731,0.27470855726931953,0.1014983387186858,0.0,0.24819982564534993,NACA2412,True,0.0,-19.896248084577575,-0.49005698192203195,0.025384795317296236,0.49005698192203195,0.025384795317296236,19.896248084577575,0.22475687667245609,6.352131432762609
90,1.5615540839746593,0.2190482130850261,0.05,19.508590185745366,-1.3286162352629907,NACA4412,True,0.0,-28.744828484502154,-0.6366297122563224,0.022866951844576627,0.6366297122563224,0.022866951844576627,28.744828484502154,0.21006666796450343,11.60798703005077
91,1.9526357286200924,0.1985410040652014,0.19365871901478748,10.372445262723666,4.454191565066208,NACA2412,True,0.0,-26.072891209773463,-0.7200822759530611,0.02977393206892077,0.7200822759530611,0.02977393206892077,26.072891209773463,0.3829115960204462,9.957353938375189
92,2.0,0.18817181095938995,0.0823587257074516,11.63367928907382,4.470516518154162,NACA0012,True,0.0,-31.17751869036589,-0.5794144742721236,0.018035728337424155,0.5794144742721236,0.018035728337424155,31.17751869036589,0.27053053666684157,14.78576152357248
93,1.8689870282585839,0.19400485238735257,0.10796592325952696,24.593794191443685,-0.31496510477185713,NACA2412,True,0.0,-27.69260786572978,-0.49672684109352555,0.01699691459701478,0.49672684109352555,0.01699691459701478,27.69260786572978,0.2821897312986005,12.378595407153913
94,1.0521830908924386,0.3754849965115623,0.10901030829740223,0.0,1.033690261438394,NACA4412,True,0.0,-15.779415616432976,-0.6057995033984833,0.04349446756844572,0.6057995033984833,0.04349446756844572,15.779415616432976,0.25488888366838525,4.343419143379778
95,1.790950061250192,0.19587021304505964,0.08093845091258615,27.82687653019523,-1.0242180617505934,NACA4412,True,0.0,-30.762901944400898,-0.6255852695700789,0.020680507269556118,0.6255852695700789,0.020680507269556118,30.762901944400898,0.2478752468347648,12.939985588920896
96,1.6873800337875016,0.211163305349945,0.07481937796672494,15.560729178725603,4.7298448706629035,NACA4412,True,0.0,-27.12012501258582,-0.9185422566946162,0.03663322097720235,0.9185422566946162,0.03663322097720235,27.12012501258582,0.24128073491876148,11.800574875500818
97,1.9423514267936093,0.27412160043092665,0.08850105519364332,0.0,-1.5354786240737428,NACA0012,True,0.0,-16.279228165184026,-0.2906247117794343,0.013166982765024473,0.2906247117794343,0.013166982765024473,16.279228165184026,0.35217031627003553,10.712796879434705
98,1.8392443298132668,0.20366110396742237,0.12002913819774964,10.960618288954871,-1.8974074100015212,NACA2412,True,0.0,-24.368659284587356,-0.4519611123014438,0.016745167170812852,0.4519611123014438,0.016745167170812852,24.368659284587356,0.2976727212590879,11.36422474468502
99,1.5643995252642742,0.24149996388051975,0.19561409153310802,27.318372868639102,0.3411611859067587,NACA2412,True,0.0,-21.446767547552383,-0.46531135669955903,0.021700848390148523,0.46531135669955903,0.021700848390148523,21.446767547552383,0.3419105103877105,7.157855053569166
100,1.5554616503519252,0.17109336490103624,0.10538099412674767,2.265278243060383,-2.753419720000188,NACA2412,True,0.0,-22.74901344783238,-0.41904574586164417,0.015960519850429778,0.41904574586164417,0.015960519850429778,22.74901344783238,0.21502263138667374,11.25212230039467
101,1.8738845161529385,0.22421775729508114,0.15959168199671828,18.078620921584186,2.2532512535159706,NACA2412,True,0.0,-26.036662091741913,-0.6044733950249279,0.024155905836659313,0.6044733950249279,0.024155905836659313,26.036662091741913,0.35960728272112213,9.764660919286444
102,1.304561311293115,0.2707801443756126,0.06447904316171127,13.26178769378032,-5.0,NACA4412,True,0.0,-21.146443277532274,-0.4535793550785321,0.020590562622173375,0.4535793550785321,0.020590562622173375,21.146443277532274,0.21868308265837777,7.7824045382671585
103,1.8424749642069966,0.21650397113606962,0.12286251831242398,19.100031269150314,-4.477785078523114,NACA2412,True,0.0,-18.88620512683796,-0.32350330399492294,0.0135309185745979,0.32350330399492294,0.0135309185745979,18.88620512683796,0.31263713024983364,10.858319966719245
104,1.7587006845654753,0.255713218206986,0.11618338724752376,6.981497265737899,-0.15219605820127535,NACA2412,True,0.0,-24.244209747969425,-0.5171182461387388,0.02100621648369097,0.5171182461387388,0.02100621648369097,24.244209747969425,0.3270274073002114,9.45800880551785
105,1.7399964841537408,0.28919563685168664,0.28206074973520007,26.51706521325519,4.732917845038277,NACA2412,True,0.0,-19.917954042114385,-0.6101060293046069,0.03356893253208844,0.6101060293046069,0.03356893253208844,19.917954042114385,0.4969920521057765,6.091823303892609
106,1.675107409779784,0.3,0.24045081765343856,10.093377243289043,-1.242519875331491,NACA4412,True,0.0,-20.118732355870492,-0.5799282643488112,0.0314975807519111,0.5799282643488112,0.0314975807519111,20.118732355870492,0.45265658463640895,6.198926359489526
107,1.7596983235490202,0.24964165136341254,0.06949604494337658,22.9943823740983,-0.47047301496752214,NACA4412,True,0.0,-28.130650053108635,-0.6551629640533648,0.024354813874016275,0.6551629640533648,0.024354813874016275,28.130650053108635,0.2807930345861766,11.027831208366
108,1.3798603440519324,0.1525323162716909,0.14807808711669798,17.42496219546959,4.26152153942166,NACA0012,True,0.0,-24.25972590108057,-0.5154202465314935,0.021111938721426988,0.5154202465314935,0.021111938721426988,24.25972590108057,0.2074001873225462,9.18038982349624
109,1.955621452479086,0.29939013487007715,0.0740502246432687,23.442945618546382,0.9795678369824605,NACA4412,True,0.0,-27.160744376405546,-0.7081933345975892,0.027786373010136232,0.7081933345975892,0.027786373010136232,27.160744376405546,0.36515398914290076,10.47354096931345
110,1.4657997983849653,0.5,0.1414442816204304,18.54733077689719,5.0,NACA0012,True,0.0,-17.051099094285657,-0.4541268451160896,0.028364382551199784,0.4541268451160896,0.028364382551199784,17.051099094285657,0.4701144493372079,4.57031059558916
111,2.0,0.32224232498104194,0.05582019595149311,0.0,5.0,NACA4412,True,0.0,-24.70123609977784,-0.9419695123854934,0.041644199648243695,0.9419695123854934,0.041644199648243695,24.70123609977784,0.37806252093253506,10.580260614391333
112,1.993030804727545,0.36181130197045025,0.08093503779728492,28.566030857916946,4.957479179824298,NACA4412,True,0.0,-23.438996347128406,-0.8208274271868271,0.0379474462949344,0.8208274271868271,0.0379474462949344,23.438996347128406,0.4412035469187321,9.00303684395489
113,2.0,0.188177972507298,0.08530282610652697,11.362014227639593,4.957886726799302,NACA0012,True,0.0,-31.461224224939695,-0.6016760266541084,0.01882408594444139,0.6016760266541084,0.01882408594444139,31.461224224939695,0.27348079861382496,14.626255372496168
114,1.6235994598229542,0.2642028384317228,0.07944607415394618,11.871707800923957,5.0,NACA0012,True,0.0,-25.057651450196204,-0.5608806822516853,0.022815072770011408,0.5608806822516853,0.022815072770011408,25.057651450196204,0.2789740944214189,9.449175599635883
115,2.0,0.20366110396742237,0.12002913819774964,10.960618288954871,-1.8974074100015212,NACA2412,True,0.0,-25.419671609866885,-0.45818249682184814,0.016221272896164863,0.45818249682184814,0.016221272896164863,25.419671609866885,0.323690242165172,12.357493303609962
116,1.709579267158057,0.21336237631564284,0.05,11.440898407386834,-1.236327639334855,NACA2412,True,0.0,-27.120735124717356,-0.4912024439183776,0.01672267416645432,0.4912024439183776,0.01672267416645432,27.120735124717356,0.22511942914935057,12.982714471782456
117,1.9696775775001862,0.19768176342723137,0.05,22.175232943833265,2.5073526238906414,NACA2412,True,0.0,-33.99657346912702,-0.647863407489362,0.01908595798900879,0.647863407489362,0.01908595798900879,33.99657346912702,0.24392660788916165,15.904905958721304
118,1.98873350271947,0.19651541050328142,0.10182963683071543,11.43655897640046,4.477392162721873,NACA2412,True,0.0,-30.952206944217405,-0.7549405741058698,0.025725002946772782,0.7549405741058698,0.025725002946772782,30.952206944217405,0.2966643955017728,13.331768169042777
119,1.632389279413203,0.25787359083186057,0.05,18.92408351910355,-5.0,NACA4412,True,0.0,-24.814041579604538,-0.4715641799456614,0.017822002355791313,0.4715641799456614,0.017822002355791313,24.814041579604538,0.25128477454418807,10.60428258885448
120,1.6700501425471237,0.2504642648992678,0.06722151141146497,23.04468462016701,-0.5209139935892027,NACA2412,True,0.0,-25.288276370838236,-0.4802778739458027,0.018076178559602325,0.4802778739458027,0.018076178559602325,25.288276370838236,0.2652755880064665,10.513849011065732
121,1.906292016594902,0.223624180591619,0.07098555955897297,22.763761685089083,-0.6746305910912681,NACA4412,True,0.0,-30.716923632604306,-0.6635977205481838,0.02225782816700889,0.6635977205481838,0.02225782816700889,30.716923632604306,0.28080609783008603,12.941133688387128
122,1.3957798871157856,0.2788305978063508,0.1951748223020619,28.182654161824814,0.39555600778340894,NACA2412,True,0.0,-19.40326385137379,-0.4430576459492384,0.023148240395326633,0.4430576459492384,0.023148240395326633,19.40326385137379,0.33080361588559537,5.889299269179446
123,2.0,0.17615114493265197,0.09304259164281785,8.502498579163335,5.0,NACA4412,True,0.0,-31.067914595618998,-0.9846013560346192,0.03399566801340744,0.9846013560346192,0.03399566801340744,31.067914595618998,0.2691937365754698,14.859186736235893
124,1.846994656562147,0.4087821322291816,0.06665450982277477,8.73965456197279,3.035164375764573,NACA0012,True,0.0,-21.147029839689406,-0.4602753913960726,0.020988518196237687,0.4602753913960726,0.020988518196237687,21.147029839689406,0.43906446870190674,7.76967735844098
125,1.6250104410216066,0.2262250117125206,0.09340435231400755,15.777278162031433,-1.403149033838754,NACA0012,True,0.0,-16.19121325308947,-0.2846892000053545,0.013111430612966926,0.2846892000053545,0.013111430612966926,16.19121325308947,0.2597005269001021,10.168092321372177
126,1.9411153241858798,0.3,0.23200616781222524,10.427422714708925,-0.2995446991920526,NACA4412,True,0.0,-21.912748247056395,-0.6428122639610873,0.03207511121256832,0.6428122639610873,0.03207511121256832,21.912748247056395,0.5163426624508576,7.297341428082872
72,2.0,0.20633106850524852,0.07061154722204002,30.0,-0.6922198174399639,NACA4412,True,0.0,-32.77791657134424,-0.6370202641477992,0.019636972634368144,0.6370202641477992,0.019636972634368144,32.77791657134424,0.2769426157272885,14.443425362671118
127,1.5580876002556971,0.2013409218682915,0.07791970997942883,16.08172296307347,5.0,NACA0012,True,0.0,-27.397590277491208,-0.5695200927175034,0.020833360482268058,0.5695200927175034,0.020833360482268058,27.397590277491208,0.21755626386075214,11.158662715518854
128,1.067811472816538,0.364871988157775,0.05,0.0,2.44623321714105,NACA2412,True,0.0,-18.120933979060943,-0.5436205110003433,0.033094044096424836,0.5436205110003433,0.033094044096424836,18.120933979060943,0.2215025343525395,5.147667248194407
129,1.999729431555629,0.19528783542088055,0.079784893311357,28.21088554679318,2.0012306810782547,NACA0012,True,0.0,-27.2288959964289,-0.4229268958469581,0.013772016769542997,0.4229268958469581,0.013772016769542997,27.2288959964289,0.27503551573208657,14.53964150333648
130,1.537402052544652,0.19857777310473315,0.07734928941053582,18.458482637641453,5.0,NACA0012,True,0.0,-27.398952880225142,-0.5633103869304291,0.020555782301648923,0.5633103869304291,0.020555782301648923,27.398952880225142,0.2121054161317955,11.143539445026901
105,1.7399964841537408,0.28919563685168664,0.28206074973520007,26.51706521325519,4.732917845038277,NACA2412,True,0.0,-19.917954042114385,-0.6101060293046069,0.03356893253208844,0.6101060293046069,0.03356893253208844,19.917954042114385,0.4969920521057765,6.091823303892609
131,2.0,0.19741105676599793,0.05,26.390067212394577,5.0,NACA4412,True,0.0,-33.93924836094249,-0.9124976749588374,0.028352485981442462,0.9124976749588374,0.028352485981442462,33.93924836094249,0.24741105676599795,16.167426194631272
132,1.7867106900493985,0.208363532106154,0.06193466126147371,30.0,-0.5424839950704365,NACA4412,True,0.0,-31.307258675252807,-0.6359764769909161,0.02070292086857568,0.6359764769909161,0.02070292086857568,31.307258675252807,0.24147233579548993,13.220293245684594
133,1.708231029024761,0.15,0.11707364430259662,21.144978936916228,-0.3942375701291552,NACA4412,True,0.0,-30.510785098598593,-0.6812072426922721,0.02316443809951838,0.6812072426922721,0.02316443809951838,30.510785098598593,0.22811174311620883,12.792209680482896
134,1.9052385683459026,0.19616888642142577,0.11960758556377427,8.739595774664858,2.2398563461604746,NACA4412,True,0.0,-28.575805298681022,-0.8287738966685018,0.0312495953870901,0.8287738966685018,0.0312495953870901,28.575805298681022,0.3008147567012013,12.067007756266262
135,1.444770882613542,0.15,0.061984857338042224,3.7064870607261575,4.031190459896302,NACA0012,True,0.0,-29.45790087848079,-0.5615695398921061,0.018417707187739652,0.5615695398921061,0.018417707187739652,29.45790087848079,0.15313477471849452,13.630887609199691
136,1.8004618633252119,0.22006552431732243,0.18727636950312881,18.217770053957572,3.199124923565166,NACA4412,True,0.0,-23.397837907938833,-0.7981494756454435,0.03731010160233832,0.7981494756454435,0.03731010160233832,23.397837907938833,0.3667017725791952,8.840052499578261
137,1.885033828589386,0.20426804145006816,0.11828052984663466,5.628132464397588,-0.20998829914169903,NACA4412,True,0.0,-28.6847441980633,-0.7178080451142543,0.02653297046694818,0.7178080451142543,0.02653297046694818,28.6847441980633,0.30400748412873013,11.688371900152672
138,1.9490129968883732,0.20459776520248382,0.05475037929626658,11.829201571160164,2.6937657681682943,NACA2412,True,0.0,-32.949402131889315,-0.6837923028181881,0.021151974847217824,0.6837923028181881,0.021151974847217824,32.949402131889315,0.25273645217347424,15.030090156652449
72,2.0,0.20633106850524852,0.07061154722204002,30.0,-0.6922198174399639,NACA4412,True,0.0,-32.77791657134424,-0.6370202641477992,0.019636972634368144,0.6370202641477992,0.019636972634368144,32.77791657134424,0.2769426157272885,14.443425362671118
139,1.481078920964126,0.23006817504539762,0.13764217130278453,18.21594506290908,-3.962925075413156,NACA4412,True,0.0,-22.50217191135496,-0.4907682262147091,0.021693558350735605,0.4907682262147091,0.021693558350735605,22.50217191135496,0.2723040214983553,8.055682608189128
140,1.564855630447667,0.32547837351318815,0.09269896300459113,5.959364884245327,3.6756031686321817,NACA0012,True,0.0,-21.31144186319491,-0.4850550411339616,0.022657198698164766,0.4850550411339616,0.022657198698164766,21.31144186319491,0.32719357978772784,7.484172353664295
141,1.8435808146386017,0.3770035676040261,0.06655645896561978,26.473446473489883,3.8466693615204584,NACA4412,True,0.0,-22.662639439809737,-0.7771869918885486,0.03735838712552117,0.7771869918885486,0.03735838712552117,22.662639439809737,0.40886937756219377,8.312655353081645
142,1.9515046608860913,0.27675224527387465,0.08555265874808891,20.697093755089114,0.11729720108456831,NACA2412,True,0.0,-26.249907273664604,-0.5160800519663792,0.019148887857581547,0.5160800519663792,0.019148887857581547,26.249907273664604,0.3535198544303749,10.772720099685914
143,1.851556342657976,0.20711711836760818,0.09285168141836406,13.315530276936364,-0.681532307414467,NACA4412,True,0.0,-29.70943506911556,-0.6894694763399078,0.024242147029883865,0.6894694763399078,0.024242147029883865,29.70943506911556,0.2777045669216087,12.344992839115678
144,1.8539765628619138,0.20366110396742237,0.12002913819774964,10.960618288954871,-1.8974074100015212,NACA0012,True,0.0,-16.040266270851205,-0.2733795272092922,0.012442297975548683,0.2733795272092922,0.012442297975548683,16.040266270851205,0.30005706130066306,11.455251480307956
145,1.786307036944094,0.2200447108525165,0.05975122091327932,11.206828462755334,0.02890463038397212,NACA2412,True,0.0,-28.50312474139736,-0.5479363888288843,0.01860182328129264,0.5479363888288843,0.01860182328129264,28.50312474139736,0.24990072091078533,12.76864195752016
146,1.931777977183908,0.40745460984173965,0.0642773336836314,30.0,3.470557604157205,NACA4412,True,0.0,-22.893152167800647,-0.740360925488023,0.035083316361295074,0.740360925488023,0.035083316361295074,22.893152167800647,0.45564068981823747,8.190151223371675
147,1.8226440420028964,0.1895585134972371,0.08686313844404932,18.781266176531112,-1.0693312632589835,NACA0012,True,0.0,-19.422407517395218,-0.30778957552468145,0.01227972525269929,0.30778957552468145,0.01227972525269929,19.422407517395218,0.251909138495692,13.187418779987876
148,1.5627836679277374,0.16832798158731038,0.06964280835928544,1.792715499062556,5.0,NACA0012,True,0.0,-29.769012414735997,-0.6042586523269186,0.020238796754608986,0.6042586523269186,0.020238796754608986,29.769012414735997,0.18594843198620106,13.13424784847291
149,1.8007719096864163,0.22423983038848813,0.14772101438113733,10.623573053289796,2.455814336513738,NACA2412,True,0.0,-25.83378362235736,-0.6288474246706889,0.025617050455933054,0.6288474246706889,0.025617050455933054,25.83378362235736,0.33490832038218554,9.682588557415107
150,1.916233632340302,0.16552005981031925,0.05,0.0,3.8890689047842795,NACA4412,True,0.0,-35.41228549257507,-0.9631038509642561,0.028840710161953848,0.9631038509642561,0.028840710161953848,35.41228549257507,0.20649339352626359,17.782415558225004
151,1.862924434945111,0.4087821322291816,0.08120077080545174,8.73965456197279,3.035164375764573,NACA0012,True,0.0,-20.911132273391292,-0.4579772246438382,0.021148532636579353,0.4579772246438382,0.021148532636579353,20.911132273391292,0.4564005613842797,7.604038522190781
152,1.8558223175446622,0.3,0.19899499486130562,20.945579813636254,1.1946237900995644,NACA2412,True,0.0,-22.227060327360363,-0.5215801321166545,0.024252880350908612,0.5215801321166545,0.024252880350908612,22.227060327360363,0.4630230239033475,7.43824020944532
153,1.7752572236465187,0.18231548438124326,0.12143596057849664,14.068233719757272,-0.09979692227494297,NACA0012,True,0.0,-20.44429530340547,-0.3515426305523069,0.013865877141820181,0.3515426305523069,0.013865877141820181,20.44429530340547,0.2696184734289231,11.688880847179616
154,1.9697589848036705,0.23871517842118936,0.07381513875755025,12.656568566542147,1.2335646653049106,NACA4412,True,0.0,-29.817210567710614,-0.7799280592761608,0.02786743684396052,0.7799280592761608,0.02786743684396052,29.817210567710614,0.3078047001431816,12.605234606261531
155,2.0,0.19817236453948062,0.07460462038855252,26.64966240616316,-2.5167894113540266,NACA4412,True,0.0,-31.983297153516776,-0.577885654361563,0.01772984836881118,0.577885654361563,0.01772984836881118,31.983297153516776,0.27277698492803315,14.66399374219684
156,2.0,0.20402224996050936,0.06661274869143964,27.858541508343865,-1.4414473582493876,NACA4412,True,0.0,-32.81968298757505,-0.6186707005051179,0.01885003351554516,0.6186707005051179,0.01885003351554516,32.81968298757505,0.270634998651949,14.780054390320052
157,1.9024552692676364,0.19976379359491764,0.1307135358043215,10.553643442709197,2.1509675100226535,NACA4412,True,0.0,-27.840715019097697,-0.8147184935348007,0.031585520580980235,0.8147184935348007,0.031585520580980235,27.840715019097697,0.3143591683445394,11.513378377427765
158,1.7766757464271998,0.20731111600811186,0.07210138844896644,21.20948848239921,1.1680914766580879,NACA4412,True,0.0,-30.29552832325125,-0.7484794978829056,0.02608481092228279,0.7484794978829056,0.02608481092228279,30.29552832325125,0.24821270995868647,12.717224305185828
159,1.999696946672746,0.19619369620714952,0.05318406189141214,17.00337914184017,4.5076610289106664,NACA4412,True,0.0,-33.31963875154742,-0.9430008049622546,0.030070942312526636,0.9430008049622546,0.030070942312526636,33.31963875154742,0.2493399707188942,16.037492372374324
160,1.9114625581567093,0.2655305379185554,0.19879759069717648,29.299754785298177,-0.8960878866089472,NACA4412,True,0.0,-24.074921034944893,-0.5781332025573463,0.025245864546157053,0.5781332025573463,0.025245864546157053,24.074921034944893,0.44377291627397225,8.233240419249272
161,1.727629919557876,0.19947480357365843,0.14040364983184214,21.4959792897541,4.265458002835653,NACA4412,True,0.0,-25.18841881950775,-0.8506920567267375,0.03662692461759192,0.8506920567267375,0.03662692461759192,25.18841881950775,0.2935920925582001,10.166163240107977
162,1.9162875602793608,0.37923256478707307,0.06577656809784635,29.459078931451398,3.0803514576477684,NACA4412,True,0.0,-23.758805648965396,-0.7358791688423278,0.03350583999637193,0.7358791688423278,0.03350583999637193,23.758805648965396,0.426382732779038,8.612351606612613
163,1.8870238858988202,0.20592930008776494,0.05,24.736327667376017,4.133583861340561,NACA4412,True,0.0,-32.287059395743505,-0.8757408207505435,0.028725728367199378,0.8757408207505435,0.028725728367199378,32.287059395743505,0.24147235118348973,14.74644665735193
164,2.0,0.20439566819280955,0.12048084417909735,7.440046161449736,-2.1843717021385594,NACA4412,True,0.0,-29.2450848362364,-0.6314855916127055,0.022039974710674412,0.6314855916127055,0.022039974710674412,29.2450848362364,0.3248765123719069,12.312370539797424
165,1.5236513900385686,0.1986274012431608,0.05365180635778158,16.173705080054823,-2.6386224728174783,NACA4412,True,0.0,-28.789669128304883,-0.5927323163721273,0.020695324194869098,0.5927323163721273,0.020695324194869098,28.789669128304883,0.19219278266950224,12.07908812246386
166,1.9680889408679896,0.20600400632475152,0.05767311933034727,10.872873054524417,0.8791533626037213,NACA4412,True,0.0,-32.97844543121521,-0.7870599887122921,0.02506696174899456,0.7870599887122921,0.02506696174899456,32.97844543121521,0.2594700174808296,14.928021806808802
167,2.0,0.49917416174495,0.05,24.309429765593528,3.128792285778377,NACA4412,True,0.0,-21.055849821910297,-0.7384553005872082,0.03850609701736796,0.7384553005872082,0.03850609701736796,21.055849821910297,0.54917416174495,7.283663869564385
168,2.0,0.2877917618373387,0.12518531792177362,27.510245529093122,-5.0,NACA0012,True,0.0,-7.521928370427819,-0.1200318539459979,0.010397850240367627,0.1200318539459979,0.010397850240367627,7.521928370427819,0.4129770797591123,9.685767554783386
169,1.9524418404997428,0.26952857764447713,0.09459901554967529,12.312643764180237,3.2784934673523973,NACA0012,True,0.0,-25.280485814659524,-0.4975349648785607,0.018743597388389332,0.4975349648785607,0.018743597388389332,25.280485814659524,0.3554689741163663,10.723943348389437
170,1.3009384613356838,0.21787472408441694,0.15344890410797765,17.97912916483915,-3.947636267408546,NACA2412,True,0.0,-15.871780044042744,-0.31829653816356457,0.016177424579992054,0.31829653816356457,0.016177424579992054,15.871780044042744,0.2415345947590987,7.007033016825022
171,1.9426801965348572,0.2574927014027338,0.05,7.028974506176711,2.5151150017742094,NACA4412,True,0.0,-29.24255806295946,-0.85040662477314,0.031300866629966985,0.85040662477314,0.031300866629966985,29.24255806295946,0.2986799907970485,12.635618261328826
172,1.7978860722847294,0.21362096657774293,0.06494466603014482,30.0,0.24020261557133615,NACA4412,True,0.0,-31.01489664982562,-0.6660281514416314,0.022151094800363886,0.6660281514416314,0.022151094800363886,31.01489664982562,0.2504146355414531,12.908168573798585
173,1.6444249820557355,0.22617193055639878,0.05041574991689193,15.233474209710696,-2.485816714972399,NACA0012,True,0.0,-14.916904308527956,-0.24495668887691158,0.011741427978666376,0.24495668887691158,0.011741427978666376,14.916904308527956,0.22741384574956433,11.890804241474758
174,1.6021346687469624,0.2104512880414856,0.07928511496667362,5.149337137805508,5.0,NACA0012,True,0.0,-27.202696596830933,-0.5857980014049861,0.021753477845159103,0.5857980014049861,0.021753477845159103,27.202696596830933,0.2320983680287068,11.059256980572405
175,1.841759040869922,0.2309056349124831,0.066311833777572,30.0,-0.3993737632581862,NACA4412,True,0.0,-30.257737726330664,-0.6361952876101828,0.021573937416351677,0.6361952876101828,0.021573937416351677,30.257737726330664,0.2737014800321909,12.393343157030579
176,2.0,0.2043339899892496,0.1256635831519812,13.25865844033083,-0.36298819825831374,NACA0012,True,0.0,-20.232343839096878,-0.3428125167144314,0.013486796382167,0.3428125167144314,0.013486796382167,20.232343839096878,0.3299975731412308,12.121301262685646
177,2.0,0.20209556253488153,0.05,14.889853560628598,1.9422727780168705,NACA4412,True,0.0,-34.062950658115156,-0.8315847518326399,0.025684233910108805,0.8315847518326399,0.025684233910108805,34.062950658115156,0.2520955625348815,15.86699884670336
178,1.7121584108421888,0.23750897473299487,0.08095308088589413,11.114475717991676,3.0695018387431077,NACA0012,True,0.0,-25.058601147227723,-0.490293643606754,0.018487110714038434,0.490293643606754,0.018487110714038434,25.058601147227723,0.2726287435309869,10.752668210439293
179,1.8114826501259365,0.20979023199614635,0.05,30.0,3.863313696535571,NACA4412,True,0.0,-31.727719457014874,-0.8229636826966064,0.02735327886185245,0.8229636826966064,0.02735327886185245,31.727719457014874,0.23530274896660555,13.945733341912618
180,2.0,0.17615114493265197,0.09304259164281785,8.502498579163335,5.0,NACA0012,True,0.0,-31.744616868068746,-0.609515125164288,0.01892656732495777,0.609515125164288,0.01892656732495777,31.744616868068746,0.2691937365754698,14.859186736235893
181,1.690112852453278,0.20782196120583796,0.08139552653414067,13.590609111433885,0.8271150241401375,NACA2412,True,0.0,-27.931339776500263,-0.5717494536328085,0.020390357961193085,0.5717494536328085,0.020390357961193085,27.931339776500263,0.24440509659179313,11.687487265450395
182,1.906292016594902,0.23233615654524503,0.07098555955897297,26.41693724744249,-0.6746305910912681,NACA4412,True,0.0,-30.331421682662526,-0.6445113790616553,0.021824133665299422,0.6445113790616553,0.021824133665299422,30.331421682662526,0.28910988293466805,12.569439742586193
183,1.9151671811560156,0.22943288610673904,0.10929409996243764,0.0,-0.8922660305359305,NACA4412,True,0.0,-28.15140511357926,-0.6856965038615854,0.02568140697171846,0.6856965038615854,0.02568140697171846,28.15140511357926,0.324359403545789,11.308028352750672
184,2.0,0.19564464557203873,0.1273161785608334,2.1264178658017103,2.344317230025967,NACA4412,True,0.0,-28.899529473425662,-0.8447706684797386,0.031513179693243805,0.8447706684797386,0.031513179693243805,28.899529473425662,0.32296082413287214,12.385403123551372
185,2.0,0.20703442196798605,0.061609303276659276,15.433429634467233,0.24817032365250835,NACA4412,True,0.0,-33.088976982678204,-0.7452568331391064,0.02342638570450783,0.7452568331391064,0.02342638570450783,33.088976982678204,0.2686437252446453,14.889608891320007
186,1.7835281402706242,0.4008031119464531,0.06328211820617244,8.480512740041647,-0.6378006191043348,NACA2412,True,0.0,-21.347293867011363,-0.47298195623596767,0.02170177404511235,0.47298195623596767,0.02170177404511235,21.347293867011363,0.4138545337305884,7.686209447708856
187,1.883533694127849,0.20549542808206978,0.05,27.332001321995875,-1.6483094398677185,NACA4412,True,0.0,-32.66169075104697,-0.6122680941117244,0.018693572470818615,0.6122680941117244,0.018693572470818615,32.66169075104697,0.24061712374409852,14.744167504420659
188,2.0,0.2089250268380213,0.051772454359160905,15.51261847102791,2.464656672992946,NACA4412,True,0.0,-33.24410253911662,-0.8499618620794154,0.027038763988888163,0.8499618620794154,0.027038763988888163,33.24410253911662,0.2606974811971822,15.3434547262639
189,2.0,0.2073363487863781,0.05,26.098300218993707,-2.570244869771116,NACA4412,True,0.0,-32.885143810008216,-0.582151223484134,0.017296278306184767,0.582151223484134,0.017296278306184767,32.885143810008216,0.2573363487863781,15.543859306562666
190,1.8727587427763983,0.18740951616663898,0.055715627114707,10.962843136350429,1.1152860171104044,NACA4412,True,0.0,-33.55121933372906,-0.8011904693197147,0.02507615101082768,0.8011904693197147,0.02507615101082768,33.55121933372906,0.22765736883445262,15.405718367920752
191,1.5236513900385686,0.1986274012431608,0.05365180635778158,19.795980164988425,-2.85257561667829,NACA4412,True,0.0,-28.686897780819645,-0.5732245888592731,0.01990152246708474,0.5732245888592731,0.01990152246708474,28.686897780819645,0.19219278266950224,12.07908812246386
192,1.5911731243451517,0.21023861969393487,0.08047367630831416,2.743839053067676,1.9463559250656934,NACA2412,True,0.0,-27.470151387322847,-0.6288127375574776,0.023693906879614684,0.6288127375574776,0.023693906879614684,27.470151387322847,0.23128679615772554,10.9467204946353
193,1.9657335469854633,0.35636855723940575,0.05,28.248976583411682,-0.26112183654847665,NACA4412,True,0.0,-26.31539282852522,-0.6260691534338377,0.024985204124150617,0.6260691534338377,0.024985204124150617,26.31539282852522,0.3994061527027912,9.674634082613737
194,1.9778403830001898,0.23774281507208864,0.09073637699224368,17.231437624958076,3.2435232792536857,NACA0012,True,0.0,-26.775951205835458,-0.4962206050715991,0.017441504372355327,0.4962206050715991,0.017441504372355327,26.775951205835458,0.3248397055200559,12.042408960947713
195,2.0,0.19566467425843023,0.05,22.702427825568027,5.0,NACA4412,True,0.0,-33.777912800819685,-0.9372889992426638,0.029359937393877118,0.9372889992426638,0.029359937393877118,33.777912800819685,0.24566467425843025,16.2823572907847
150,1.916233632340302,0.16552005981031925,0.05,0.0,3.8890689047842795,NACA4412,True,0.0,-35.41228549257507,-0.9631038509642561,0.028840710161953848,0.9631038509642561,0.028840710161953848,35.41228549257507,0.20649339352626359,17.782415558225004
196,1.9161352454583238,0.199167528611392,0.16504850473332383,9.860157068546838,0.13616944086998117,NACA2412,True,0.0,-25.895808841017487,-0.5372453927373427,0.020448387744278266,0.5372453927373427,0.020448387744278266,25.895808841017487,0.3489435892264171,10.521970863620815
197,1.9826956192529204,0.15,0.05,0.0,3.9914155629154484,NACA0012,True,0.0,-35.39792824375457,-0.5877521260989593,0.01566077229998256,0.5877521260989593,0.01566077229998256,35.39792824375457,0.19826956192529205,19.826956192529202
198,1.9302543549226654,0.17437081557985934,0.05754247992638084,25.94324324165205,5.0,NACA4412,True,0.0,-34.532132058751536,-0.9186540376066601,0.028022067826859797,0.9186540376066601,0.028022067826859797,34.532132058751536,0.22382582430769354,16.646344925668373
199,1.9241348519826842,0.20267960744604482,0.05,29.522367513806394,4.10618367658253,NACA4412,True,0.0,-33.357926125931286,-0.8456245411534272,0.026638676309000853,0.8456245411534272,0.026638676309000853,33.357926125931286,0.2430948195361191,15.229838857443598
200,2.0,0.1980349944209188,0.05622346484864715,17.952944703713396,0.3252537913193243,NACA4412,True,0.0,-34.19820172010419,-0.7454801413224942,0.022546562086195005,0.7454801413224942,0.022546562086195005,34.19820172010419,0.2542584592695659,15.732023278561531
201,1.9092657078982092,0.25782074352636586,0.05120401520374699,19.561205834566643,0.8560969690996754,NACA4412,True,0.0,-29.785220040949042,-0.7384053787688316,0.026205475407578848,0.7384053787688316,0.026205475407578848,29.785220040949042,0.2950051873674611,12.35671676110372
202,1.9546217714795124,0.20625036377413947,0.0960537664642066,24.736327667376017,4.133583861340561,NACA4412,True,0.0,-29.716284895769068,-0.8604547439418505,0.030897442163025663,0.8604547439418505,0.030897442163025663,29.716284895769068,0.2954451172860246,12.931492334811484
203,1.9374983105385324,0.1911307667327574,0.1053930347972029,2.1954401829626637,-1.219967104409003,NACA4412,True,0.0,-30.485112188601036,-0.6863269135902588,0.023334824275318734,0.6863269135902588,0.023334824275318734,30.485112188601036,0.28725718224938057,13.068079530491051
204,1.9405274824163807,0.21297793331241133,0.05880538770120519,17.69051900584791,-0.15980602825413975,NACA2412,True,0.0,-29.933890607074108,-0.5345909046104917,0.016975544646033663,0.5345909046104917,0.016975544646033663,29.933890607074108,0.2637015018446581,14.279960044488229
205,1.316864590358657,0.16329003834051248,0.15,20.610707172403806,0.8203188611166637,NACA4412,True,0.0,-23.775178039073527,-0.6840435365155391,0.031187030771465535,0.6840435365155391,0.031187030771465535,23.775178039073527,0.20628027900136348,8.406680259187606
206,1.6532860389388815,0.19654948719438803,0.07928511496667362,5.149337137805508,4.905984825914844,NACA4412,True,0.0,-26.93934519770819,-0.9549826227645913,0.0384712810127216,0.9549826227645913,0.0384712810127216,26.93934519770819,0.22801674840457192,11.98751734543817
174,1.6021346687469624,0.2104512880414856,0.07928511496667362,5.149337137805508,5.0,NACA0012,True,0.0,-27.202696596830933,-0.5857980014049861,0.021753477845159103,0.5857980014049861,0.021753477845159103,27.202696596830933,0.2320983680287068,11.059256980572405
207,1.6493976751083739,0.2391508453723864,0.07730238467491078,12.871005742976271,3.162332138026952,NACA2412,True,0.0,-27.00085552050295,-0.6643019107565463,0.02599538495969964,0.6643019107565463,0.02599538495969964,27.00085552050295,0.2609786109602737,10.424274543583293
208,2.0,0.20545072895852284,0.056942481082926974,8.430988872019562,-1.1650939424367852,NACA2412,True,0.0,-29.481629155062105,-0.5098288371340748,0.01590582922886277,0.5098288371340748,0.01590582922886277,29.481629155062105,0.26239321004144983,15.244296906037036
209,2.0,0.19972504425439766,0.06625802186389808,6.366072453634147,5.0,NACA4412,True,0.0,-31.2571635525956,-0.9903572511367454,0.03398653496063783,0.9903572511367454,0.03398653496063783,31.2571635525956,0.26598306611829575,15.038551357329656
210,2.0,0.20264755900022005,0.0663579973353558,20.706117686820537,-0.22825244247504806,NACA0012,True,0.0,-22.75500095587824,-0.3472144242275639,0.012380946302121713,0.3472144242275639,0.012380946302121713,22.75500095587824,0.2690055563355759,14.86958133686327
211,1.9024552692676364,0.23574566838388905,0.1307135358043215,10.553643442709197,2.1509675100226535,NACA4412,True,0.0,-26.117482411896848,-0.8001438139861877,0.03328176321592235,0.8001438139861877,0.03328176321592235,26.117482411896848,0.3485861219897429,10.382903458419074
212,2.0,0.20439566819280955,0.12048084417909735,7.440046161449736,-2.3799940329462475,NACA4412,True,0.0,-29.155444725743795,-0.6225440740328013,0.02169893215850678,0.6225440740328013,0.02169893215850678,29.155444725743795,0.3248765123719069,12.312370539797424
213,1.9376829931702741,0.2610381397978516,0.050305380081545274,9.702631511362963,4.218254083007155,NACA4412,True,0.0,-28.140656611761752,-0.9211036944760228,0.03538982568115797,0.9211036944760228,0.03538982568115797,28.140656611761752,0.30164252175203926,12.44723509209931
214,1.9983965111272073,0.2092620731678652,0.05641905690714279,20.995556159757122,0.8764097090979339,NACA4412,True,0.0,-33.42763399992496,-0.7538382749583615,0.023465263833135797,0.7538382749583615,0.023465263833135797,33.42763399992496,0.26546812170711487,15.043571295884002
215,1.2863429601944594,0.19874099947648846,0.05,16.28021622469859,-3.5318577816259173,NACA4412,True,0.0,-25.967969618721312,-0.5386116448317856,0.020586616452872266,0.5386116448317856,0.020586616452872266,25.967969618721312,0.15998311679415733,10.342830196081504
216,1.6426837740842724,0.2140222978454625,0.08466867530745616,25.94906107396837,0.28957611086955437,NACA0012,True,0.0,-20.669540082778127,-0.34277034736584766,0.013683850168232778,0.34277034736584766,0.013683850168232778,20.669540082778127,0.24532740753187024,10.999219405557861
217,1.8323905773497098,0.17670092811396398,0.12281994968274872,4.912372438839349,0.09217490794714706,NACA4412,True,0.0,-29.409592665083938,-0.7377579303018836,0.026603296919718095,0.7377579303018836,0.026603296919718095,29.409592665083938,0.27441961709710516,12.235478146490797
218,1.9495798598284724,0.18128101821467832,0.08462473050375917,11.66720853005163,4.991066132108029,NACA2412,True,0.0,-32.63579502392494,-0.7884841928588254,0.025423703116860968,0.7884841928588254,0.025423703116860968,32.63579502392494,0.2592022461570382,14.663690944815526
219,1.96892416799735,0.2252346320705242,0.05441366252108734,30.0,3.6434872536818306,NACA4412,True,0.0,-32.00219785661181,-0.8148570855857916,0.02681076962620303,0.8148570855857916,0.02681076962620303,32.00219785661181,0.2753031428803333,14.081431613038777
220,1.7867430784594855,0.3729447358108564,0.07580227927478157,5.501789829994442,0.9890181835085208,NACA4412,True,0.0,-22.58420350972162,-0.716502595587404,0.03491101511376058,0.716502595587404,0.03491101511376058,22.58420350972162,0.400897811591809,7.96325331821319
221,1.9762511366462765,0.1943058585259449,0.15387614178298636,9.083608374418782,0.9790714120064101,NACA2412,True,0.0,-27.584028400415118,-0.5833378028948044,0.021268696389193164,0.5833378028948044,0.021268696389193164,27.584028400415118,0.3440475369351498,11.351828267359078
222,1.7491223991630005,0.17041770456757094,0.05,30.0,3.863313696535571,NACA4412,True,0.0,-34.344921980547454,-0.8358908534264993,0.025469268347118146,0.8358908534264993,0.025469268347118146,34.344921980547454,0.19276877211561555,15.870979171972932
223,1.891893790192483,0.19622138280772633,0.06653291828318518,10.267367673157123,-0.03442517415655577,NACA4412,True,0.0,-32.36679110152252,-0.7420827106362458,0.023917581996532114,0.7420827106362458,0.023917581996532114,32.36679110152252,0.24855161529013076,14.40047818313656
224,2.0,0.2120173086584146,0.05804884074308443,25.042914167167424,-0.7305678128199777,NACA4412,True,0.0,-33.094855373977346,-0.6630943704073918,0.020351507232311734,0.6630943704073918,0.020351507232311734,33.094855373977346,0.27006614940149903,14.811186107050103
225,1.8931374199576056,0.1750716105882672,0.05,5.5763543421964075,3.062996908412918,NACA2412,True,0.0,-35.0840842687006,-0.7215659543515617,0.020969729220898754,0.7215659543515617,0.020969729220898754,35.0840842687006,0.21304574408738752,16.822534081571046
226,1.959250604826378,0.2086504897071564,0.12862279293726758,9.999713827899686,-1.312779974387709,NACA2412,True,0.0,-25.538722331046728,-0.48113085501914127,0.01744865552217733,0.48113085501914127,0.01744865552217733,25.538722331046728,0.33040144150643286,11.618178525524957
227,2.0,0.20156803172482252,0.053951459206206025,9.282141724937008,5.0,NACA4412,True,0.0,-32.174427287853185,-0.9895843047080944,0.03289262092006003,0.9895843047080944,0.03289262092006003,32.174427287853185,0.25551949093102855,15.654383097842448
228,1.7613691168457883,0.3506598441313071,0.07178627838540214,0.11524944600933859,4.382457526115388,NACA4412,True,0.0,-21.46508239090952,-0.8716445707567185,0.044823472138715986,0.8716445707567185,0.044823472138715986,21.46508239090952,0.3720417768660919,8.338905356036827
229,1.9438017570459745,0.19955373685578198,0.09861036716011785,3.2384250534135353,0.6605220713371509,NACA4412,True,0.0,-30.40672256793987,-0.7728157978187137,0.02699039590817427,0.7728157978187137,0.02699039590817427,30.40672256793987,0.2897859546370724,13.038469291677846
230,1.883533694127849,0.20549542808206978,0.05,27.332001321995875,-4.397744825906274,NACA4412,True,0.0,-30.02663052873027,-0.49497239597498566,0.015394931955721863,0.49497239597498566,0.015394931955721863,30.02663052873027,0.24061712374409852,14.744167504420659
231,2.0,0.2043879063125573,0.10899300534662713,29.65590744166617,3.767475565282194,NACA4412,True,0.0,-30.042572027493787,-0.8118455389927495,0.028648496288544063,0.8118455389927495,0.028648496288544063,30.042572027493787,0.3133809116591844,12.764019285099844
232,1.7162457053956586,0.2093884381196639,0.07579239910229596,4.603619069013831,1.7268261213397023,NACA2412,True,0.0,-28.839605229404736,-0.6278814351959233,0.022243289248657403,0.6278814351959233,0.022243289248657403,28.839605229404736,0.2447201935716635,12.036192348084613
219,1.96892416799735,0.2252346320705242,0.05441366252108734,30.0,3.6434872536818306,NACA4412,True,0.0,-32.00219785661181,-0.8148570855857916,0.02681076962620303,0.8148570855857916,0.02681076962620303,32.00219785661181,0.2753031428803333,14.081431613038777
233,1.5917579628510148,0.2294117808583071,0.051187053912388245,2.8286788135216243,-0.13785281272275918,NACA2412,True,0.0,-26.648660133144016,-0.5381508528612128,0.019657670218662302,0.5381508528612128,0.019657670218662302,26.648660133144016,0.22332271480648527,11.34543530198046
234,2.0,0.20037819059633385,0.05,16.026742401001137,4.900073517169959,NACA4412,True,0.0,-32.96803448904609,-0.9648525586512218,0.03115323889752594,0.9648525586512218,0.03115323889752594,32.96803448904609,0.25037819059633387,15.97583236172875
235,1.9793797843456555,0.17545005714350154,0.05,28.535687496513177,4.475585107028957,NACA4412,True,0.0,-36.16898200299136,-0.8824328900996407,0.0254968530341138,0.8824328900996407,0.0254968530341138,36.16898200299136,0.2231256427447099,17.55936378482049
236,1.9094612794524077,0.26929214050421246,0.051708661485392424,15.087105160556709,4.671386845834308,NACA4412,True,0.0,-27.275491039161995,-0.9188951639250051,0.03643223267657339,0.9188951639250051,0.03643223267657339,27.275491039161995,0.30646930103616,11.896925288767612
237,1.916233632340302,0.16552005981031925,0.05812211797061462,0.0,3.8890689047842795,NACA2412,True,0.0,-35.597397734222284,-0.766035229633764,0.022190606249339644,0.766035229633764,0.022190606249339644,35.597397734222284,0.21427533133682725,17.136603223541552
238,1.9248207219602838,0.17076013237943194,0.05254086282369354,5.870352693063929,3.3274928148524423,NACA4412,True,0.0,-35.05064252585094,-0.9281743871802929,0.02805120841564815,0.9281743871802929,0.02805120841564815,35.05064252585094,0.21490719140066492,17.239696761847146
239,1.916233632340302,0.16552005981031925,0.05,0.0,3.8890689047842795,NACA2412,True,0.0,-36.33439538256448,-0.7694087402328366,0.021773703439385717,0.7694087402328366,0.021773703439385717,36.33439538256448,0.20649339352626359,17.782415558225004
240,1.7454870350157379,0.24632771112001883,0.0830417606115104,12.89418472368708,5.0,NACA0012,True,0.0,-26.63991315110627,-0.5712190842908572,0.021639066120411565,0.5712190842908572,0.021639066120411565,26.63991315110627,0.2874550713186834,10.598960649507271
241,1.9405274824163807,0.21297793331241133,0.05880538770120519,15.736396135645254,-0.15980602825413975,NACA2412,True,0.0,-29.93666238693415,-0.539341006819349,0.017150037455219914,0.539341006819349,0.017150037455219914,29.93666238693415,0.2637015018446581,14.279960044488229
242,1.914419170743857,0.19193706410649203,0.18787215239030897,0.8246872484418599,-3.03679289650828,NACA4412,True,0.0,-25.868838712980196,-0.5762323501456516,0.022666358305723694,0.5762323501456516,0.022666358305723694,25.868838712980196,0.3635570226433399,10.08095163356828
243,1.7908036220431396,0.1820140181924532,0.051815957249255355,19.385528499990038,-0.15868344207746743,NACA4412,True,0.0,-33.69150002757513,-0.7156514396959922,0.02185044123692909,0.7156514396959922,0.02185044123692909,33.69150002757513,0.20937178348163502,15.31714331030727
244,2.0,0.19278280637214978,0.05,13.730510324041745,2.9003574815615867,NACA4412,True,0.0,-34.48114791623178,-0.8840645418291856,0.02708647386535039,0.8840645418291856,0.02708647386535039,34.48114791623178,0.24278280637214977,16.475631284484773
245,1.8407233788619213,0.2479308511300754,0.05022169548566045,30.0,4.213514995533187,NACA4412,True,0.0,-29.262507050735707,-0.8238777495424255,0.029935946027220665,0.8238777495424255,0.029935946027220665,29.262507050735707,0.2744081815114019,12.347527463746786
246,1.7704944561829687,0.21131490422437346,0.05,25.661383332929567,5.0,NACA4412,True,0.0,-30.24939827637755,-0.8974252485335686,0.031610403121998115,0.8974252485335686,0.031610403121998115,30.24939827637755,0.23132829462361834,13.550658057090878
247,1.8851477897699063,0.21049563390566425,0.05,22.86244120760843,5.0,NACA4412,True,0.0,-31.32598999271997,-0.9227680192575191,0.031362890664417914,0.9227680192575191,0.031362890664417914,31.32598999271997,0.24553638425098684,14.473546151277088
198,1.9302543549226654,0.17437081557985934,0.05754247992638084,25.94324324165205,5.0,NACA4412,True,0.0,-34.532132058751536,-0.9186540376066601,0.028022067826859797,0.9186540376066601,0.028022067826859797,34.532132058751536,0.22382582430769354,16.646344925668373
248,1.9762633307074275,0.22099980383445297,0.05897762500912774,17.98157325126092,0.11607508450591936,NACA2412,True,0.0,-30.088039957933546,-0.5454232698012813,0.017384834618365985,0.5454232698012813,0.017384834618365985,30.088039957933546,0.27665456302465835,14.117304661809268
249,1.9100914031308591,0.20004165286768652,0.05104109937482233,26.097143698518313,0.3012452598225338,NACA4412,True,0.0,-33.81930458015662,-0.7048063375083911,0.02138967636738438,0.7048063375083911,0.02138967636738438,33.81930458015662,0.23979550326642582,15.2148356354322
250,1.9955009165696451,0.16673331645738063,0.05485514056570125,4.997218299197799,0.6644084765251332,NACA0012,True,0.0,-27.329490414951792,-0.41877298069534713,0.01291866814678158,0.41877298069534713,0.01291866814678158,27.329490414951792,0.22108998454540665,18.010874242982638
251,1.773356986981824,0.19152552076320084,0.05,30.0,3.870260618465946,NACA2412,True,0.0,-33.227095990982015,-0.6617713904407387,0.02026015014520663,0.6617713904407387,0.02026015014520663,33.227095990982015,0.2141554848899229,14.684634413606988
252,1.9152389534313288,0.18922504587958408,0.05,0.0,4.266356530926686,NACA4412,True,0.0,-32.927342371265794,-0.9688555974994597,0.031434014668278935,0.9688555974994597,0.031434014668278935,32.927342371265794,0.22908656325248813,16.01202705502149
253,1.9491103086389614,0.17301789063617207,0.09730114733233364,10.587505991946712,4.818399864185421,NACA2412,True,0.0,-32.32548426691529,-0.7811823919761629,0.02543734580484394,0.7811823919761629,0.02543734580484394,32.32548426691529,0.26344081176289064,14.420814185244682
254,1.6532860389388815,0.19654948719438803,0.11347015316013417,5.149337137805508,4.905984825914844,NACA4412,True,0.0,-24.933013666452634,-0.9360134311336266,0.04096442498469836,0.9360134311336266,0.04096442498469836,24.933013666452634,0.2562755715974923,10.665685806539678
255,2.0,0.20727440771623037,0.05203063994023865,9.259760979331054,0.8757112992457875,NACA2412,True,0.0,-32.247880241596,-0.605617564376865,0.018395405063088562,0.605617564376865,0.018395405063088562,32.247880241596,0.259305047656469,15.42584703287094
256,1.9313062378334154,0.15,0.05,3.492516759766993,3.665421376037828,NACA0012,True,0.0,-34.463196266180795,-0.5692201579597017,0.015452445906255689,0.5692201579597017,0.015452445906255689,34.463196266180795,0.19313062378334156,19.313062378334152
257,2.0,0.18579131548543906,0.056343605258146606,28.687766841272254,0.2502607352265054,NACA4412,True,0.0,-35.446436373655246,-0.6948285166035654,0.01991248085766795,0.6948285166035654,0.01991248085766795,35.446436373655246,0.24213492074358567,16.51971548637502
258,1.8665052032967664,0.18181525008525623,0.05830719464387431,13.078196492370495,2.1300959612195256,NACA0012,True,0.0,-28.512390779018187,-0.4715232786934327,0.014782391770212086,0.4715232786934327,0.014782391770212086,28.512390779018187,0.22409489625763115,15.546278528042413
259,1.8875822008556042,0.20711406590669254,0.05,0.0,4.293989698212242,NACA0012,True,0.0,-30.876011995435505,-0.5809892461550379,0.0182393949172712,0.5809892461550379,0.0182393949172712,30.876011995435505,0.24266196719754382,14.682838873082993
260,1.8522103025546446,0.187796888677574,0.05098474258074077,27.697447950872938,3.7222103617183193,NACA2412,True,0.0,-34.12022064687247,-0.672920764244202,0.020017184137180993,0.672920764244202,0.020017184137180993,34.12022064687247,0.22113689873872738,15.513842440844348
261,1.6322275475157793,0.1615695011352059,0.07462688358506962,0.6209380419447523,3.4251610764256233,NACA2412,True,0.0,-31.531641782681962,-0.722700688909457,0.023889465813917748,0.722700688909457,0.023889465813917748,31.531641782681962,0.1927631228820344,13.820935908471302
262,1.9032490860777305,0.1539089481914518,0.07471615062091094,9.938023246584624,-0.17342034928248082,NACA4412,True,0.0,-35.09230236923947,-0.7503223037034513,0.022019615743990768,0.7503223037034513,0.022019615743990768,35.09230236923947,0.2175652551845301,16.649520074257165
263,1.8030574047203367,0.26114784816396347,0.06625922410888622,5.878625032102662,1.1641203141842187,NACA4412,True,0.0,-27.390119235351914,-0.772102978472855,0.030404356632067437,0.772102978472855,0.030404356632067437,27.390119235351914,0.295166873009684,11.014162841404545
264,2.0,0.1887792607112785,0.057704454795994245,6.088141447312696,3.98935575459576,NACA4412,True,0.0,-33.42551890317089,-0.9525287210518405,0.030372720327415937,0.9525287210518405,0.030372720327415937,33.42551890317089,0.24648371550727277,16.22825261201475
265,1.939492542207694,0.2093714170210817,0.07571695850886999,11.86821861746299,0.651698380095433,NACA2412,True,0.0,-30.058506705717665,-0.580617464764479,0.018951619841609157,0.580617464764479,0.018951619841609157,30.058506705717665,0.2764633891052239,13.606254822578194
235,1.9793797843456555,0.17545005714350154,0.05,28.535687496513177,4.475585107028957,NACA4412,True,0.0,-36.16898200299136,-0.8824328900996407,0.0254968530341138,0.8824328900996407,0.0254968530341138,36.16898200299136,0.2231256427447099,17.55936378482049
266,2.0,0.2120173086584146,0.05,22.816873892498204,-0.7305678128199777,NACA0012,True,0.0,-21.76060951538901,-0.3216982891130945,0.0117883075561609,0.3216982891130945,0.0117883075561609,21.76060951538901,0.2620173086584146,15.266167034845395
267,1.9666466920100911,0.21622461172041482,0.11708692187204282,0.9451291083485123,0.8698254669593366,NACA0012,True,0.0,-22.57208376601298,-0.4054453668621283,0.015245729212421705,0.4054453668621283,0.015245729212421705,22.57208376601298,0.32775301247420857,11.800651905521661
268,1.7996092611646959,0.21879675864903586,0.05,25.504921516605993,5.0,NACA4412,True,0.0,-30.003710454593016,-0.89698310822818,0.03187874731393631,0.89698310822818,0.03187874731393631,30.003710454593016,0.24186456811792825,13.390111325817141
269,2.0,0.20066468809993296,0.05802272984950748,28.526502144488497,1.2720717376266037,NACA4412,True,0.0,-34.25703103871192,-0.7339470794139814,0.02211180527448758,0.7339470794139814,0.02211180527448758,34.25703103871192,0.25868741794944045,15.462677047485109
270,1.9299178814230848,0.1921059448034939,0.05141869102339821,25.38889606622016,1.9331519799130594,NACA2412,True,0.0,-33.6048401661698,-0.6085676191808029,0.017873449304310153,0.6085676191808029,0.017873449304310153,33.6048401661698,0.23499127462468197,15.849877979449719
271,1.9461786681838418,0.29035515035873605,0.10570146366666866,14.262427861977427,4.773736069628659,NACA4412,True,0.0,-23.967379831486028,-0.8960270010570447,0.040817377096833814,0.8960270010570447,0.040817377096833814,23.967379831486028,0.385398466804682,9.82778016710008
272,1.9839007662188617,0.18842551360338522,0.052542280729659385,14.762090160751843,0.6046439043706809,NACA4412,True,0.0,-35.00582516826429,-0.7735156023255175,0.022913258176984783,0.7735156023255175,0.022913258176984783,35.00582516826429,0.23902809590569812,16.466107196689425
273,1.9464223104357372,0.21086491996571183,0.05,26.308197207482415,4.500004945507346,NACA4412,True,0.0,-32.487567413252975,-0.882832338489432,0.028744248759510888,0.882832338489432,0.028744248759510888,32.487567413252975,0.25387665011564725,14.922836774615579
274,1.95693065626413,0.16319721654060435,0.058132936026358786,2.6070676315221646,4.878274886760959,NACA4412,True,0.0,-34.759815180601954,-1.0094205562821432,0.030890051710720873,1.0094205562821432,0.030890051710720873,34.759815180601954,0.2165638803569536,17.68336246614264
275,1.910417819529729,0.16700615135056496,0.05,0.4877763284920239,1.6123284407223313,NACA0012,True,0.0,-29.22834895121855,-0.46490923997885075,0.013919889345833771,0.46490923997885075,0.013919889345833771,29.22834895121855,0.20728620924384233,17.607038396285123
276,1.9657463819082115,0.2572489882633127,0.09462911558726599,25.116493702909644,2.508307001600284,NACA4412,True,0.0,-27.834949784435313,-0.7717225167973462,0.0296475197296046,0.7717225167973462,0.0296475197296046,27.834949784435313,0.3458515547584985,11.172882656790403
277,1.9122117337359454,0.1926556121504472,0.05,0.0,3.0860910189170134,NACA4412,True,0.0,-33.204220337783454,-0.9105713678226279,0.02920826751615151,0.9105713678226279,0.02920826751615151,33.204220337783454,0.23200445440548187,15.760704784774305
278,1.9130981622726517,0.16552005981031925,0.05,0.0,3.8890689047842795,NACA2412,True,0.0,-36.301533338891154,-0.7692614102653393,0.02179199910078572,0.7692614102653393,0.02179199910078572,36.301533338891154,0.20615551517800687,17.753318776510948
279,1.9168914762720304,0.16117550681985443,0.05,10.563212435310163,4.328354021066644,NACA4412,True,0.0,-35.84045425605902,-0.9719066377607292,0.028696597101759074,0.9719066377607292,0.028696597101759074,35.84045425605902,0.2024002645102025,18.154486807101694
280,1.947977831444735,0.17918858672010832,0.08836041434825967,5.876249641966969,4.557466915386489,NACA4412,True,0.0,-30.856298644402504,-0.9659961976857843,0.03362061483477269,0.9659961976857843,0.03362061483477269,30.856298644402504,0.26058976145318224,14.561652808764997
281,2.0,0.16819991181267577,0.05405529758107922,6.197921714604851,3.815034791715786,NACA2412,True,0.0,-36.5887047216416,-0.7629268897731519,0.021377284733322222,0.7629268897731519,0.021377284733322222,36.5887047216416,0.22225520939375498,17.997328435678924
282,1.9264554424230234,0.1783780174606969,0.08925157152680194,9.61466853833695,5.0,NACA4412,True,0.0,-30.463304672402046,-0.9777256706994398,0.03447206156975915,0.9777256706994398,0.03447206156975915,30.463304672402046,0.25778823912920196,14.396430900717855
283,1.797089083915287,0.18398052333879786,0.0666231839605351,3.7465565797437534,-0.7542216955787178,NACA2412,True,0.0,-29.22401120494456,-0.5287417519551671,0.016962447049879842,0.5287417519551671,0.016962447049879842,29.22401120494456,0.2251785933881665,14.342079000202169
284,1.9164493025674003,0.20111242283568834,0.060819578386155745,14.162391099294572,2.8037864135832615,NACA4412,True,0.0,-32.11136464308899,-0.8648578775205243,0.02865159248908256,0.8648578775205243,0.02865159248908256,32.11136464308899,0.25098970053084324,14.633181845881124
285,1.902132681954137,0.16466555301272653,0.15650668531181477,12.452287292723593,4.411333939622144,NACA2412,True,0.0,-28.92701157196446,-0.735933191572414,0.027035355389156215,0.735933191572414,0.027035355389156215,28.92701157196446,0.3054561055267366,11.8449383538066
286,1.9219951080197035,0.1863005712865448,0.051583032775626446,11.814809361200092,2.3429224645574864,NACA4412,True,0.0,-34.21317873846172,-0.861648472108747,0.02658760516917387,0.861648472108747,0.02658760516917387,34.21317873846172,0.22860556164279464,16.15912215217142
287,1.970238324729145,0.17400178583535628,0.09438454932902103,30.0,0.33671464079098623,NACA0012,True,0.0,-23.847454639181056,-0.3476239997761619,0.01217438539297797,0.3476239997761619,0.01217438539297797,23.847454639181056,0.2643925216872288,14.682106102923925
288,1.891893790192483,0.19622138280772633,0.06653291828318518,10.267367673157123,-0.02557986745961005,NACA4412,True,0.0,-32.36676959137223,-0.7424938420387589,0.02393345421142987,0.7424938420387589,0.02393345421142987,32.36676959137223,0.24855161529013076,14.40047818313656
289,1.7753552369052563,0.15,0.051166660632316764,3.5851069384773764,-2.0162054648656644,NACA0012,True,0.0,-19.690229609439893,-0.2890052411208734,0.011083714771453148,0.2890052411208734,0.011083714771453148,19.690229609439893,0.178571142222163,17.65059112006805
290,1.9015827796088811,0.20305149703316946,0.06625009978769394,12.729707570862,-1.4499923980250258,NACA4412,True,0.0,-31.823759638112723,-0.6693962857003654,0.021476767913295124,0.6693962857003654,0.021476767913295124,31.823759638112723,0.25604963951786386,14.122328289600109
291,1.9606017162419458,0.21852494592091495,0.05,1.4471587119973572,5.0,NACA4412,True,0.0,-30.589504194199876,-0.9913942103549104,0.03484373939978549,0.9913942103549104,0.03484373939978549,30.589504194199876,0.2632352349131608,14.6027528989383
292,1.9696851262454633,0.19037937715529682,0.05,0.0,3.7023544251763973,NACA4412,True,0.0,-33.72420989241375,-0.944670562871516,0.02983349624602666,0.944670562871516,0.02983349624602666,33.72420989241375,0.23673584191946834,16.3881373648202
293,1.9529307157336497,0.18939640531124305,0.0552464757262557,21.744438094185906,-0.3604515446531641,NACA4412,True,0.0,-34.48380289328204,-0.7006105366080692,0.020721667637604854,0.7006105366080692,0.020721667637604854,34.48380289328204,0.2388852983818523,15.965563415959814
294,1.896844884241596,0.18451515878957803,0.05,26.364565193365742,3.576620166060969,NACA4412,True,0.0,-34.55454530682016,-0.8508711964662153,0.025825635475645398,0.8508711964662153,0.025825635475645398,34.55454530682016,0.2224194396135583,16.17673581556036
295,1.9315504245393083,0.16058964153116842,0.05,0.0,2.9496172749807674,NACA4412,True,0.0,-36.52882070000929,-0.9209077501512581,0.02656976962767788,0.9209077501512581,0.02656976962767788,36.52882070000929,0.20338225575155458,18.344211144434926
296,1.9328330674610952,0.1929187594037216,0.05204339144740318,23.665352167068896,5.0,NACA4412,True,0.0,-33.185281676378246,-0.9279045070029731,0.02960887128800541,0.9279045070029731,0.02960887128800541,33.185281676378246,0.2367354727207235,15.780667019336962
297,1.9459123314392857,0.15,0.057991791745691676,17.740982655804068,2.219413382707969,NACA4412,True,0.0,-37.58677877503811,-0.8497137572295851,0.023507383964097878,0.8497137572295851,0.023507383964097878,37.58677877503811,0.2023668961980466,18.71143389945429
298,2.0,0.18354878923196002,0.05274235678594592,28.532660845420214,3.981149353317315,NACA4412,True,0.0,-35.54992870531492,-0.8577782729218436,0.02521625764128371,0.8577782729218436,0.02521625764128371,35.54992870531492,0.23629114601790593,16.928268652507544
299,1.9840123454190957,0.1670546490669279,0.05,7.1709575950047055,3.782439568988755,NACA2412,True,0.0,-36.90546151427285,-0.7613720317784992,0.021108664648731554,0.7613720317784992,0.021108664648731554,36.90546151427285,0.21531955168969716,18.281224142840948
300,1.9478271533919664,0.18848003126188861,0.052362287807260384,30.0,3.919945944061428,NACA4412,True,0.0,-34.72361552354717,-0.8400713847889212,0.025295467129919022,0.8400713847889212,0.025295467129919022,34.72361552354717,0.2345596043843901,16.175123715136788
301,1.9527779925523732,0.2250501795175998,0.05,25.71595919145139,2.7451205349729006,NACA2412,True,0.0,-32.191356149750995,-0.6337936949298966,0.01987287520660452,0.6337936949298966,0.01987287520660452,32.191356149750995,0.2685559687047742,14.199430780065493
302,1.9816162171144391,0.17843884169646748,0.05,17.57151608401624,4.396819841167633,NACA4412,True,0.0,-35.119042545033516,-0.9441277015166104,0.028413581578008135,0.9441277015166104,0.028413581578008135,35.119042545033516,0.22633905666227908,17.349205611429802
303,1.5813292419966474,0.19349183604541687,0.056474715455785314,30.0,3.8531307432623443,NACA2412,True,0.0,-30.63867257874263,-0.648366434801778,0.021754657611558207,0.648366434801778,0.021754657611558207,30.63867257874263,0.19763970870495598,12.652326741316365
304,2.0,0.20251441079472948,0.05814618027656667,11.796060027478964,0.48474719344149886,NACA0012,True,0.0,-24.864656606102375,-0.3959713754665355,0.013293954532786853,0.3959713754665355,0.013293954532786853,24.864656606102375,0.26066059107129613,15.345626216683888
305,1.9243083579327533,0.15,0.07217065821998009,1.5377849802936852,4.0530037415934075,NACA2412,True,0.0,-35.82980080584999,-0.7746986253918191,0.022322249006709326,0.7746986253918191,0.022322249006709326,35.82980080584999,0.21376242725006442,17.32279476822199
306,1.9289442568310302,0.18416766781232968,0.08091127060636004,12.182773546207846,2.8899594089835428,NACA4412,True,0.0,-31.89369399707678,-0.8742696910173026,0.029219087779255217,0.8742696910173026,0.029219087779255217,31.89369399707678,0.25566124793479894,14.55373458440731
239,1.916233632340302,0.16552005981031925,0.05,0.0,3.8890689047842795,NACA2412,True,0.0,-36.33439538256448,-0.7694087402328366,0.021773703439385717,0.7694087402328366,0.021773703439385717,36.33439538256448,0.20649339352626359,17.782415558225004
307,1.90087371297649,0.1925606101457374,0.05237668129431791,25.36174293757261,4.7224119176881105,NACA4412,True,0.0,-33.11645262576596,-0.9030250792108321,0.028829281514403643,0.9030250792108321,0.028829281514403643,33.11645262576596,0.2327974293130313,15.521309162853221
308,1.6917484148143833,0.16084205450102007,0.10979578726470995,0.8767400812185066,5.0,NACA2412,True,0.0,-29.566781069983335,-0.7844071993057842,0.02835149526359447,0.7844071993057842,0.02835149526359447,29.566781069983335,0.22892556989797982,12.501935455713525
150,1.916233632340302,0.16552005981031925,0.05,0.0,3.8890689047842795,NACA4412,True,0.0,-35.41228549257507,-0.9631038509642561,0.028840710161953848,0.9631038509642561,0.028840710161953848,35.41228549257507,0.20649339352626359,17.782415558225004
309,1.9490693121630625,0.16552005981031925,0.05,0.0,3.8890689047842795,NACA2412,True,0.0,-36.6766320625233,-0.770926431398186,0.021584764069733742,0.770926431398186,0.021584764069733742,36.6766320625233,0.2100317673659205,18.08712668211444
310,1.8064212060134501,0.20603205360474985,0.06763973503158995,0.0,-1.9901703677286582,NACA2412,True,0.0,-26.111256524121945,-0.4658243043113906,0.01597655295895775,0.4658243043113906,0.01597655295895775,26.111256524121945,0.24718326124015746,13.201369531105426
311,1.9644883720579915,0.18799473216997648,0.05,0.9016829244263604,0.23864134613374777,NACA2412,True,0.0,-32.68179741820172,-0.5872819825979473,0.01725231797870282,0.5872819825979473,0.01725231797870282,32.68179741820172,0.2337689419794874,16.50867104617214
312,1.9337693779263203,0.1630033187128434,0.05,4.203573611827925,3.0498951066371585,NACA2412,True,0.0,-36.540984620489915,-0.7287944503392083,0.020218060356261107,0.7287944503392083,0.020218060356261107,36.540984620489915,0.20594964756178846,18.157176044128185
313,2.0,0.18512203503844757,0.05332034000720158,27.90379700199282,3.487543352117573,NACA4412,True,0.0,-35.470113986196004,-0.840152500038415,0.024727198410395498,0.840152500038415,0.024727198410395498,35.470113986196004,0.23844237504564914,16.775541676408025
314,2.0,0.20056541262913807,0.05727519345143527,9.243522869281527,-0.2521830238342241,NACA4412,True,0.0,-33.72402781979084,-0.7412864736658418,0.022746757823765035,0.7412864736658418,0.022746757823765035,33.72402781979084,0.25784060608057335,15.513460276113486
315,1.9185242153245414,0.18460936210793608,0.07573163112606479,11.570794949224137,-3.4622974818920955,NACA4412,True,0.0,-31.195093340490825,-0.5823980705471123,0.018157404869016767,0.5823980705471123,0.018157404869016767,31.195093340490825,0.2497352498805366,14.738548789357386
316,1.8631872793396327,0.2058606973830584,0.09781157881860769,25.1356396041429,4.078110968556649,NACA4412,True,0.0,-28.79992815361112,-0.8492362464821221,0.031538764420281834,0.8492362464821221,0.031538764420281834,28.79992815361112,0.28289916105352786,12.271039705332248
317,1.9862315550811571,0.20705232653960876,0.05,0.0,1.8396826923248244,NACA4412,True,0.0,-33.29672901996398,-0.8489177405624875,0.027004410596930446,0.8489177405624875,0.027004410596930446,33.29672901996398,0.2552827211399982,15.453908407050362
318,1.7875129714884586,0.19150999628647813,0.05955399812783752,0.0,3.7003840884610035,NACA2412,True,0.0,-32.078035960495974,-0.7387916424709181,0.02403880064131117,0.7387916424709181,0.02403880064131117,32.078035960495974,0.22439007334464756,14.239500774759717
319,1.9531080888423218,0.20015671932278928,0.05219751939092164,24.504460770076165,4.707147246499624,NACA4412,True,0.0,-32.99498890539408,-0.9075950358313577,0.02911125529941312,0.9075950358313577,0.02911125529941312,32.99498890539408,0.2464375524426975,15.479098736741015
320,1.8333934271100538,0.16175104450696326,0.05,12.180395080075723,3.4816217495060666,NACA4412,True,0.0,-35.250914805704724,-0.9217285873619693,0.027638333752746432,0.9217285873619693,0.027638333752746432,35.250914805704724,0.19411148659137745,17.31649949003925
321,2.0,0.16095459105607443,0.05,9.83378425232927,4.377190318874877,NACA2412,True,0.0,-37.77629041839166,-0.7883914324985198,0.0214284181329162,0.7883914324985198,0.0214284181329162,37.77629041839166,0.21095459105607445,18.961426627291313
322,1.9703425779151302,0.21389725554302047,0.11858790867413237,8.954010672817777,-0.07831025505775735,NACA0012,True,0.0,-20.622675998246358,-0.35871628896413954,0.014029998453345335,0.35871628896413954,0.014029998453345335,20.622675998246358,0.3275548377910802,11.85221351186821
323,2.0,0.20247675624805392,0.05,4.606221659227619,5.0,NACA4412,True,0.0,-32.31055453339441,-0.999737623329112,0.033110288756727224,0.999737623329112,0.033110288756727224,32.31055453339441,0.25247675624805394,15.843042581195359
324,1.9823663730819387,0.21968071922785,0.058849422569643164,1.9345719647806057,1.4639538002377175,NACA4412,True,0.0,-31.81235680341943,-0.8213345133496278,0.02742994243107118,0.8213345133496278,0.02742994243107118,31.81235680341943,0.2760743934945473,14.234483638206946
325,2.0,0.16181033643107057,0.06955885577587582,2.6024081733654025,4.639742970927323,NACA4412,True,0.0,-34.391917319613256,-0.9952236126870168,0.03080329553939228,0.9952236126870168,0.03080329553939228,34.391917319613256,0.2313691922069464,17.288386417592843
326,1.7027870811145913,0.17789969503517167,0.08599751962855656,5.311066282167823,-0.012706804804395233,NACA4412,True,0.0,-30.342577914522114,-0.7387253177983863,0.02567936626514057,0.7387253177983863,0.02567936626514057,30.342577914522114,0.22468038393576026,12.90492651303177
327,1.9104621781264428,0.17002819389346047,0.05061769891356486,22.70940619735264,3.819554514725074,NACA4412,True,0.0,-35.66373985274405,-0.890823128900756,0.02622494540025271,0.890823128900756,0.02622494540025271,35.66373985274405,0.2107678164833816,17.31699741900307
328,1.8535865437372752,0.2010083058954063,0.05536251652353706,15.267085981650052,2.2853501658720523,NACA4412,True,0.0,-32.12207534432179,-0.8359926474871423,0.027608941440071238,0.8359926474871423,0.027608941440071238,32.12207534432179,0.237602753321306,14.460198912248078
329,1.9337726766888017,0.2242084844147965,0.05,4.01920334591942,5.0,NACA4412,True,0.0,-29.92065493893376,-0.9847472749271646,0.035437992485963916,0.9847472749271646,0.035437992485963916,29.92065493893376,0.2651284374387903,14.10439710365471
330,1.9320440604256153,0.16868264017386791,0.05112590772790007,14.559325702745138,1.7805737036094125,NACA4412,True,0.0,-36.21273420596859,-0.8353972225300774,0.024073082420296436,0.8353972225300774,0.024073082420296436,36.21273420596859,0.21233989970219508,17.579335097459833
331,1.9843133899615741,0.1760669441580315,0.052811933043738914,15.898777401714767,2.5907834098453915,NACA4412,True,0.0,-35.763062697857556,-0.8671858185093102,0.025446307341559612,0.8671858185093102,0.025446307341559612,35.763062697857556,0.22708371035542194,17.339419121776654
332,1.9761370144974406,0.17864401625218143,0.052557758345221514,0.0,4.30567561962779,NACA4412,True,0.0,-34.31808047839606,-0.9786751427053151,0.030353500239118602,0.9786751427053151,0.030353500239118602,34.31808047839606,0.22844319229971102,17.094479641763428
333,1.9818593420058908,0.24825251563723433,0.05,28.63831500975572,4.697040149319794,NACA2412,True,0.0,-31.47318712016683,-0.6954504088313024,0.022914111636410123,0.6954504088313024,0.022914111636410123,31.47318712016683,0.29554726719620544,13.289808052559287
334,2.0,0.18673035966087728,0.053267413561713536,30.0,2.2824391024595734,NACA4412,True,0.0,-35.74729156671277,-0.7735671696916814,0.022361730197767327,0.7735671696916814,0.022361730197767327,35.74729156671277,0.2399977732225908,16.666821305421525
335,1.5813292419966474,0.15,0.056474715455785314,28.00995167500662,3.8531307432623443,NACA4412,True,0.0,-33.445333690592115,-0.8462884478745843,0.02660531153854634,0.8462884478745843,0.02660531153854634,33.445333690592115,0.16325225264158522,15.317412967548318
336,1.9292191625761095,0.15105249731398862,0.05539876461154701,3.963575919319844,2.374991369648499,NACA4412,True,0.0,-37.163001992525516,-0.8929593959471148,0.025196191504330747,0.8929593959471148,0.025196191504330747,37.163001992525516,0.19914486532238146,18.689342410238737
337,2.0,0.15,0.05291793175962106,3.815155023403853,5.0,NACA4412,True,0.0,-37.316628303851445,-1.0207216951762805,0.028843453933230484,1.0207216951762805,0.028843453933230484,37.316628303851445,0.20291793175962106,19.712402769502138
338,1.9313617299596795,0.1584351062408734,0.06411604886117783,3.047966943310603,4.626027275500678,NACA0012,True,0.0,-33.9559043178834,-0.6088923905183871,0.017340172937137997,0.6088923905183871,0.017340172937137997,33.9559043178834,0.21491339196121131,17.356564418405735
339,1.94892018907491,0.18346703671249362,0.05,18.366066809281268,3.7948594986329445,NACA2412,True,0.0,-35.28947982112982,-0.7249683228197803,0.02100500592781758,0.7249683228197803,0.02100500592781758,35.28947982112982,0.22750431066623603,16.695463449728333
340,1.9203561650757823,0.19381719319861604,0.050276647841509745,0.0,-1.102315541270609,NACA2412,True,0.0,-30.05259934188685,-0.5198015207814719,0.015940914710968552,0.5198015207814719,0.015940914710968552,30.05259934188685,0.23437355624921677,15.73457287486497
341,1.9184715773350582,0.1666974821495429,0.053705577404586965,6.783750010899876,3.7820381824781975,NACA4412,True,0.0,-35.068290236774665,-0.9496263905057165,0.028713563981340184,0.9496263905057165,0.028713563981340184,35.068290236774665,0.21141850265614215,17.408756314146277
342,1.9922474482870114,0.15180268405099595,0.0589655181665066,0.0,1.5660326145521961,NACA4412,True,0.0,-37.58540540298267,-0.8565554154077829,0.023743251175373407,0.8565554154077829,0.023743251175373407,37.58540540298267,0.20995120652393015,18.904630084865538
343,1.9077539809035962,0.16552005981031925,0.05,0.0,3.8890689047842795,NACA2412,True,0.0,-36.245448664508295,-0.7690093118036887,0.021823286339921904,0.7690093118036887,0.021823286339921904,36.245448664508295,0.20557962603385885,17.703725421964194
344,1.7814869494037646,0.21606482480651393,0.05490298275656764,19.264575149210707,2.7018643872668853,NACA4412,True,0.0,-30.32805655296416,-0.8281334859952856,0.029114186701493922,0.8281334859952856,0.029114186701493922,30.32805655296416,0.2413628064410903,13.14906715617155
345,1.851739459180812,0.16617972137563883,0.05458945986426431,7.961985072898763,3.8428141515672856,NACA4412,True,0.0,-34.256134426942154,-0.9460941527131053,0.02934678155035091,0.9460941527131053,0.02934678155035091,34.256134426942154,0.20440350213648445,16.775343811857354
346,1.9546496730575589,0.15874627617396123,0.05004454409935205,30.0,3.981467274836239,NACA4412,True,0.0,-37.89796643071963,-0.8556964617545563,0.02340979994931516,0.8556964617545563,0.02340979994931516,37.89796643071963,0.20405645429232566,18.723521182577525
347,1.8985752291124907,0.20008448072313087,0.05146341207420609,26.456308945635637,4.948562906903144,NACA0012,True,0.0,-31.973291111706118,-0.557791045003342,0.01688276198904543,0.557791045003342,0.01688276198904543,31.973291111706118,0.23879129910023414,15.095139203905827
348,1.8999469311045447,0.1629387833519994,0.05,8.532239993585232,1.5990083337183068,NACA4412,True,0.0,-36.41416878354325,-0.844212664893917,0.024216395936860476,0.844212664893917,0.024216395936860476,36.41416878354325,0.2022861939713834,17.845005979618367
349,1.9337726766888017,0.27298166725114864,0.05,4.01920334591942,5.0,NACA2412,True,0.0,-28.832385551383492,-0.7774473242853142,0.028892998593680105,0.7774473242853142,0.028892998593680105,28.832385551383492,0.3122865616008328,11.974504269216688
350,1.934902662334033,0.17748557875777637,0.05000513419017661,3.08309172036595,2.742308439526142,NACA4412,True,0.0,-34.97373847514038,-0.9016400762666111,0.02727044317539414,0.9016400762666111,0.02727044317539414,34.97373847514038,0.22008619306963076,17.01082771477106
351,1.9294107538652399,0.15,0.06384476163851373,1.2492766861192828,2.914660478762258,NACA4412,True,0.0,-36.1792493380087,-0.9172863122803704,0.026744096428331785,0.9172863122803704,0.026744096428331785,36.1792493380087,0.20629719138154864,18.044966255724738
352,1.910129165307493,0.15571570412990868,0.05213380577223098,9.205473294422632,4.038614870041416,NACA2412,True,0.0,-37.08116888197779,-0.7706977871390764,0.021309252263522385,0.7706977871390764,0.021309252263522385,37.08116888197779,0.19850970542947277,18.379924650357133
353,1.9189252518566582,0.16198974347986372,0.07523370497164612,1.213636329481847,3.8324346745007594,NACA2412,True,0.0,-34.47004619799166,-0.757736042337906,0.022752551786309833,0.757736042337906,0.022752551786309833,34.47004619799166,0.22760703278305924,16.178208894462642
281,2.0,0.16819991181267577,0.05405529758107922,6.197921714604851,3.815034791715786,NACA2412,True,0.0,-36.5887047216416,-0.7629268897731519,0.021377284733322222,0.7629268897731519,0.021377284733322222,36.5887047216416,0.22225520939375498,17.997328435678924
354,1.981456091116111,0.16566454239174708,0.05,18.176906357927624,3.5809215760996875,NACA2412,True,0.0,-37.09972996974626,-0.7236489492900589,0.019747795192418243,0.7236489492900589,0.019747795192418243,37.09972996974626,0.213664910579948,18.375353399696696
355,1.9482807214900442,0.16776149746348876,0.05388956362396155,0.906478773493387,3.990135576715243,NACA4412,True,0.0,-35.10665028386029,-0.9665886280140908,0.02922728646869487,0.9665886280140908,0.02922728646869487,35.10665028386029,0.21591924460724576,17.579710306203935
356,1.9552361788543022,0.19080795037440493,0.052980693451241886,24.671776249610758,3.832687786391716,NACA4412,True,0.0,-34.15229639861358,-0.871950842517231,0.026875462871387295,0.871950842517231,0.026875462871387295,34.15229639861358,0.23833218820086507,16.0404204902395
357,1.9312564441259745,0.1815443764604496,0.05,0.0,1.914801782072568,NACA2412,True,0.0,-34.37879347659153,-0.6686507064951347,0.019448486312799617,0.6686507064951347,0.019448486312799617,34.37879347659153,0.22358578457018696,16.68152320214829
358,2.0,0.18515078283927447,0.05172432367892554,8.817210259560243,5.0,NACA2412,True,0.0,-35.3603040912741,-0.8096339257581384,0.023882917879601045,0.8096339257581384,0.023882917879601045,35.3603040912741,0.2368751065182,16.886535942064747
359,1.9322363787621373,0.15,0.05,17.721802610893977,1.8432676932662333,NACA4412,True,0.0,-38.351302260955286,-0.8350750051917412,0.022526363562033195,0.8350750051917412,0.022526363562033195,38.351302260955286,0.19322363787621374,19.32236378762137
360,2.0,0.18696460733642636,0.05379539247175567,4.0803130423784175,-1.6287149500877702,NACA4412,True,0.0,-34.56773412168141,-0.6887066982446738,0.02009976687252014,0.6887066982446738,0.02009976687252014,34.56773412168141,0.24075999980818202,16.61405550418207
361,1.9777503217729155,0.17871964840678387,0.05248414726882215,15.898777401714767,2.5907834098453915,NACA0012,True,0.0,-30.700366814305667,-0.4932484785775582,0.014551212309897622,0.4932484785775582,0.014551212309897622,30.700366814305667,0.2286316906462746,17.10828592578842
362,1.7982348922292681,0.24290138663811872,0.05,0.7103922877531584,3.578365020422689,NACA4412,True,0.0,-28.110337290687,-0.9008145905862363,0.034703149443149506,0.9008145905862363,0.034703149443149506,28.110337290687,0.2633527467175003,12.278773500318026
363,1.9316381038399049,0.2218776245147126,0.05332669389135826,4.0952139523483755,1.9621104886534622,NACA4412,True,0.0,-31.39471035000625,-0.8416551821067206,0.028596310203191668,0.8416551821067206,0.028596310203191668,31.39471035000625,0.2657975738872281,14.037847334864306
364,1.9623081858507074,0.15328875609143117,0.054805327889978384,13.29598402917099,1.0848382443333835,NACA4412,True,0.0,-37.751962555772316,-0.812964341351071,0.022241351738671342,0.812964341351071,0.022241351738671342,37.751962555772316,0.20417236221191226,18.85981713950132
365,1.9315049027807287,0.1588279022231688,0.05914120181787669,15.808380453856566,3.223162950853119,NACA2412,True,0.0,-36.23468814871071,-0.7121601213135849,0.01988959966077233,0.7121601213135849,0.01988959966077233,36.23468814871071,0.21050419655500108,17.722740213833326
239,1.916233632340302,0.16552005981031925,0.05,0.0,3.8890689047842795,NACA2412,True,0.0,-36.33439538256448,-0.7694087402328366,0.021773703439385717,0.7694087402328366,0.021773703439385717,36.33439538256448,0.20649339352626359,17.782415558225004
366,1.9283244033697373,0.21638798102283568,0.06077549668946049,5.901631324400655,3.480186823740393,NACA4412,True,0.0,-30.559828405347616,-0.9094834189628639,0.03196403578941879,0.9094834189628639,0.03196403578941879,30.559828405347616,0.26723054889772246,13.914707805560118
367,1.9645572820671908,0.1780985771438752,0.05027197814616468,30.0,3.857659715168045,NACA4412,True,0.0,-36.0642304858289,-0.8430909744234453,0.024345263473059504,0.8430909744234453,0.024345263473059504,36.0642304858289,0.22432351870238795,17.204996323384364
368,2.0,0.16903257571299907,0.05,18.26988507048561,3.589306933224588,NACA2412,True,0.0,-36.98189925415691,-0.7232074699880154,0.019808166929631273,0.7232074699880154,0.019808166929631273,36.98189925415691,0.21903257571299906,18.2621237365224
369,1.984698743131118,0.15,0.06018712240510706,26.921524330764736,2.2354579644607977,NACA4412,True,0.0,-38.216660195277264,-0.8023761732527229,0.021604447862582126,0.8023761732527229,0.021604447862582126,38.216660195277264,0.20857905882988123,18.885065083158437
370,1.7774762283336139,0.1666974821495429,0.05,4.62649357423449,3.7820381824781975,NACA0012,True,0.0,-32.00011034057197,-0.5633773134137282,0.016672078598849064,0.5633773134137282,0.016672078598849064,32.00011034057197,0.1925873116302801,16.405139650925687
371,1.8316611279994741,0.17120165624956166,0.054600774221084405,5.88357653015035,2.629819586567117,NACA4412,True,0.0,-34.051499365639486,-0.8880026004978451,0.0276393617804694,0.8880026004978451,0.0276393617804694,34.051499365639486,0.20679676725044321,16.22357318459056
372,1.9150153697294567,0.15862088399051813,0.05,19.576749893575478,3.7893837651012143,NACA0012,True,0.0,-33.720178897087166,-0.5434349850894753,0.015073176958116148,0.5434349850894753,0.015073176958116148,33.720178897087166,0.1997560996441941,18.358807930432263
373,1.9465687235357425,0.15663294385710916,0.05263006708138977,23.20031575619313,1.9212009782198396,NACA2412,True,0.0,-36.39907598480432,-0.6285242329097661,0.0169025124957409,0.6285242329097661,0.0169025124957409,36.39907598480432,0.20367241604289998,18.604040100596915
374,2.0,0.15866094868877523,0.05,4.093552055820957,4.5222001187876035,NACA0012,True,0.0,-35.53521478323187,-0.6101544439938614,0.01645151721374476,0.6101544439938614,0.01645151721374476,35.53521478323187,0.20866094868877522,19.169854374457646
375,1.9649805561758205,0.15,0.053560852272460394,16.034271894194347,0.17501684503982462,NACA4412,True,0.0,-38.22303050706585,-0.763016014238167,0.020334510642860616,0.763016014238167,0.020334510642860616,38.22303050706585,0.19999655835698163,19.30607515383901
376,1.9892788831047763,0.16095459105607443,0.05,17.43876249062876,5.0,NACA2412,True,0.0,-37.85899416991057,-0.7946973513975886,0.021591366368069704,0.7946973513975886,0.021591366368069704,37.85899416991057,0.2098237566409263,18.859782791605614
377,2.0,0.16095459105607443,0.05,9.83378425232927,4.377190318874877,NACA4412,True,0.0,-36.78950731422453,-0.9809498426160088,0.028157166571526143,0.9809498426160088,0.028157166571526143,36.78950731422453,0.21095459105607445,18.961426627291313
378,2.0,0.2428290379403682,0.05168396886563072,5.808334858743072,2.7939993636028944,NACA0012,True,0.0,-27.78552510535745,-0.5022450049432182,0.016702168424658,0.5022450049432182,0.016702168424658,27.78552510535745,0.2945130068059989,13.581743106629151
379,1.9576514316980882,0.1715758623400377,0.055236606537653915,12.76484457296226,5.0,NACA2412,True,0.0,-35.89065474809093,-0.8024208177566533,0.023230280565149964,0.8024208177566533,0.023230280565149964,35.89065474809093,0.22200987721269552,17.262291102291645
380,1.9831617235487196,0.16363873837006612,0.05,8.327515085095069,3.7882901433273894,NACA4412,True,0.0,-36.54477847591452,-0.9539486788227224,0.027555861222703492,0.9539486788227224,0.027555861222703492,36.54477847591452,0.21184008430137716,18.565562956222635
381,1.8906034810609122,0.1579954461490064,0.05,28.25509140472059,1.1988264456800402,NACA4412,True,0.0,-37.47077009224912,-0.745656840494728,0.02030540344216244,0.745656840494728,0.02030540344216244,37.47077009224912,0.1966184572670645,18.179277633862213
343,1.9077539809035962,0.16552005981031925,0.05,0.0,3.8890689047842795,NACA2412,True,0.0,-36.245448664508295,-0.7690093118036887,0.021823286339921904,0.7690093118036887,0.021823286339921904,36.245448664508295,0.20557962603385885,17.703725421964194
382,2.0,0.19432829666392532,0.055501395905588696,13.33819677153251,0.58985131162581,NACA0012,True,0.0,-25.626926969147267,-0.40095246154130054,0.013134409105829949,0.40095246154130054,0.013134409105829949,25.626926969147267,0.249829692569514,16.010907105795752
383,2.0,0.15,0.05,20.276724150800916,3.795176899860989,NACA2412,True,0.0,-38.912305478943175,-0.7316543348506906,0.018937520682216002,0.7316543348506906,0.018937520682216002,38.912305478943175,0.2,20.0
384,1.935298704322789,0.1791253553264985,0.08260194608847032,0.906478773493387,3.990135576715243,NACA4412,True,0.0,-31.43767901759964,-0.9455261484291109,0.03225575331663476,0.9455261484291109,0.03225575331663476,31.43767901759964,0.2532602536571446,14.788665101883058
385,1.9489082951226655,0.15,0.06605566948176511,20.486688062496953,3.2243039056392533,NACA4412,True,0.0,-36.64438877280546,-0.8799192014284051,0.025127118818956795,0.8799192014284051,0.025127118818956795,36.64438877280546,0.21053634323064646,18.040797538869043
386,1.9316895544604,0.1514238242509483,0.05,10.81567466636698,1.921659628862821,NACA2412,True,0.0,-36.957966636558034,-0.6691508073889271,0.017866790954390272,0.6691508073889271,0.017866790954390272,36.957966636558034,0.1945441486625121,19.180348319211358
387,1.9294472419138178,0.24305309102505993,0.05279149356671335,5.910238560095844,3.348815144461482,NACA4412,True,0.0,-29.396654361491713,-0.8947350569436335,0.032803140658242226,0.8947350569436335,0.032803140658242226,29.396654361491713,0.285408258887868,13.043654286092153
388,1.9857583525863955,0.19104111190926182,0.05,18.43906045399689,3.8888043459209607,NACA2412,True,0.0,-35.05454401169579,-0.7278670230406084,0.021276262539848417,0.7278670230406084,0.021276262539848417,35.05454401169579,0.23932470064526437,16.476511719161998
389,1.9201596629264475,0.1676384760547898,0.07738403867317305,1.2312825584334541,3.7215645064255742,NACA4412,True,0.0,-32.77650720435279,-0.9400193434625055,0.03062874147557733,0.9400193434625055,0.03062874147557733,32.77650720435279,0.2352411746447178,15.673332428722413
390,1.851739459180812,0.16617972137563883,0.05458945986426431,7.123211612346181,3.8428141515672856,NACA4412,True,0.0,-34.23577560196122,-0.947705579243264,0.029422288419948883,0.947705579243264,0.029422288419948883,34.23577560196122,0.20440350213648445,16.775343811857354
391,1.9458144899856071,0.15,0.06133836305435811,8.177720818326693,3.3347075728586444,NACA4412,True,0.0,-36.555676157819065,-0.931543138597681,0.026861711747040707,0.931543138597681,0.026861711747040707,36.555676157819065,0.20561262456050444,18.41420991308735
392,1.9408510923844224,0.16207785574516217,0.051632736991628105,0.0,3.7315568498175633,NACA2412,True,0.0,-36.73380999996617,-0.7636530068989003,0.02129626850393543,0.7636530068989003,0.02129626850393543,36.73380999996617,0.20739021868366092,18.16335884459231
393,1.9052941760364797,0.15633493384178887,0.05,9.90727903757267,5.0,NACA2412,True,0.0,-37.23912707997417,-0.8158360835574486,0.022688941229287583,0.8158360835574486,0.022688941229287583,37.23912707997417,0.19656437388081632,18.46797476860995
394,1.9881875832948623,0.16883816850499272,0.05006628967962444,29.016326812106364,4.11151479352263,NACA2412,True,0.0,-37.25191233178728,-0.6939246503181193,0.01875881100619641,0.6939246503181193,0.01875881100619641,37.25191233178728,0.21761156284527264,18.164888918051062
395,1.955824118622429,0.18305373062469213,0.05166916820520877,8.195749962518253,4.287382309090477,NACA4412,True,0.0,-33.88646570524727,-0.9660191441410273,0.030343872662771332,0.9660191441410273,0.030343872662771332,33.88646570524727,0.22953835336224623,16.664962203281043
396,1.949002253025445,0.15,0.05362496780924659,6.564898484180819,4.101521768760777,NACA2412,True,0.0,-37.90215364296107,-0.7816325008416514,0.021118463783919114,0.7816325008416514,0.021118463783919114,37.90215364296107,0.19843276051622763,19.143057690756734
397,2.0,0.198977053450115,0.07959781329292996,1.1769255039018063,3.5956166472623448,NACA4412,True,0.0,-31.063524414035342,-0.9230046272428521,0.031887648441345944,0.9230046272428521,0.031887648441345944,31.063524414035342,0.27857486674304494,14.358797140481325
398,1.9814657713219266,0.18658744064878285,0.05222915501461964,15.461214712488545,4.174128842145997,NACA2412,True,0.0,-35.16097886404777,-0.7519835761871051,0.022042665957472268,0.7519835761871051,0.022042665957472268,35.16097886404777,0.23660345496533025,16.594037494066637
399,1.933379495020221,0.16406226052111886,0.05233760420523249,6.431170429059481,3.4518606591807908,NACA4412,True,0.0,-35.79358377117065,-0.9372191251426573,0.027684530905521105,0.9372191251426573,0.027684530905521105,35.79358377117065,0.20919153059353865,17.868583212517972
400,1.908059397389024,0.15077241199561198,0.05581238681198358,3.4194465198586523,3.899389920040081,NACA4412,True,0.0,-36.284910449983585,-0.9662993853770105,0.02816872654397068,0.9662993853770105,0.02816872654397068,36.284910449983585,0.19708803336127678,18.472408506359763
401,1.9322363787621373,0.15,0.05,17.721802610893977,1.8432676932662333,NACA2412,True,0.0,-37.0338564443263,-0.6478727461555479,0.017146046341439413,0.6478727461555479,0.017146046341439413,37.0338564443263,0.19322363787621374,19.32236378762137
348,1.8999469311045447,0.1629387833519994,0.05,8.532239993585232,1.5990083337183068,NACA4412,True,0.0,-36.41416878354325,-0.844212664893917,0.024216395936860476,0.844212664893917,0.024216395936860476,36.41416878354325,0.2022861939713834,17.845005979618367
402,1.85372622709456,0.16164809679434877,0.05,9.370139117605898,2.766001583049973,NACA4412,True,0.0,-35.70480771019795,-0.8964277999275728,0.026460461479185376,0.8964277999275728,0.026460461479185376,35.70480771019795,0.1961688139711662,17.517060206742727
403,1.898076454264501,0.16264844599779926,0.05393170159629963,0.0,4.02157934355615,NACA2412,True,0.0,-36.06070059665553,-0.7745101684711794,0.02214652178511931,0.7745101684711794,0.02214652178511931,36.06070059665553,0.20554283930474476,17.5277048736873
404,1.9987889136433468,0.17585741617991976,0.07746769442415835,21.420972028263087,0.053296025612780795,NACA4412,True,0.0,-34.33100410190473,-0.7195407505914687,0.02152051481890227,0.7195407505914687,0.02152051481890227,34.33100410190473,0.253171711311453,15.780424679393542
405,1.9674394679573537,0.15,0.05,16.750013659436725,2.868220604167945,NACA2412,True,0.0,-38.10988855176926,-0.7004377468069615,0.018340675398804213,0.7004377468069615,0.018340675398804213,38.10988855176926,0.19674394679573537,19.67439467957354
406,2.0,0.1534121574854083,0.05,0.0,3.288486981486632,NACA2412,True,0.0,-38.21282534598497,-0.7486999955102086,0.019823502562751873,0.7486999955102086,0.019823502562751873,38.21282534598497,0.2034121574854083,19.664508009001075
407,2.0,0.19567536710962485,0.05,20.276724150800916,3.9410488781435884,NACA4412,True,0.0,-34.119334280563486,-0.9031960981668883,0.02797598154142548,0.9031960981668883,0.02797598154142548,34.119334280563486,0.24567536710962484,16.281648612394775
408,1.952810314788212,0.15,0.05,15.226611958179184,3.795572319657715,NACA2412,True,0.0,-38.34827017432328,-0.7486469607998604,0.019785931450993822,0.7486469607998604,0.019785931450993822,38.34827017432328,0.19528103147882123,19.52810314788212
409,1.9978631916766594,0.16137979439803654,0.050801134152379454,25.061413367663636,4.899241906155755,NACA2412,True,0.0,-38.053769024124136,-0.7540260627411749,0.02019529644375897,0.7540260627411749,0.02019529644375897,38.053769024124136,0.21195423356332566,18.831694302835988
410,1.8906034810609122,0.1579954461490064,0.05,27.642013095111743,1.1988264456800402,NACA4412,True,0.0,-37.447243707408454,-0.7494654171253732,0.020439621758729265,0.7494654171253732,0.020439621758729265,37.447243707408454,0.1966184572670645,18.179277633862213
411,1.8853514262442652,0.1592155538060639,0.05000517963473552,19.71931432675585,4.55489983800226,NACA0012,True,0.0,-34.45941180392595,-0.5771040886475955,0.015993451978897174,0.5771040886475955,0.015993451978897174,34.45941180392595,0.1972273040962412,18.02260603180363
412,1.9840495424159,0.18265331208436192,0.05,14.660483148407288,3.7465541685501482,NACA2412,True,0.0,-35.621420797599335,-0.7369369907892498,0.021175714830851178,0.7369369907892498,0.021175714830851178,35.621420797599335,0.2307978486912609,17.0558460968436
413,1.902381337348301,0.1567650884789566,0.05305040085109619,0.0,4.066487583323818,NACA2412,True,0.0,-36.752824138093075,-0.7797659414478829,0.021832002096578516,0.7797659414478829,0.021832002096578516,36.752824138093075,0.199574535594047,18.13385030268892
414,1.9322363787621373,0.15,0.05,17.721802610893977,0.2126100710168326,NACA2412,True,0.0,-35.19063506238738,-0.571557048505629,0.015342440521879866,0.571557048505629,0.015342440521879866,35.19063506238738,0.19322363787621374,19.32236378762137
415,1.9642777673447445,0.15,0.05590152014086278,17.494606788742516,0.620674078659432,NACA2412,True,0.0,-35.52031434564463,-0.5905398094903177,0.015878223771626954,0.5905398094903177,0.015878223771626954,35.52031434564463,0.20222388913759143,19.079779168224977
416,2.0,0.1649071571100594,0.09520747736234306,3.063667341946649,3.4562042601835214,NACA2412,True,0.0,-33.475158443230804,-0.734105982483448,0.02266750259426448,0.734105982483448,0.02266750259426448,33.475158443230804,0.26011463447240246,15.377835269104747
417,1.9322826595083904,0.15,0.05,17.682991974496733,1.9176212801733192,NACA2412,True,0.0,-37.097926328037325,-0.6514803596295006,0.017237365440145716,0.6514803596295006,0.017237365440145716,37.097926328037325,0.19322826595083906,19.322826595083903
418,1.934680230489286,0.16769169674581944,0.06072008044584776,10.398998966263559,1.539732461620231,NACA4412,True,0.0,-35.37148062639749,-0.8322316370822646,0.024634286023427997,0.8322316370822646,0.024634286023427997,35.37148062639749,0.22095187487182108,16.940284378294887
419,1.8203557873998328,0.15811807592930988,0.05,20.454296813892867,1.2410917888511008,NACA0012,True,0.0,-28.191226003139366,-0.421618884800391,0.012906592225261776,0.421618884800391,0.012906592225261776,28.191226003139366,0.18942447199021853,17.49349045508321
420,1.9357655492697041,0.15656927744689722,0.05,9.881418998786387,3.7755714309999977,NACA4412,True,0.0,-36.81126718059358,-0.950653446278752,0.027227646513436208,0.950653446278752,0.027227646513436208,36.81126718059358,0.19993484540961948,18.742046960660268
421,1.9893119438212925,0.1588081982771829,0.052018435485699184,30.0,4.69134367454124,NACA4412,True,0.0,-37.850205538338066,-0.8867792562154425,0.024359807160634687,0.8867792562154425,0.024359807160634687,37.850205538338066,0.20969997031006934,18.871543014424667
422,1.998216730086506,0.15,0.05,0.18440511808035628,5.0,NACA2412,True,0.0,-38.85099905853384,-0.8339282265784197,0.022157187641328454,0.8339282265784197,0.022157187641328454,38.85099905853384,0.1998216730086506,19.982167300865058
423,2.0,0.15,0.05,21.00019167313743,4.381199118164778,NACA2412,True,0.0,-39.106253649474915,-0.7555557831741609,0.019588471873959602,0.7555557831741609,0.019588471873959602,39.106253649474915,0.2,20.0
424,1.9422949564165368,0.16471335676702475,0.05,21.836029014854645,3.0501585777318687,NACA2412,True,0.0,-36.631443270625894,-0.6834958549036861,0.018691261685005622,0.6834958549036861,0.018691261685005622,36.631443270625894,0.20851833496192831,18.09198072874459
425,2.0,0.162768787067303,0.05,21.870138410966035,4.251087102378151,NACA2412,True,0.0,-37.81564124230678,-0.7408821687801471,0.019900408063187835,0.7408821687801471,0.019900408063187835,37.81564124230678,0.212768787067303,18.799749978058202
426,1.950195426185155,0.16841585677384777,0.05,18.041958693683107,4.051957533672601,NACA2412,True,0.0,-36.65140573040595,-0.743697952984749,0.020719045311981942,0.743697952984749,0.020719045311981942,36.65140573040595,0.21297680244333494,17.857635933497512
427,1.9132861251562978,0.1567614277118687,0.05,9.164124167268312,1.3697139387571329,NACA2412,True,0.0,-35.82797673709676,-0.6430127221875636,0.01756321590274713,0.6430127221875636,0.01756321590274713,35.82797673709676,0.19779688542931265,18.507186241938197
428,1.8999469311045447,0.1629387833519994,0.09726825440253016,8.532239993585232,2.23990249226043,NACA2412,True,0.0,-32.24032372090205,-0.66602423536187,0.020968695215079353,0.66602423536187,0.020968695215079353,32.24032372090205,0.24718978141676143,14.603347761077005
429,1.9835396770958105,0.21596972169042886,0.05,22.584636484871766,3.9880320122638775,NACA4412,True,0.0,-32.426415852935556,-0.883268990550012,0.028879309657737676,0.883268990550012,0.028879309657737676,32.426415852935556,0.2637807479395479,14.915529967012706
430,1.9316967908553553,0.15068486343678344,0.05,20.971770112284258,1.941197291881181,NACA0012,True,0.0,-31.023824067705675,-0.45684074380001083,0.013012559063129203,0.45684074380001083,0.013012559063129203,31.023824067705675,0.1938311533370399,19.25104622017343
431,1.9282031002512168,0.16934625056169952,0.05274135118792411,19.69439768643841,4.43357583657277,NACA4412,True,0.0,-35.252293685054916,-0.9355071257992219,0.028002839954234637,0.9355071257992219,0.028002839954234637,35.252293685054916,0.21411500111049092,17.36434708701144
359,1.9322363787621373,0.15,0.05,17.721802610893977,1.8432676932662333,NACA4412,True,0.0,-38.351302260955286,-0.8350750051917412,0.022526363562033195,0.8350750051917412,0.022526363562033195,38.351302260955286,0.19322363787621374,19.32236378762137
432,1.9322363787621373,0.15,0.05,11.803689938312472,1.8432676932662333,NACA4412,True,0.0,-38.16963958669496,-0.8556826703838375,0.023292133496404393,0.8556826703838375,0.023292133496404393,38.16963958669496,0.19322363787621374,19.32236378762137
433,1.7708952748196634,0.1527374971546495,0.05,8.023714404352686,3.607148946577539,NACA4412,True,0.0,-35.25834651181218,-0.9392872754107154,0.02821101508086855,0.9392872754107154,0.02821101508086855,35.25834651181218,0.17951343786996687,17.4698346351668
434,1.9228667948689406,0.15,0.05001710912283876,21.3483167376071,3.153146974288591,NACA0012,True,0.0,-33.374169212641505,-0.5113006820348028,0.014038295181101947,0.5113006820348028,0.014038295181101947,33.374169212641505,0.19230312876899205,19.227023161183965
435,1.9233126323464929,0.2828099345268955,0.06698506061816506,8.240632984739428,4.193697305094487,NACA2412,True,0.0,-27.66146356590502,-0.7251875311188433,0.028022579044182826,0.7251875311188433,0.028022579044182826,27.66146356590502,0.33638256644703757,10.996799033953542
436,1.9418162575439746,0.15818283111420756,0.05,29.498979085932902,3.2633802810590216,NACA4412,True,0.0,-37.95353634534337,-0.828370102670963,0.02255868518822507,0.828370102670963,0.02255868518822507,37.95353634534337,0.2021264029995499,18.6549125799784
437,1.9311767743434654,0.16980027155130487,0.05,2.494818181833839,3.581962969894554,NACA2412,True,0.0,-36.048094340083786,-0.7528537881735259,0.02140155996976001,0.7528537881735259,0.02140155996976001,36.048094340083786,0.21223658970713336,17.572105445672282
438,1.9975176999925754,0.16273954665907808,0.052155138070876364,16.282696299842325,3.8166188950944084,NACA2412,True,0.0,-37.37110834285036,-0.7422791759446294,0.02019158617495103,0.7422791759446294,0.02019158617495103,37.37110834285036,0.2146279681912041,18.59066642344122
439,1.9033245504057092,0.16843674364471195,0.059422893715240635,7.969970528485497,3.673094995746732,NACA4412,True,0.0,-34.25143944174897,-0.9375121386289414,0.02907393100284232,0.9375121386289414,0.02907393100284232,34.25143944174897,0.21684542091686984,16.70611410127898
440,1.8945119918949047,0.15570675165011494,0.05,19.26364383609924,3.4565250070745517,NACA4412,True,0.0,-36.95856373519876,-0.8987167384786839,0.02547172756375396,0.8987167384786839,0.02547172756375396,36.95856373519876,0.19485695390744484,18.419541183726103
441,1.903143793631296,0.15958520917068908,0.05,14.163883279732126,4.292119494911779,NACA2412,True,0.0,-36.94851904144742,-0.7694937755114054,0.02137218238476665,0.7694937755114054,0.02137218238476665,36.94851904144742,0.19943539503505694,18.16105059285314
442,2.0,0.15,0.05,11.120267874434187,3.2181754047342004,NACA4412,True,0.0,-38.57633607733265,-0.9269627281665748,0.025147495781162946,0.9269627281665748,0.025147495781162946,38.57633607733265,0.2,20.0
443,1.9953827335528003,0.15329850985336618,0.05,20.11070428006434,0.2842815827928691,NACA2412,True,0.0,-35.52360544551889,-0.5685054282702293,0.015108925549591928,0.5685054282702293,0.015108925549591928,35.52360544551889,0.20282916815921034,19.630077318245146
444,1.9685159217788335,0.15,0.0519774841534738,11.512408613491804,-0.29408191896959046,NACA2412,True,0.0,-34.64335023721042,-0.5624124764263948,0.015168940859384165,0.5624124764263948,0.015168940859384165,34.64335023721042,0.19879794669847262,19.49242936685997
445,1.9674840596996246,0.16585232655307172,0.05,9.690662944382984,4.049879311434191,NACA2412,True,0.0,-36.92199421809824,-0.7695651009665115,0.021380744756082593,0.7695651009665115,0.021380744756082593,36.92199421809824,0.21234300587112334,18.229908299977282
446,1.9030127759168631,0.1513293935191281,0.05000664322299307,27.029619513627996,4.912919362736684,NACA0012,True,0.0,-35.59108878653271,-0.5677452825819468,0.015219308896136102,0.5677452825819468,0.015219308896136102,35.59108878653271,0.1915725250863618,18.90384659110295
447,1.9173481207442522,0.1567611348859293,0.05,11.475309944651002,5.0,NACA2412,True,0.0,-37.35878736876109,-0.812480003441726,0.022496725960892482,0.812480003441726,0.022496725960892482,37.35878736876109,0.19821653670824269,18.546504127113238
448,1.904398796437837,0.15578986599010883,0.05153268899506766,9.285336335868905,2.3477042577178997,NACA2412,True,0.0,-36.44220231929235,-0.6892701633153,0.018891522516955847,0.6892701633153,0.018891522516955847,36.44220231929235,0.1974124120940937,18.371361442791414
449,1.9769434952323308,0.15616170018717646,0.05,22.541867255274592,4.2004390776660046,NACA4412,True,0.0,-37.80258585368302,-0.9188712192726044,0.025410156998671135,0.9188712192726044,0.025410156998671135,37.80258585368302,0.20378501607553823,19.1785719019337
450,1.9085183569949107,0.1567614277118687,0.05,9.164124167268312,1.3697139387571329,NACA4412,True,0.0,-37.18618689662073,-0.8351589604739152,0.02334943124273044,0.8351589604739152,0.02334943124273044,37.18618689662073,0.19730399015328884,18.461067696384028
451,1.9317342272765134,0.15087711556356942,0.05,22.382725299925102,1.817647877439186,NACA0012,True,0.0,-30.709412965001174,-0.44717184853089575,0.012816920523238616,0.44717184853089575,0.012816920523238616,30.709412965001174,0.19402059980536332,19.2329944788081
452,1.930260624034701,0.15534281899229907,0.051634072020205625,14.427675793244227,3.938571667099231,NACA2412,True,0.0,-37.4366031539314,-0.7542240828339651,0.020539316603754906,0.7542240828339651,0.020539316603754906,37.4366031539314,0.1997596714032798,18.651943360363667
453,1.7592669962776593,0.1524920116984856,0.05,3.9748637444948787,1.8743546132997646,NACA4412,True,0.0,-35.72216277016895,-0.8613562347994782,0.025325156068644047,0.8613562347994782,0.025325156068644047,35.72216277016895,0.17811875659550772,17.376161968277945
454,2.0,0.15,0.05,0.0,4.949806398923295,NACA2412,True,0.0,-38.87098416983067,-0.8315479605705381,0.022070002761356147,0.8315479605705381,0.022070002761356147,38.87098416983067,0.2,20.0
455,2.0,0.1721310369163641,0.05,18.985082081161547,3.2817831655824294,NACA2412,True,0.0,-36.607902426033085,-0.7052042696299922,0.019431655524198708,0.7052042696299922,0.019431655524198708,36.607902426033085,0.2221310369163641,18.007389041748652
456,1.9967872044941162,0.1755365652208473,0.050556626231028925,4.639301688468154,5.0,NACA4412,True,0.0,-34.68999421409686,-1.0131603727388028,0.031068265691362437,1.0131603727388028,0.031068265691362437,34.68999421409686,0.22572999585717246,17.66339969524585
457,2.0,0.15,0.05,5.349765638987498,3.3652926010310016,NACA0012,True,0.0,-34.54177080660349,-0.555400772924016,0.014883665482748948,0.555400772924016,0.014883665482748948,34.54177080660349,0.2,20.0
458,1.9352692905318074,0.15,0.05,18.23464032084674,1.411155540479957,NACA2412,True,0.0,-36.65562552875949,-0.62611971427358,0.016585392648938605,0.62611971427358,0.016585392648938605,36.65562552875949,0.19352692905318075,19.352692905318072
459,1.8867185222825382,0.15338707462414433,0.05,30.0,2.0165208167371675,NACA4412,True,0.0,-38.0039255632831,-0.7708531492049105,0.020770458341881265,0.7708531492049105,0.020770458341881265,38.0039255632831,0.19186708044311698,18.55298352433811
460,1.9430907478469064,0.1536754183310076,0.05,29.80106034949975,2.145802932928112,NACA4412,True,0.0,-38.59133121139637,-0.7799192503449425,0.020685368703770177,0.7799192503449425,0.020685368703770177,38.59133121139637,0.19787991046141454,19.080267651043187
461,2.0,0.16860927264960834,0.05,15.915916984344799,3.889545631722717,NACA2412,True,0.0,-37.06324017359622,-0.7456346964191125,0.020501587938658174,0.7456346964191125,0.020501587938658174,37.06324017359622,0.21860927264960833,18.297485516139503
462,1.981793328819468,0.18445498480177597,0.05,30.0,0.3154735602378278,NACA4412,True,0.0,-35.94076698233229,-0.6914044460653385,0.019486575113309593,0.6914044460653385,0.019486575113309593,35.94076698233229,0.23232066239431468,16.905533746659383
463,1.9095973208455805,0.16434345446798296,0.05,19.03337281556939,3.8841549577095207,NACA2412,True,0.0,-36.59217700862396,-0.7319574868316264,0.020364229690795932,0.7319574868316264,0.020364229690795932,36.59217700862396,0.2046548431964235,17.818107164367103
464,1.9284012552403877,0.15452574730780994,0.0554772215571012,20.78600974649879,4.400433906153959,NACA4412,True,0.0,-36.60168716936678,-0.9339105880581592,0.026807689967379675,0.9339105880581592,0.026807689967379675,36.60168716936678,0.20248499438165135,18.36546659948291
465,2.0,0.15725012567146715,0.0617662396526018,18.249750486148663,3.807842105758637,NACA2412,True,0.0,-37.047711937836674,-0.7334272709392727,0.0201128928567387,0.7334272709392727,0.0201128928567387,37.047711937836674,0.21901636532406896,18.263475398659704
466,1.9452282478769776,0.1622245384053562,0.05744412908037841,10.489248631238418,1.8704468121030395,NACA4412,True,0.0,-36.237992982008386,-0.8521605229752228,0.024606151584757496,0.8521605229752228,0.024606151584757496,36.237992982008386,0.21365284858337297,17.710566282770404
467,1.948571818327141,0.16630000540992954,0.05,17.240583089516168,-1.663759776823019,NACA2412,True,0.0,-30.955686558123627,-0.4812578565428187,0.013936373265946468,0.4812578565428187,0.013936373265946468,30.955686558123627,0.21073804742289842,18.01730716219103
468,1.9371605961188894,0.15,0.0642862306379086,13.13872513813086,3.375334445949238,NACA2412,True,0.0,-36.64211039730527,-0.7286360359927447,0.02018109639225903,0.7286360359927447,0.02018109639225903,36.64211039730527,0.2075534211413004,18.080121997126522
469,1.9322363787621373,0.15,0.05,18.09991408505499,1.469598429844293,NACA2412,True,0.0,-36.686389388771026,-0.629181031536587,0.016676510499719473,0.629181031536587,0.016676510499719473,36.686389388771026,0.19322363787621374,19.32236378762137
470,1.9362385838882155,0.15612626491827297,0.05,18.600070211622644,2.6948694036576706,NACA4412,True,0.0,-37.604074036964704,-0.8684350816878276,0.024068409505152738,0.8684350816878276,0.024068409505152738,37.604074036964704,0.19955481364376199,18.786917665790096
471,1.9766218183202708,0.1564019668865312,0.08129602542733491,19.483425738356082,3.9968785125648183,NACA4412,True,0.0,-34.499991319601186,-0.9120253027248465,0.027927494449704313,0.9120253027248465,0.027927494449704313,34.499991319601186,0.2349195188892559,16.631371591142923
472,2.0,0.15,0.07916957905475597,21.00019167313743,4.381199118164778,NACA2412,True,0.0,-36.319645663634894,-0.7448055532965107,0.020994229731507746,0.7448055532965107,0.020994229731507746,36.319645663634894,0.22916957905475596,17.45432363448323
473,2.0,0.15750836746170385,0.05,18.669143252710924,3.7714935267588494,NACA4412,True,0.0,-37.843974726215144,-0.9205930954485219,0.025461277599805956,0.9205930954485219,0.025461277599805956,37.843974726215144,0.20750836746170387,19.2763311134343
474,2.0,0.15728471273039948,0.05,0.0,3.7419309023052603,NACA2412,True,0.0,-37.96893629092713,-0.7693405712454867,0.02066382923816709,0.7693405712454867,0.02066382923816709,37.96893629092713,0.2072847127303995,19.29712976567894
475,1.934582476226778,0.15860030504212708,0.05620790845496379,3.2547681245030766,2.5152089603876377,NACA2412,True,0.0,-36.14306162212277,-0.7029260909273903,0.01955299119748889,0.7029260909273903,0.01955299119748889,36.14306162212277,0.20778210279052622,18.0121834703772
476,1.8937733080058932,0.15503659034582049,0.0500050313288198,20.19838518833881,5.0,NACA0012,True,0.0,-35.390523612538225,-0.5975368177055335,0.016265887980605246,0.5975368177055335,0.016265887980605246,35.390523612538225,0.1941511750788382,18.47208671623686
477,1.9540383289622838,0.1658797268494343,0.053451786539925446,0.0,4.230237292002089,NACA2412,True,0.0,-36.40958789815141,-0.786113512059809,0.022291597479831848,0.786113512059809,0.022291597479831848,36.40958789815141,0.21429109195605664,17.81812653153451
478,2.0,0.15571119072781292,0.051612646612286955,27.186239946106923,4.611367062843799,NACA2412,True,0.0,-38.561954948018865,-0.7309077144343616,0.019172539066786915,0.7309077144343616,0.019172539066786915,38.561954948018865,0.20732383734009988,19.293488155142946
479,2.0,0.15,0.05,12.797625003780924,4.071970891750503,NACA0012,True,0.0,-35.616082492116064,-0.5790460287551866,0.015316147961339741,0.5790460287551866,0.015316147961339741,35.616082492116064,0.2,20.0
480,2.0,0.15,0.06392234663140384,23.434762493719518,4.785931438188889,NACA0012,True,0.0,-35.315184060828045,-0.5766592999112203,0.015598034012507903,0.5766592999112203,0.015598034012507903,35.315184060828045,0.21392234663140383,18.698373793048134
481,1.9961003268500745,0.15872590924706928,0.05,7.720889641882181,4.492146387000782,NACA2412,True,0.0,-37.94177572845277,-0.7987178035169812,0.021649929864463163,0.7987178035169812,0.021649929864463163,37.94177572845277,0.20831892783507702,19.12652180125167
482,2.0,0.15,0.05,0.0,4.66130706441115,NACA2412,True,0.0,-38.86313471984196,-0.8173943456210028,0.021633010201338284,0.8173943456210028,0.021633010201338284,38.86313471984196,0.2,20.0
483,1.899080655838423,0.15,0.05,22.472097723961312,2.092525337477827,NACA4412,True,0.0,-38.1356309136901,-0.8225320629049327,0.02228009284291008,0.8225320629049327,0.02228009284291008,38.1356309136901,0.18990806558384232,18.99080655838423
484,1.9660846272167378,0.15,0.059298735016155756,0.0,4.171683895865567,NACA2412,True,0.0,-37.493125573166104,-0.7880196615614669,0.021597072532490044,0.7880196615614669,0.021597072532490044,37.493125573166104,0.2057495127055867,18.787353177886867
485,1.9674840596996246,0.15605485263597182,0.05,9.690662944382984,4.049879311434191,NACA2412,True,0.0,-37.87501133785579,-0.7735279390293545,0.020876860984262457,0.7735279390293545,0.020876860984262457,37.87501133785579,0.20270481899251488,19.09670201434657
486,2.0,0.15,0.05,11.40549392464501,1.6820949562974439,NACA4412,True,0.0,-38.94888250150302,-0.8521142461429491,0.022650869457404344,0.8521142461429491,0.022650869457404344,38.94888250150302,0.2,20.0
487,1.7892497113138661,0.1549471994455908,0.05,28.02037484217594,0.9136588368774403,NACA0012,True,0.0,-27.248419743985338,-0.38558581088328087,0.01210104891511,0.38558581088328087,0.01210104891511,27.248419743985338,0.18335085872130436,17.460591958846205
488,2.0,0.15702474003565603,0.05,0.0,4.949806398923295,NACA2412,True,0.0,-38.119826786556004,-0.8284848601673002,0.02247910265969782,0.8284848601673002,0.02247910265969782,38.119826786556004,0.20702474003565602,19.32136226477607
489,1.903011664423703,0.15169109161790117,0.052427671826068695,16.31539080857752,3.8972642486779017,NACA2412,True,0.0,-37.45241178803577,-0.7461932710656787,0.02027061037708128,0.7461932710656787,0.02027061037708128,37.45241178803577,0.1942201938808086,18.646121819624636
490,1.9709632174252878,0.15658843950024903,0.05,0.0,2.994027285460741,NACA4412,True,0.0,-37.39945374210026,-0.9271362142439905,0.026065153840290275,0.9271362142439905,0.026065153840290275,37.39945374210026,0.2035891077001401,19.081060123143164
491,2.0,0.15523494419307288,0.09026326615441382,30.0,5.0,NACA4412,True,0.0,-34.45141527063938,-0.8863396775949651,0.027002840590151067,0.8863396775949651,0.027002840590151067,34.45141527063938,0.2454982103474867,16.293397798453444
492,1.9278963723402258,0.15701569450472222,0.05061183124588691,4.715673310263304,3.4612937202239555,NACA2412,True,0.0,-37.12603725744628,-0.7501651383291411,0.020573329826526696,0.7501651383291411,0.020573329826526696,37.12603725744628,0.2001421768462881,18.57072048005725
493,1.8934428938328443,0.15971216975994698,0.05,14.89209906455017,3.22280480147033,NACA4412,True,0.0,-36.38861409592451,-0.904682814860752,0.02613310131030902,0.904682814860752,0.02613310131030902,36.38861409592451,0.19853900879111938,18.0575394932991
494,1.956645919976134,0.15,0.05,22.228733125301023,4.626085932629083,NACA2412,True,0.0,-38.7278929113393,-0.7593478695515987,0.019939086823094254,0.7593478695515987,0.019939086823094254,38.7278929113393,0.1956645919976134,19.566459199761336
495,1.8928764562889375,0.1727281513323983,0.05,16.15868575275675,3.75630865362706,NACA4412,True,0.0,-34.89510839142938,-0.9183589792531567,0.027812640390304136,0.9183589792531567,0.027812640390304136,34.89510839142938,0.21079843690492817,16.997190925039543
496,1.9101742152543222,0.15711818316390577,0.05,14.977661497030924,4.211343074480529,NACA2412,True,0.0,-37.27052438859442,-0.7644811234706085,0.020991664645985942,0.7644811234706085,0.020991664645985942,37.27052438859442,0.19781590649500735,18.445258509656586
497,1.963987784769329,0.15347448368548922,0.05,29.88915007726001,2.0204940567958194,NACA4412,True,0.0,-38.847375483854684,-0.7747857244607917,0.020374893819273484,0.7747857244607917,0.020374893819273484,38.847375483854684,0.19981070023527345,19.304511791316965
498,2.0,0.15,0.05692037492888514,21.00019167313743,4.381199118164778,NACA0012,True,0.0,-35.387984649267345,-0.569113555710472,0.015220769251764339,0.569113555710472,0.015220769251764339,35.387984649267345,0.20692037492888513,19.33110744350202
499,1.990099643396189,0.16024480745149663,0.05166048408876434,0.0,4.044888208825367,NACA2412,True,0.0,-37.471348845856774,-0.7818205587910009,0.021406344754637572,0.7818205587910009,0.021406344754637572,37.471348845856774,0.21085632256401943,18.7829159803504
500,2.0,0.1522950086371065,0.05,18.11499616822669,1.1058326654459967,NACA4412,True,0.0,-38.89397205383514,-0.8008659795943714,0.021118432469890636,0.8008659795943714,0.021118432469890636,38.89397205383514,0.20229500863710648,19.773102791554937
501,1.9393270580349458,0.1553043996320056,0.05062210818837921,30.0,2.8288692448334,NACA2412,True,0.0,-37.299377476151555,-0.6354085711464482,0.01678482947776376,0.6354085711464482,0.01678482947776376,37.299377476151555,0.19967942429135854,18.835137628094817
502,2.0,0.15724982188606926,0.05,21.460493193747794,3.9842646422797148,NACA2412,True,0.0,-38.27020352504976,-0.732556634721572,0.019351132956008,0.732556634721572,0.019351132956008,38.27020352504976,0.20724982188606927,19.300378468836062
503,1.862728227581352,0.1567614277118687,0.05,9.164124167268312,1.3697139387571329,NACA4412,True,0.0,-36.66839339130386,-0.8328707105405267,0.02365587449756329,0.8328707105405267,0.02365587449756329,36.66839339130386,0.19257017388695952,18.018140503238804
504,1.9721047619572738,0.15387396970480888,0.05,3.0825057774002964,3.84289729598437,NACA4412,True,0.0,-37.37325791948061,-0.9687797399615293,0.02733561398120175,0.9687797399615293,0.02733561398120175,37.37325791948061,0.20103041324699328,19.346312477386924
505,1.950813354302362,0.1655873939688474,0.05,14.648523909020886,4.100345002937479,NACA0012,True,0.0,-33.97973940244632,-0.5701871721089592,0.015887710529664225,0.5701871721089592,0.015887710529664225,33.97973940244632,0.21028538358683602,18.097656995512978
506,1.9363256806447897,0.15696677979106768,0.05,18.642078949537293,3.576253507925631,NACA4412,True,0.0,-37.23539638737379,-0.908788562185165,0.025569355698041193,0.908788562185165,0.025569355698041193,37.23539638737379,0.20037754537489974,18.711463574970868
507,1.938292025189608,0.15684274304857018,0.05,17.6879250095554,5.0,NACA4412,True,0.0,-36.575685896505895,-0.9798222733994306,0.028238969745566615,0.9798222733994306,0.028238969745566615,36.575685896505895,0.20046081965969342,18.74169716202675
508,1.9838665407353575,0.15760573580941103,0.05,11.594923063921529,3.775273270512961,NACA2412,True,0.0,-37.852782083828096,-0.7561335869455768,0.020323465773490545,0.7561335869455768,0.020323465773490545,37.852782083828096,0.20593103646851743,19.111866374988914
509,1.8969265656606968,0.15141389016198462,0.05,15.041460626871244,2.1503719341760243,NACA4412,True,0.0,-37.64632556637184,-0.8576446439881215,0.023717586525746567,0.8576446439881215,0.023717586525746567,37.64632556637184,0.19103367947066716,18.836104740692086
510,1.8861774550249748,0.15490741630079877,0.07372238702708765,23.54087085591384,4.361252752395957,NACA2412,True,0.0,-35.28470742078951,-0.7273536583651223,0.021121035896173007,0.7273536583651223,0.021121035896173007,35.28470742078951,0.21561819029192664,16.49983884489406
511,2.0,0.15,0.05,9.42952416312241,3.2181754047342004,NACA4412,True,0.0,-38.52723796742341,-0.9314179698523603,0.02532043172562649,0.9314179698523603,0.02532043172562649,38.52723796742341,0.2,20.0
512,1.9334323030313596,0.1725963362897273,0.05,16.83302683163676,2.430246234162691,NACA4412,True,0.0,-35.88885252858466,-0.8562451873620223,0.024989949921159202,0.8562451873620223,0.024989949921159202,35.88885252858466,0.21518747355949525,17.371645331258637
513,1.8673553734235273,0.1750452533893395,0.05,19.608145480880516,5.0,NACA4412,True,0.0,-33.960681097865404,-0.9568791134988793,0.02986030785985323,0.9568791134988793,0.02986030785985323,33.960681097865404,0.2101197315900212,16.595376665802494
514,1.8985441276363426,0.15243750049112542,0.05,13.566207167552802,0.27564477070223514,NACA2412,True,0.0,-34.815147276956374,-0.5831911462837214,0.01591298794899376,0.5831911462837214,0.01591298794899376,34.815147276956374,0.19216826388540267,18.75684221579857
515,1.8856991104613772,0.15523916679967079,0.06006870929844388,12.965589241113284,5.0,NACA2412,True,0.0,-36.19613245077043,-0.803220008678665,0.023029301341267863,0.803220008678665,0.023029301341267863,36.19613245077043,0.20300293521677162,17.516304044558723
516,1.9795672554337407,0.1672114626960573,0.06604029585109442,18.10546213442069,4.410951446529232,NACA2412,True,0.0,-35.688737974498004,-0.7557056620567361,0.02179583012210405,0.7557056620567361,0.02179583012210405,35.688737974498004,0.23086877174613935,16.973653427213687
517,2.0,0.15,0.0742540368351495,3.7251292646577436,3.177078745824252,NACA2412,True,0.0,-36.23723342521061,-0.7338213624043579,0.020599696897287093,0.7338213624043579,0.020599696897287093,36.23723342521061,0.2242540368351495,17.836914137427208
518,1.8344871821119353,0.15,0.05095899099570773,17.286347813532576,3.637724039453198,NACA4412,True,0.0,-36.584753638483555,-0.915469784013233,0.026292145348933066,0.915469784013233,0.026292145348933066,36.584753638483555,0.1843283465558868,18.257328751726448
519,1.994164426163856,0.15260991383516262,0.05,11.90927407887176,2.1540994996112266,NACA4412,True,0.0,-38.53115664989583,-0.8719970508741448,0.023538126083353556,0.8719970508741448,0.023538126083353556,38.53115664989583,0.20201874127910271,19.684766538978426
520,1.9961321095377969,0.16384105270796995,0.05,14.569746152686019,4.120565772897856,NACA2412,True,0.0,-37.49475868268435,-0.7624775543088984,0.020776204922017445,0.7624775543088984,0.020776204922017445,37.49475868268435,0.2134274958238716,18.669306798295615
521,1.9967744121799436,0.1527642582243783,0.05,14.050107703348377,1.8849702374024293,NACA4412,True,0.0,-38.649957875701126,-0.8525161588731013,0.02286198945335503,0.8525161588731013,0.02286198945335503,38.649957875701126,0.20243724126354265,19.695526516022554
522,1.9532399723859706,0.15,0.05,7.68859103638177,1.0627408428740486,NACA2412,True,0.0,-36.48899116925791,-0.6341058857152172,0.016836630297542263,0.6341058857152172,0.016836630297542263,36.48899116925791,0.19532399723859706,19.532399723859704
523,2.0,0.15,0.0655387690114969,19.561148743024653,4.381199118164778,NACA2412,True,0.0,-37.522055430759146,-0.7560362787296263,0.020567966394000572,0.7560362787296263,0.020567966394000572,37.522055430759146,0.21553876901149688,18.558146259927092
524,2.0,0.15,0.05,0.0,0.6539842171398857,NACA2412,True,0.0,-36.444798441739636,-0.6207973425302878,0.016338876883370004,0.6207973425302878,0.016338876883370004,36.444798441739636,0.2,20.0
525,2.0,0.15194760964517107,0.05,0.41255382086180276,4.110116645349606,NACA2412,True,0.0,-38.59123698510095,-0.7895256317120344,0.020922812002080824,0.7895256317120344,0.020922812002080824,38.59123698510095,0.20194760964517106,19.80711733616525
526,2.0,0.1524072429810291,0.05,17.64660161395549,0.8713628467507955,NACA2412,True,0.0,-36.434008693418605,-0.6040105566515791,0.015893748913200386,0.6040105566515791,0.015893748913200386,36.434008693418605,0.20240724298102908,19.762138652196878
527,1.9158072267451192,0.15224872679560625,0.052413414394802786,15.226199288114342,3.7836405463618292,NACA2412,True,0.0,-37.486745667608204,-0.7447415539015462,0.020194335912716337,0.7447415539015462,0.020194335912716337,37.486745667608204,0.1960466045668578,18.721657221036622
528,1.9478806901233903,0.15431776230204716,0.05,20.107224596049193,3.4587888339110293,NACA2412,True,0.0,-37.81467323383665,-0.7133025539665402,0.018977068577333157,0.7133025539665402,0.018977068577333157,37.81467323383665,0.19899331191868924,19.06716937555138
529,1.9091018973425942,0.17111436879971098,0.050523787999978954,9.751239509833027,4.608364737575236,NACA4412,True,0.0,-34.486149863457115,-0.9815309875396551,0.03024621938475347,0.9815309875396551,0.03024621938475347,34.486149863457115,0.21156491283490172,17.227195216823468
530,1.9627388899237728,0.17032274570601827,0.05,24.797560808829743,1.8107578869952552,NACA4412,True,0.0,-36.90403357407446,-0.7916332994089536,0.02214344795208362,0.7916332994089536,0.02214344795208362,36.90403357407446,0.216218010665994,17.816942900146138
531,1.936624739789461,0.15,0.05,20.472902550076878,3.9956280874209344,NACA2412,True,0.0,-38.32476214421239,-0.7376948100388865,0.019477781200945687,0.7376948100388865,0.019477781200945687,38.32476214421239,0.1936624739789461,19.36624739789461
532,2.0,0.152131537437916,0.05,13.19862064910713,4.304352586830623,NACA4412,True,0.0,-37.957694619680304,-0.9714471526112346,0.0269066670672517,0.9714471526112346,0.0269066670672517,37.957694619680304,0.202131537437916,19.78909402610459
533,2.0,0.15,0.05,11.40549392464501,1.6820949562974439,NACA0012,True,0.0,-31.14095180747459,-0.46658787124268525,0.013131635426480564,0.46658787124268525,0.013131635426480564,31.14095180747459,0.2,20.0
534,1.9529344210002224,0.15,0.05,27.450149002154454,3.901554740414699,NACA2412,True,0.0,-38.57827102377569,-0.6989997022923676,0.018150002109933155,0.6989997022923676,0.018150002109933155,38.57827102377569,0.19529344210002225,19.529344210002222
535,1.9679573320505306,0.20708659403677832,0.05,8.313959525117712,3.5619270616957444,NACA4412,True,0.0,-32.47939672750891,-0.921234017901202,0.03027349660129348,0.921234017901202,0.03027349660129348,32.47939672750891,0.25296772385328803,15.309684578644333
536,1.8630769790897808,0.17269650627940034,0.05,13.420363791964911,1.7022808041247792,NACA4412,True,0.0,-35.16047861071519,-0.8305274270291378,0.02473997431540197,0.8305274270291378,0.02473997431540197,35.16047861071519,0.2074503670864368,16.73198210619721
537,1.9545662399792196,0.15299777839639556,0.05,14.341338099789445,3.3932907593031114,NACA4412,True,0.0,-37.753750407012454,-0.9211721112084938,0.025573524116261192,0.9211721112084938,0.025573524116261192,37.753750407012454,0.19838630222218884,19.257020992244765
538,1.99030597959607,0.15173585394571842,0.05,7.107124951877084,4.776399204259669,NACA2412,True,0.0,-38.61615430549659,-0.816218226277238,0.021760544981626412,0.816218226277238,0.021760544981626412,38.61615430549659,0.2007580382035414,19.7318021627589
383,2.0,0.15,0.05,20.276724150800916,3.795176899860989,NACA2412,True,0.0,-38.912305478943175,-0.7316543348506906,0.018937520682216002,0.7316543348506906,0.018937520682216002,38.912305478943175,0.2,20.0
539,2.0,0.1748862909024494,0.05980642692677871,9.223883449223033,3.0146777816268866,NACA2412,True,0.0,-35.34105112321643,-0.7151706474336509,0.020564929023402675,0.7151706474336509,0.020564929023402675,35.34105112321643,0.2346927178292281,17.043562480326134
540,1.9949652006318417,0.15698614070379882,0.05,3.5712922464497403,3.8110282680590712,NACA2412,True,0.0,-37.97040888436419,-0.7712893839430371,0.020729383025423726,0.7712893839430371,0.020729383025423726,37.97040888436419,0.20646507385858234,19.27631670264025
541,1.9311228954796602,0.17072912840209403,0.05,9.331711278627251,2.2968757433574454,NACA4412,True,0.0,-35.837776999764024,-0.8739901573625958,0.025631502962656556,0.8739901573625958,0.025631502962656556,35.837776999764024,0.21312753677827675,17.497671552997804
542,1.9960852048676536,0.15947210496345265,0.05,2.498207534112848,2.8535585748445884,NACA2412,True,0.0,-37.4018198876682,-0.7243230964330616,0.01950252805501338,0.7243230964330616,0.01950252805501338,37.4018198876682,0.209062084775016,19.05824362834295
543,1.8710846344671486,0.15698841187001733,0.05,4.579087660923104,4.665599358931286,NACA4412,True,0.0,-35.40791161490386,-0.999796434104347,0.029973650267127606,0.999796434104347,0.029973650267127606,35.40791161490386,0.19364641848137348,18.079124503280262
544,1.894020568777813,0.15730285879450603,0.059596444381476404,13.088018388765319,2.252907912453731,NACA2412,True,0.0,-35.461339627364595,-0.6728995541704873,0.01894820089022338,0.6728995541704873,0.01894820089022338,35.461339627364595,0.20540587078444278,17.464515017285134
545,1.9018391170507039,0.15,0.05302682846476252,0.5597824335240849,2.7902223366228713,NACA0012,True,0.0,-32.498172924939944,-0.5256036351139564,0.014745618891783113,0.5256036351139564,0.014745618891783113,32.498172924939944,0.1930621820925143,18.73485520541231
546,1.9145086542640062,0.15239934463618857,0.053249354723796445,18.88028632089902,3.55342741012931,NACA2412,True,0.0,-37.362180388516784,-0.7207465855301515,0.019490816482952183,0.7207465855301515,0.019490816482952183,37.362180388516784,0.19685810733141404,18.61921480877141
547,1.9371851203004085,0.17491860599701914,0.05,10.46209684683858,3.4526520010560056,NACA2412,True,0.0,-35.688216138672146,-0.7345346693632447,0.02102537741851904,0.7345346693632447,0.02102537741851904,35.688216138672146,0.21785448840806784,17.225654691511668
548,1.940411095473386,0.17441574635428128,0.05,25.326491728427527,5.0,NACA4412,True,0.0,-35.3187996364922,-0.9267989072519739,0.027600432620140416,0.9267989072519739,0.027600432620140416,35.3187996364922,0.21772940211239425,17.293003071273727
549,2.0,0.15827417292979418,0.05,16.736706123816088,2.6133657326026487,NACA0012,True,0.0,-32.440995337071506,-0.4987726033951365,0.013888142616352206,0.4987726033951365,0.013888142616352206,32.440995337071506,0.20827417292979417,19.205453771497318
550,1.7537917071797213,0.1553043996320056,0.05062210818837921,30.0,2.8288692448334,NACA2412,True,0.0,-35.467647217630514,-0.6289132671955909,0.01758323804745868,0.6289132671955909,0.01758323804745868,35.467647217630514,0.18057610085193546,17.033180679288073
551,2.0,0.20714448549132786,0.05,19.988194655972535,3.795176899860989,NACA2412,True,0.0,-33.98703855637223,-0.7126019226860961,0.021515471927572024,0.7126019226860961,0.021515471927572024,33.98703855637223,0.25714448549132785,15.555457051148387
552,1.9667628894730822,0.1535143952110038,0.0709547276356342,21.43428801314717,2.215884303520225,NACA4412,True,0.0,-36.334189443728306,-0.8264267554165495,0.023672085250834862,0.8264267554165495,0.023672085250834862,36.334189443728306,0.220738770323671,17.523683119809895
553,1.9024335825420315,0.15113133196398032,0.05185511596180735,9.951557362228549,2.9880004383688403,NACA4412,True,0.0,-37.1373479703292,-0.9126322337911761,0.025809044447191547,0.9126322337911761,0.025809044447191547,37.1373479703292,0.19308411766746889,18.74443936511038
554,2.0,0.15,0.09157397791696775,19.88233743305709,4.381199118164778,NACA2412,True,0.0,-35.24661325673899,-0.745092527154528,0.021752085624271802,0.745092527154528,0.021752085624271802,35.24661325673899,0.24157397791696775,16.558074816215736
555,2.0,0.18870365493455227,0.05,22.104088662635412,1.7276195041869937,NACA4412,True,0.0,-35.51547505263102,-0.7969103190158893,0.02331898409935093,0.7969103190158893,0.02331898409935093,35.51547505263102,0.23870365493455226,16.757179529139258
556,2.0,0.1518668355701551,0.05,15.36721543800326,1.0267370135094647,NACA2412,True,0.0,-36.68022093905743,-0.6179755687557004,0.01623203111583266,0.6179755687557004,0.01623203111583266,36.68022093905743,0.2018668355701551,19.81504286577016
557,1.9530952164995985,0.20750064673543714,0.05,14.906085680238167,2.9172861838811044,NACA0012,True,0.0,-29.52390723660532,-0.5030601264661495,0.015683780563861403,0.5030601264661495,0.015683780563861403,29.52390723660532,0.2514616406922676,15.16963348450351
558,1.9831279742909098,0.1620255587041209,0.05048005177431102,10.553945424975534,2.7979880862580733,NACA2412,True,0.0,-37.000960029371306,-0.7097071788860072,0.019275075950771676,0.7097071788860072,0.019275075950771676,37.000960029371306,0.21071291041677292,18.66424109769267
559,1.981373244358946,0.15263956323745992,0.05,30.0,4.602024942239909,NACA0012,True,0.0,-35.668390919630845,-0.5419388451789203,0.014335197994992535,0.5419388451789203,0.014335197994992535,35.668390919630845,0.20075230442364286,19.55564069230751
560,1.9065368346237346,0.15119340851090965,0.05156673279708056,9.41060476000633,2.8525182499290542,NACA2412,True,0.0,-37.16751115611993,-0.715147132303413,0.019354038909580592,0.715147132303413,0.019354038909580592,37.16751115611993,0.19328483899859839,18.805834542477736
561,1.9972687859770912,0.17811935873595905,0.05,11.180049747410695,1.787709439812897,NACA4412,True,0.0,-36.032126905338615,-0.8453731542289256,0.024544505708224817,0.8453731542289256,0.024544505708224817,36.032126905338615,0.22780783734022075,17.510734705237066
562,1.9457466576096851,0.15,0.05,26.99198104429836,4.280306788085685,NACA2412,True,0.0,-38.636867312963666,-0.7180555333124313,0.018720850781038415,0.7180555333124313,0.018720850781038415,38.636867312963666,0.19457466576096852,19.457466576096852
563,2.0,0.15356387881426947,0.05,21.174593143316528,3.2880558764882823,NACA2412,True,0.0,-38.34593204899271,-0.7031522726024965,0.018342703471603456,0.7031522726024965,0.018342703471603456,38.34593204899271,0.20356387881426946,19.649851551755788
564,1.8428335061711447,0.15131376470932756,0.061128766079712016,11.491390869564317,1.8906258674042289,NACA2412,True,0.0,-35.094748252083235,-0.6588118618527512,0.018640389909143965,0.6588118618527512,0.018640389909143965,35.094748252083235,0.19574810693691858,17.349007275771175
565,1.8772171686920751,0.1523034248967028,0.05118674168031495,19.074379780966765,3.4591164184100105,NACA2412,True,0.0,-37.15081761314662,-0.7149324091728552,0.019426494755110296,0.7149324091728552,0.019426494755110296,37.15081761314662,0.19099761717919397,18.45020032436387
566,2.0,0.1503693815605285,0.05,19.03438804861318,0.12036002308960292,NACA4412,True,0.0,-38.96046148319984,-0.7518029842019334,0.019543362135462535,0.7518029842019334,0.019543362135462535,38.96046148319984,0.20036938156052853,19.96312993954948
567,1.9882929651288443,0.1521710550274067,0.05,11.082482745642892,4.166588720713578,NACA0012,True,0.0,-35.482265032263385,-0.5858878428663462,0.015619084082523299,0.5858878428663462,0.015619084082523299,35.482265032263385,0.2009876432318346,19.66941276395187
568,1.9219259085191354,0.15,0.05,16.62132638180479,4.951151945056654,NACA4412,True,0.0,-37.12499880058489,-0.9852005672740766,0.027950580642026313,0.9852005672740766,0.027950580642026313,37.12499880058489,0.19219259085191354,19.219259085191354
569,1.9094789055163504,0.15227518978058488,0.05311948663304034,9.28612228332387,4.478462471169142,NACA4412,True,0.0,-36.265684358346675,-0.9851118879435279,0.0287340626676547,0.9851118879435279,0.0287340626676547,36.265684358346675,0.19609840095858702,18.593265793033783
570,1.9967978577819974,0.159844155832491,0.06653729334810432,7.122716163455808,3.8324689731365353,NACA2412,True,0.0,-36.19949382779911,-0.7607303885185118,0.02157587205260285,0.7607303885185118,0.02157587205260285,36.19949382779911,0.22601899638269843,17.64100252038811
571,1.94145595438369,0.15299777839639556,0.05,14.040979548979685,3.3932907593031114,NACA4412,True,0.0,-37.587060450441335,-0.9216050437908717,0.025714988148140498,0.9216050437908717,0.025714988148140498,37.587060450441335,0.19705562279717145,19.127854203336078
572,1.962568206886281,0.15276701149297914,0.05329405274308027,14.831588211560435,3.6677945749394505,NACA0012,True,0.0,-34.18019754951508,-0.5524731064181684,0.015081240608222262,0.5524731064181684,0.015081240608222262,34.18019754951508,0.20220444667342094,19.048413771541068
573,1.9178936040854995,0.15,0.051886487665274775,7.975219487684196,3.867933581488674,NACA2412,True,0.0,-37.71514020422982,-0.7675117868513119,0.020778026117288285,0.7675117868513119,0.020778026117288285,37.71514020422982,0.19359840172225828,18.999722331742603
574,1.995065407212371,0.15968255713429935,0.051640573022561184,4.867794130434014,2.624534362694331,NACA2412,True,0.0,-37.109143683293105,-0.7107382428085657,0.019217321582436424,0.7107382428085657,0.019217321582436424,37.109143683293105,0.21080173335989494,18.881656785336062
575,1.934776167552819,0.15226505482030744,0.05084064456600577,17.11207810693894,3.82571938389527,NACA2412,True,0.0,-37.88266798662142,-0.7417734091417892,0.01985766884550644,0.7417734091417892,0.01985766884550644,37.88266798662142,0.196482033333393,19.0519140861017
576,1.977088506949619,0.1877712849637309,0.05,20.768025357934693,4.195610446566995,NACA2412,True,0.0,-35.33689013368928,-0.7333112470164368,0.021278804670247908,0.7333112470164368,0.021278804670247908,35.33689013368928,0.23504743739221756,16.630170520811202
577,2.0,0.17225838042023167,0.05,4.6230575480023575,4.498434419834288,NACA2412,True,0.0,-36.641788407216154,-0.7977287900468868,0.022517179879698757,0.7977287900468868,0.022517179879698757,36.641788407216154,0.22225838042023166,17.99707166243658
578,1.9942170340455236,0.15557429902371786,0.05,15.819929198725003,4.358445248899999,NACA2412,True,0.0,-38.35631992339831,-0.772805134975609,0.02056555183967914,0.772805134975609,0.02056555183967914,38.35631992339831,0.20497988443753312,19.401423655740576
579,1.991863803293993,0.15240304128208332,0.05,30.0,1.9433008255248054,NACA4412,True,0.0,-39.26814079452897,-0.7721039874341876,0.02004565863366266,0.7721039874341876,0.02004565863366266,39.26814079452897,0.20157964580320076,19.682152903206525
580,1.9543432051046572,0.15,0.05,8.900732868194282,2.8567316277122465,NACA2412,True,0.0,-37.92275894755242,-0.719250127686497,0.019028824096093085,0.719250127686497,0.019028824096093085,37.92275894755242,0.19543432051046572,19.543432051046572
581,1.9942668595363708,0.1512331486338943,0.05,12.685065397072279,1.945413314188734,NACA2412,True,0.0,-37.59578211829746,-0.6685509571678864,0.01749747517168558,0.6685509571678864,0.01749747517168558,37.59578211829746,0.20065629968036605,19.82046072503256
582,2.0,0.1507447208509047,0.05,0.0,3.858916511156871,NACA2412,True,0.0,-38.663865106600554,-0.7777246810819024,0.020496007937328798,0.7777246810819024,0.020496007937328798,38.663865106600554,0.20074472085090472,19.925804190740553
583,1.8463997795142502,0.17032274570601827,0.05,25.19761723361869,1.8107578869952552,NACA4412,True,0.0,-35.655870222683625,-0.7840616591998008,0.02278260025020623,0.7840616591998008,0.02278260025020623,35.655870222683625,0.20340193454678318,16.76086391895228
584,2.0,0.17130153778801738,0.05,30.0,2.2646452264296064,NACA0012,True,0.0,-30.553183792026143,-0.43803551136444135,0.012785151844106488,0.43803551136444135,0.012785151844106488,30.553183792026143,0.22130153778801737,18.074885696599008
585,2.0,0.1992845859296298,0.05,15.88985914147362,4.055920078695603,NACA2412,True,0.0,-34.509803666657426,-0.7420679259851091,0.022178527487018502,0.7420679259851091,0.022178527487018502,34.509803666657426,0.24928458592962982,16.045917901755683
586,1.9923329565408472,0.15,0.0677132726022703,16.142865185757373,2.9313478712043497,NACA2412,True,0.0,-36.73416986149778,-0.6999813832440426,0.019143910370114457,0.6999813832440426,0.019143910370114457,36.73416986149778,0.2168786640409323,18.30235642252774
587,1.9791182289600515,0.15251392361309846,0.05,0.9616190317846733,4.080111348014784,NACA4412,True,0.0,-37.485945403093446,-0.9825900226091463,0.027655609114857708,0.9825900226091463,0.027655609114857708,37.485945403093446,0.20039949892045328,19.545502784698837
588,1.8832425844118053,0.151354228428852,0.050795440971771,15.757260122424068,3.877973992670037,NACA4412,True,0.0,-36.86743654456194,-0.9352986278294256,0.026680522600314633,0.9352986278294256,0.026680522600314633,36.86743654456194,0.19034843292001064,18.632160913205052
589,1.9988216562846801,0.16342033532125275,0.05,27.14491444848278,4.1007200520848155,NACA4412,True,0.0,-37.64055871928525,-0.8821443061387719,0.024400473715421686,0.8821443061387719,0.024400473715421686,37.64055871928525,0.21329459406582912,18.731313989137323
590,1.998422203987059,0.15223073945721138,0.05,9.702742275067747,1.5486298343661904,NACA2412,True,0.0,-37.192279918882484,-0.6553541428273401,0.017229437557592774,0.6553541428273401,0.017229437557592774,37.192279918882484,0.20207120003000653,19.763782789410126
591,1.9608729180066755,0.15,0.05910102702783007,21.489654243541132,0.8500119198649471,NACA4412,True,0.0,-37.85224737726298,-0.7698153750605407,0.020810778575949544,0.7698153750605407,0.020810778575949544,37.85224737726298,0.20501027051312692,18.7552681675322
592,2.0,0.15,0.05,0.0,3.8747345190920983,NACA2412,True,0.0,-38.745712616926085,-0.7788055393239359,0.020479690195636946,0.7788055393239359,0.020479690195636946,38.745712616926085,0.2,20.0
593,2.0,0.15495491934753747,0.05,30.0,4.190164354394938,NACA4412,True,0.0,-38.78515790640166,-0.8680956672470529,0.023173351246898538,0.8680956672470529,0.023173351246898538,38.78515790640166,0.20495491934753746,19.51648690713927
594,1.8339313747989854,0.15,0.05,26.99198104429836,4.280306788085685,NACA0012,True,0.0,-34.27565776434433,-0.5384390786960443,0.014794904272791473,0.5384390786960443,0.014794904272791473,34.27565776434433,0.18339313747989855,18.339313747989852
595,1.9371123793387097,0.15265248466127382,0.05,20.269825441267084,3.6244109698243627,NACA4412,True,0.0,-37.79914379391053,-0.904914653594118,0.025017428144437064,0.904914653594118,0.025017428144437064,37.79914379391053,0.19628031837055077,19.117578376367028
596,1.9342280226865045,0.15085744294698966,0.051179650001339914,18.267253202566796,4.077506085669472,NACA2412,True,0.0,-38.072609825335526,-0.7496434488693683,0.020005123902878945,0.7496434488693683,0.020005123902878945,38.072609825335526,0.19539290340138854,19.147256520674425
597,1.9023361038155364,0.17566578763721877,0.05,9.680911534084613,0.7449653660596232,NACA4412,True,0.0,-35.3653879322323,-0.7956160457850365,0.02339951979337321,0.7956160457850365,0.02339951979337321,35.3653879322323,0.2146460876091255,16.859765263786812
598,1.9810515442104897,0.15033803575689297,0.05331913087964001,5.136315913623812,4.787076968341134,NACA0012,True,0.0,-36.11156474544167,-0.6232399995534528,0.01662782092224547,0.6232399995534528,0.01662782092224547,36.11156474544167,0.20172767222741836,19.454768785486177
599,1.9507156877946845,0.1526483037198466,0.05,14.452751063040736,-0.11280613446279442,NACA2412,True,0.0,-34.69269848560621,-0.5643692420310459,0.015266219197789019,0.5643692420310459,0.015266219197789019,34.69269848560621,0.19765461258564335,19.252228140941885
600,1.9978742005199548,0.161148864549016,0.05222480599943323,11.143398199221371,2.2808052940959866,NACA2412,True,0.0,-36.76905809011122,-0.6839531325018949,0.018511715237666922,0.6839531325018949,0.018511715237666922,36.76905809011122,0.21314687572949564,18.726529804588157
601,1.9115918746764227,0.15763762389529312,0.05,24.71847584293325,2.771121167376027,NACA4412,True,0.0,-37.46190084079284,-0.8376963768408868,0.023200215585007747,0.8376963768408868,0.023200215585007747,37.46190084079284,0.19845919735768067,18.41276969765744
602,1.9429108268548902,0.1605333003108373,0.050668399701576335,7.571535554924543,5.0,NACA0012,True,0.0,-35.36005034990442,-0.6270923204081412,0.017224771393589838,0.6270923204081412,0.017224771393589838,35.36005034990442,0.20517303480213853,18.39862867335531
603,1.981329350161853,0.15229068237495427,0.05,25.803719960020366,2.674544308546179,NACA4412,True,0.0,-38.913139652339055,-0.8318894713059112,0.022048353983039618,0.8318894713059112,0.022048353983039618,38.913139652339055,0.200402233126883,19.588933379436387
604,1.9575588339886865,0.15,0.09310439250209375,7.343424158489024,2.593274782892841,NACA2412,True,0.0,-34.114580738354924,-0.6931605840747522,0.02061077191502496,0.6931605840747522,0.02061077191502496,34.114580738354924,0.2379455755619633,16.104676792064353
605,2.0,0.15,0.06687723291739929,5.092045270053701,2.200336848191892,NACA4412,True,0.0,-36.933494419431334,-0.8819376335357246,0.025027051617713913,0.8819376335357246,0.025027051617713913,36.933494419431334,0.2168772329173993,18.443614141478168
606,1.8123569418068723,0.15122764170743777,0.05,10.61556580410471,2.3389479277818266,NACA2412,True,0.0,-36.0729595375448,-0.6848390856896461,0.018973769196515437,0.6848390856896461,0.018973769196515437,36.0729595375448,0.1823481566659505,18.013001856294018
607,1.9923826009894463,0.15247801922164167,0.07571439446475631,13.710831367125584,4.974135775427654,NACA2412,True,0.0,-36.152070997055894,-0.799528142740669,0.02293879641004511,0.799528142740669,0.02293879641004511,36.152070997055894,0.22732329735328266,17.462303577958146
608,1.9258689432315,0.15,0.05,25.92738906348416,2.8442243249190504,NACA2412,True,0.0,-37.72922021690284,-0.6595345078055478,0.017296001696114467,0.6595345078055478,0.017296001696114467,37.72922021690284,0.19258689432315002,19.258689432315
609,1.8488337254829912,0.15,0.05156485730381594,30.0,1.8610238429208372,NACA2412,True,0.0,-36.040455008630126,-0.592391164847575,0.015954531006008757,0.592391164847575,0.015954531006008757,36.040455008630126,0.18632995302773075,18.344802265766692
610,1.7593882694930159,0.150730811349529,0.05946491108068648,11.334438243771627,0.23727386419185625,NACA4412,True,0.0,-35.25630614530449,-0.7672125518108075,0.022498112601078844,0.7672125518108075,0.022498112601078844,35.25630614530449,0.18490794417066558,16.7404764393065
589,1.9988216562846801,0.16342033532125275,0.05,27.14491444848278,4.1007200520848155,NACA4412,True,0.0,-37.64055871928525,-0.8821443061387719,0.024400473715421686,0.8821443061387719,0.024400473715421686,37.64055871928525,0.21329459406582912,18.731313989137323
611,1.995460557998786,0.15,0.05,5.520841503783586,4.185296329661945,NACA4412,True,0.0,-37.97368956468687,-0.9859320561683358,0.027352697465816877,0.9859320561683358,0.027352697465816877,37.97368956468687,0.1995460557998786,19.954605579987863
612,2.0,0.15,0.056745262029130335,11.942690770673572,2.3020528157696045,NACA2412,True,0.0,-37.40601126685921,-0.6856442182556854,0.01819722588543594,0.6856442182556854,0.01819722588543594,37.40601126685921,0.20674526202913032,19.34748085997928
613,1.9757628626808408,0.15143310010167063,0.05,15.28287741518091,1.731011384301091,NACA0012,True,0.0,-30.92961871010428,-0.4613182127035387,0.013093053356638677,0.4613182127035387,0.013093053356638677,30.92961871010428,0.19899201924777657,19.617062555097462
614,1.9327885996645005,0.15,0.05,17.058006601128028,3.063059836369244,NACA2412,True,0.0,-37.86791633886273,-0.7072761254067386,0.01871483758364412,0.7072761254067386,0.01871483758364412,37.86791633886273,0.19327885996645006,19.327885996645
615,2.0,0.15,0.05623452844468019,19.63679794116071,4.527059548989487,NACA2412,True,0.0,-38.46179476002698,-0.7659750955389638,0.02029776160872387,0.7659750955389638,0.02029776160872387,38.46179476002698,0.20623452844468018,19.395394312320256
616,2.0,0.1765755917943402,0.05,17.21350983459967,4.232960807054226,NACA2412,True,0.0,-36.43300211192105,-0.75418841910578,0.021219072038066004,0.75418841910578,0.021219072038066004,36.43300211192105,0.22657559179434023,17.654152277932695
617,2.0,0.15,0.05,1.7974520569937136,4.582188014566108,NACA2412,True,0.0,-38.860253608159645,-0.8131546422490162,0.02150187685482079,0.8131546422490162,0.02150187685482079,38.860253608159645,0.2,20.0
618,1.9910758402714377,0.15,0.0905728047022612,26.042733313206355,4.155938423657435,NACA4412,True,0.0,-34.79545637357911,-0.8805073108515495,0.02658192989424253,0.8805073108515495,0.02658192989424253,34.79545637357911,0.2394993496345056,16.55279234687929
619,1.9983726679264278,0.1506173895751374,0.05,30.0,4.428292329252203,NACA4412,True,0.0,-39.1938549969686,-0.8800286165537651,0.023245874978594844,0.8800286165537651,0.023245874978594844,39.1938549969686,0.20045415401885144,19.92222780047664
620,2.0,0.15,0.05,8.39605097781012,2.402278620013607,NACA0012,True,0.0,-32.72218116704631,-0.505430631860278,0.013869326175599326,0.505430631860278,0.013869326175599326,32.72218116704631,0.2,20.0
621,1.917199972225555,0.15,0.052206239488700276,9.222716084155419,3.8491478775206645,NACA2412,True,0.0,-37.68353816672907,-0.7641956820159113,0.020691782380622893,0.7641956820159113,0.020691782380622893,37.68353816672907,0.19383489836578502,18.962817142274115
622,1.920640684690023,0.15,0.05448227891667967,10.673316007392692,4.5683672526335455,NACA0012,True,0.0,-35.22773162616159,-0.6029945598085963,0.016406124091795312,0.6029945598085963,0.016406124091795312,35.22773162616159,0.19636849209275395,18.785399838708038
623,2.0,0.24627183246751116,0.05118104114612475,10.008917172492158,3.3853378059947685,NACA0012,True,0.0,-28.486027033335997,-0.5244094107422294,0.017378999065609916,0.5244094107422294,0.017378999065609916,28.486027033335997,0.2974528736136359,13.447508344449998
624,1.95269761179658,0.1524573251194817,0.06759335585584915,26.412785341747306,3.8224980110432196,NACA2412,True,0.0,-36.65054413457697,-0.6945350033926525,0.01911301168057906,0.6945350033926525,0.01911301168057906,36.65054413457697,0.21484621960736985,17.747707965652605
625,2.0,0.15,0.05,20.059830469745364,0.5151700865378738,NACA4412,True,0.0,-39.11535771033911,-0.7659639047807779,0.019903913025748163,0.7659639047807779,0.019903913025748163,39.11535771033911,0.2,20.0
626,1.9470580039321377,0.16051591996491685,0.06795125932206564,4.890588170401214,3.989513187682507,NACA2412,True,0.0,-35.517899788874836,-0.7679098205063587,0.022318014913771726,0.7679098205063587,0.022318014913771726,35.517899788874836,0.22241942503325898,17.04453138528398
627,1.9903008257456627,0.15,0.06834941478274023,22.647113107496175,3.7936039759148183,NACA2412,True,0.0,-37.090930236500505,-0.7141436474451436,0.019468220357607275,0.7141436474451436,0.019468220357607275,37.090930236500505,0.21729051027158505,18.23042051865384
628,2.0,0.15809111983762414,0.06466308444906295,5.585470706724587,-0.39163722339254314,NACA2412,True,0.0,-33.18827778970323,-0.5603965100465542,0.01582284219610487,0.5603965100465542,0.01582284219610487,33.18827778970323,0.22275420428668707,17.957012361714874
629,2.0,0.1735466968858318,0.112333719879537,3.343395894609813,0.9930546941998046,NACA4412,True,0.0,-31.622255947153477,-0.7964547751574469,0.026686216204130458,0.7964547751574469,0.026686216204130458,31.622255947153477,0.2858804167653688,13.991864309065031
630,1.9395981438836725,0.19321293205183226,0.05,11.662870327588028,3.3930782040485115,NACA4412,True,0.0,-33.512807822660825,-0.9099279630374822,0.02884511544037466,0.9099279630374822,0.02884511544037466,33.512807822660825,0.2358676757881198,15.949794507393346
631,2.0,0.18505433537451238,0.05,8.120114787784328,3.069922570178833,NACA2412,True,0.0,-35.32167834965309,-0.7195270014976437,0.020733310427103118,0.7195270014976437,0.020733310427103118,35.32167834965309,0.23505433537451237,17.01734194192502
632,2.0,0.15,0.06185886955418608,0.0,3.8255552244262905,NACA2412,True,0.0,-37.539182055312295,-0.7715770248700217,0.021019628464964107,0.7715770248700217,0.021019628464964107,37.539182055312295,0.2118588695541861,18.880493454992877
633,2.0,0.15,0.05,30.0,4.066720086149837,NACA4412,True,0.0,-39.38523030766803,-0.8647645122602116,0.02268587562607308,0.8647645122602116,0.02268587562607308,39.38523030766803,0.2,20.0
634,1.9768087367975287,0.15,0.050686715165908974,1.7139229246232617,4.529999867159632,NACA2412,True,0.0,-38.53117941390156,-0.8093329754323001,0.021595407789744253,0.8093329754323001,0.021595407789744253,38.53117941390156,0.19835962594958298,19.700444398258135
635,2.0,0.15040099001378326,0.0506933757878052,16.503740113382932,3.674188076432773,NACA2412,True,0.0,-38.7029225742317,-0.7400871606398357,0.019302690850316728,0.7400871606398357,0.019302690850316728,38.7029225742317,0.20109436580158846,19.8911589792955
636,1.9912504406845135,0.15033098219860355,0.05,6.802726558937677,2.026528433776117,NACA4412,True,0.0,-38.67021251500588,-0.8782401539083858,0.023637197882230204,0.8782401539083858,0.023637197882230204,38.67021251500588,0.1994545782928654,19.87960542928336
637,1.9610294599634528,0.15,0.05,18.65744288703973,4.151235744802713,NACA2412,True,0.0,-38.591201554466274,-0.7534044827296014,0.019812241572588363,0.7534044827296014,0.019812241572588363,38.591201554466274,0.19610294599634528,19.61029459963453
638,2.0,0.15232663892749898,0.05,30.0,3.8823355359529454,NACA4412,True,0.0,-39.16342873654981,-0.8558979056071685,0.022573815700018107,0.8558979056071685,0.022573815700018107,39.16342873654981,0.20232663892749897,19.770011606990348
639,1.7285342130989088,0.15904690153716802,0.05196564283305752,14.369279173672595,1.6103239720691473,NACA2412,True,0.0,-33.88936059134538,-0.6346300188299415,0.018526469914081977,0.6346300188299415,0.018526469914081977,33.88936059134538,0.18237120116849317,16.38323653465988
640,2.0,0.20316792868565084,0.050505166523827215,30.0,4.624567029259982,NACA2412,True,0.0,-34.667655768034244,-0.6990796092822968,0.020598225393246614,0.6990796092822968,0.020598225393246614,34.667655768034244,0.25367309520947806,15.768325752862681
641,1.77386302151741,0.15,0.05720263148141855,10.07529543341841,0.83604583260336,NACA4412,True,0.0,-35.6795971821119,-0.8005824734631132,0.023328151448065368,0.8005824734631132,0.023328151448065368,35.6795971821119,0.18377454297299375,17.122012484445555
642,2.0,0.15,0.05401512473448605,25.142044089097553,4.296256574677081,NACA2412,True,0.0,-38.75945883702126,-0.7296204428877712,0.019001393908943707,0.7296204428877712,0.019001393908943707,38.75945883702126,0.20401512473448605,19.606389502767357
643,1.9018109894692214,0.17839786176414935,0.05,18.63752057667609,2.3820573436003167,NACA2412,True,0.0,-34.71337750605175,-0.6590039117849747,0.018980079306306043,0.6590039117849747,0.018980079306306043,34.71337750605175,0.21718478173716566,16.653492066690973
644,1.8700289064891957,0.15382691543688234,0.05,5.9825463773497205,2.795251072626782,NACA4412,True,0.0,-36.64260246140381,-0.9090219081272162,0.02610093174886653,0.9090219081272162,0.02610093174886653,36.64260246140381,0.19058111189374943,18.34918516507968
645,1.917199972225555,0.17957080091815983,0.052206239488700276,9.222716084155419,3.8491478775206645,NACA2412,True,0.0,-34.961800296053376,-0.752193022952814,0.022182856865758008,0.752193022952814,0.022182856865758008,34.961800296053376,0.22218146771527675,16.543484797804936
646,1.9115918746764227,0.15,0.05,26.959845557622575,2.771121167376027,NACA4412,True,0.0,-38.42014059228928,-0.8266910590003773,0.022209388075529468,0.8266910590003773,0.022209388075529468,38.42014059228928,0.19115918746764227,19.115918746764226
647,1.7593882694930159,0.150730811349529,0.05946491108068648,6.372239747989558,0.23727386419185625,NACA0012,True,0.0,-25.341039803135374,-0.39385302961962654,0.012852011931765323,0.39385302961962654,0.012852011931765323,25.341039803135374,0.18490794417066558,16.7404764393065
648,1.9330464976933615,0.1512240772965945,0.05,18.534480011689915,4.112885439207172,NACA2412,True,0.0,-38.156665163560085,-0.7505173242449152,0.01998321049301035,0.7505173242449152,0.01998321049301035,38.156665163560085,0.19448774893488016,19.212874757965913
649,1.9131753536948806,0.1507756525098836,0.0512383017750953,30.0,3.9542899306716377,NACA0012,True,0.0,-34.218870329778944,-0.5125141912782389,0.013943786295616723,0.5125141912782389,0.013943786295616723,34.218870329778944,0.19324405922023297,18.941021777099465
650,1.9330734499908864,0.15310548464565593,0.05031413813491479,17.748476612103968,3.494434265499731,NACA4412,True,0.0,-37.57356620444275,-0.9106523555959032,0.025374460348944052,0.9106523555959032,0.025374460348944052,37.57356620444275,0.19661253600214126,19.005771651401574
651,1.9916889203835468,0.15,0.058493899104184156,20.437493640273836,5.0,NACA2412,True,0.0,-38.221032835721466,-0.7830848053393229,0.02099413993547229,0.7830848053393229,0.02099413993547229,38.221032835721466,0.20762749440668432,19.10548873555578
652,2.0,0.1522919220967016,0.05,27.392222980755403,2.080526860202002,NACA4412,True,0.0,-39.251111274376676,-0.7961091125137911,0.02076975408428451,0.7961091125137911,0.02076975408428451,39.251111274376676,0.2022919220967016,19.77340448665014
653,1.972395181049656,0.15,0.06362058268193369,30.0,3.4493548886406646,NACA2412,True,0.0,-37.30387058803088,-0.6607078463799094,0.01763504518613818,0.6607078463799094,0.01763504518613818,37.30387058803088,0.2106721039274328,18.466340240129544
654,1.9968735398392585,0.15762547154439419,0.05,0.0,3.8935756002755597,NACA0012,True,0.0,-34.74434915929963,-0.5810606766284567,0.015755774270948063,0.5810606766284567,0.015755774270948063,34.74434915929963,0.20730090516182484,19.23534260980392
655,1.9268146361400698,0.15,0.05,24.404914132866914,4.5260677474872155,NACA2412,True,0.0,-38.44375728747849,-0.7425974985258413,0.01959197321579902,0.7425974985258413,0.01959197321579902,38.44375728747849,0.19268146361400698,19.268146361400696
656,1.9238704876139592,0.15,0.052093180738898764,9.133933860904426,4.303607335581458,NACA4412,True,0.0,-36.89956682032047,-0.9796242515751116,0.028029009082815564,0.9796242515751116,0.028029009082815564,36.89956682032047,0.19440055308580056,19.039439931420247
657,1.9892093454410742,0.15080018819684401,0.05,2.23562093289422,4.718255914054763,NACA2412,True,0.0,-38.66618760255105,-0.8188158991437198,0.02180683552456472,0.8188158991437198,0.02180683552456472,38.66618760255105,0.19971680546374432,19.812823516789297
658,1.9265653322534964,0.15,0.05149692082941258,11.951231466829242,-0.5788330123988654,NACA4412,True,0.0,-37.75797149873555,-0.7383504733877141,0.019791485051324356,0.7383504733877141,0.019791485051324356,37.75797149873555,0.19409849111288682,19.122528764442293
659,2.0,0.22802660830676325,0.05193431860724948,7.028561513692941,5.0,NACA2412,True,0.0,-32.05300662998469,-0.7951594889049307,0.026218712266691646,0.7951594889049307,0.026218712266691646,32.05300662998469,0.27996092691401275,14.287708088738256
660,1.981408089849434,0.16504221120377766,0.05414369356687449,7.418677617019789,2.6570004091215353,NACA4412,True,0.0,-36.39027262496527,-0.8984706589618772,0.025969962592124998,0.8984706589618772,0.025969962592124998,36.39027262496527,0.21714836244676888,18.07970354592559
661,1.991282055179988,0.15041857585746868,0.05299640914069005,7.115032421199084,3.6109420763375697,NACA0012,True,0.0,-34.591124576449694,-0.5644281871658473,0.015222040168935016,0.5644281871658473,0.015222040168935016,34.591124576449694,0.20252830469077,19.57851881165994
662,1.995460557998786,0.15,0.05,5.520841503783586,4.185296329661945,NACA2412,True,0.0,-38.78088305178357,-0.7905557703677601,0.020839081664331075,0.7905557703677601,0.020839081664331075,38.78088305178357,0.1995460557998786,19.954605579987863
663,2.0,0.15,0.07009024043743949,3.8111932208902597,5.0,NACA2412,True,0.0,-36.82391076078614,-0.8236677131323068,0.023242796082930877,0.8236677131323068,0.023242796082930877,36.82391076078614,0.22009024043743947,18.17436335227685
608,1.9258689432315,0.15,0.05,25.92738906348416,2.8442243249190504,NACA2412,True,0.0,-37.72922021690284,-0.6595345078055478,0.017296001696114467,0.6595345078055478,0.017296001696114467,37.72922021690284,0.19258689432315002,19.258689432315
664,1.9138291003709336,0.15,0.07083017025705399,5.937496362929178,3.832673867283498,NACA4412,True,0.0,-34.9299270994612,-0.9529467398642901,0.028947997694477673,0.9529467398642901,0.028947997694477673,34.9299270994612,0.21131560303890887,17.333040119863785
665,2.0,0.15,0.0734447884631263,1.0113682063172398,3.4065633484698843,NACA2412,True,0.0,-36.369842736172735,-0.7465216512294847,0.020953635226705597,0.7465216512294847,0.020953635226705597,36.369842736172735,0.2234447884631263,17.9015139601705
666,1.6705384139864436,0.15981346604598834,0.057340058742963176,30.0,1.9171636319591878,NACA4412,True,0.0,-34.18784203623639,-0.7512968809106907,0.02276429052282228,0.7512968809106907,0.02276429052282228,34.18784203623639,0.18138165244625046,15.385782161353509
667,2.0,0.15,0.05,27.799808530373955,2.488937696043482,NACA4412,True,0.0,-39.50565011079066,-0.8122346764869907,0.021094570878743144,0.8122346764869907,0.021094570878743144,39.50565011079066,0.2,20.0
668,1.9205911978463415,0.15,0.058885871388544654,29.972638642421174,2.3451850878468745,NACA2412,True,0.0,-36.50244874933778,-0.6133823776049376,0.016450524706170686,0.6133823776049376,0.016450524706170686,36.50244874933778,0.20059218297165088,18.38890476487887
669,1.9112384562854232,0.15085369016953867,0.05,26.355366429884064,3.9427560012737075,NACA2412,True,0.0,-38.06237209067465,-0.7051744636613315,0.018627525416734608,0.7051744636613315,0.018627525416734608,38.06237209067465,0.1919396483694299,19.03115103010719
670,1.9786391646590347,0.15,0.10017109326715025,4.549748987508726,2.7936445763809714,NACA4412,True,0.0,-33.439791336756564,-0.8945816176404536,0.02843438892263336,0.8945816176404536,0.02843438892263336,33.439791336756564,0.24749916150197582,15.818287707174106
671,1.978499063905754,0.1691182207102376,0.05714165777577466,10.498525731283438,5.0,NACA2412,True,0.0,-36.11030454282213,-0.8094450846734,0.02330095625131995,0.8094450846734,0.02330095625131995,36.11030454282213,0.22382747889200244,17.488730897803148
672,1.9469538081659883,0.153408038079537,0.05,18.713740720284544,3.3228115653792027,NACA4412,True,0.0,-37.847501542621764,-0.8988422441870725,0.024810540407330047,0.8988422441870725,0.024810540407330047,37.847501542621764,0.19801302717526345,19.143332058536316
673,2.0,0.15021356432807162,0.050721188523928096,0.21389655553860543,4.5926207617838495,NACA4412,True,0.0,-37.66873519959953,-1.0090795206264858,0.02827462673825004,1.0090795206264858,0.02827462673825004,37.66873519959953,0.20093475285199972,19.90695956386517
674,2.0,0.2397257627001454,0.050505166523827215,30.0,4.624567029259982,NACA2412,True,0.0,-32.18359076929216,-0.6877372568273897,0.022035712144834765,0.6877372568273897,0.022035712144834765,32.18359076929216,0.2902309292239726,13.782128633551599
675,1.9083600145656083,0.15915337218902606,0.0500206821869112,19.537977707201936,3.4109413916347227,NACA2412,True,0.0,-36.92226900482204,-0.7100536231346086,0.019406317442033947,0.7100536231346086,0.019406317442033947,36.92226900482204,0.1995897007278055,18.246622605840162
676,1.9905856328632425,0.15,0.05,4.818855967931462,0.08097511942406954,NACA2412,True,0.0,-35.5897278043687,-0.5905176286560628,0.015677973676380696,0.5905176286560628,0.015677973676380696,35.5897278043687,0.19905856328632426,19.905856328632424
677,1.86355626192954,0.1509262990922065,0.05,2.9675145156726694,2.852201108551922,NACA4412,True,0.0,-36.82701480017109,-0.9162367321890835,0.026182287620267215,0.9162367321890835,0.026182287620267215,36.82701480017109,0.18721873142980452,18.549649999518888
678,1.9966982256122636,0.15985235375916584,0.05,0.7389908955588329,3.6211511023748617,NACA0012,True,0.0,-34.1545089955971,-0.5670410017757072,0.015526533335317928,0.5670410017757072,0.015526533335317928,34.1545089955971,0.20950591119574172,19.029552824589683
679,1.9477408295779195,0.18088456682436188,0.05500425758879606,5.204052992472161,3.1055538520828607,NACA2412,True,0.0,-34.745225114814254,-0.722344404058786,0.021244704975445238,0.722344404058786,0.021244704975445238,34.745225114814254,0.22972514727532223,16.514057708528508
680,1.9266427012709681,0.15,0.05182050744175754,21.291147551124403,0.29919271169859296,NACA4412,True,0.0,-38.12950263352415,-0.7469371966073718,0.019900405258116247,0.7469371966073718,0.019900405258116247,38.12950263352415,0.19441800381473262,19.092635586866407
681,1.990651609398176,0.15,0.050380177158659334,16.052041878189115,4.926606406671802,NACA2412,True,0.0,-38.934307289487315,-0.8007842652017704,0.021086123466933452,0.8007842652017704,0.021086123466933452,38.934307289487315,0.1994435610761884,19.868747873418588
682,1.9279143713510098,0.15,0.05,26.59589337095952,3.641320600715533,NACA4412,True,0.0,-38.397279198302904,-0.8682459958825469,0.023462448467592434,0.8682459958825469,0.023462448467592434,38.397279198302904,0.192791437135101,19.2791437135101
683,1.9604574026699748,0.15,0.05462018207233898,20.857472112071473,3.1233613349463134,NACA4412,True,0.0,-38.04494492875082,-0.8789830576588896,0.024060802048851818,0.8789830576588896,0.024060802048851818,38.04494492875082,0.2005745753396975,19.16191631553625
684,2.0,0.15,0.05036339738457119,5.521809798018368,4.635417006553889,NACA2412,True,0.0,-38.84556985797428,-0.8125793030216518,0.02149531593683499,0.8125793030216518,0.02149531593683499,38.84556985797428,0.20036339738457118,19.963726170616514
685,2.0,0.16821647898290232,0.05215861295394528,30.0,3.9448471081131338,NACA4412,True,0.0,-37.212806855964324,-0.8514915228613885,0.023763151263005156,0.8514915228613885,0.023763151263005156,37.212806855964324,0.2203750919368476,18.150871610963506
686,2.0,0.15,0.07456486988964277,6.2665879643731515,3.833779798959832,NACA2412,True,0.0,-36.385222986590556,-0.7628309733474109,0.021516074012362756,0.7628309733474109,0.021516074012362756,36.385222986590556,0.22456486988964275,17.812225046445192
687,1.991863803293993,0.15240304128208332,0.05,30.0,0.9747654250328304,NACA4412,True,0.0,-39.13581152207561,-0.7304277065780341,0.018854221318118685,0.7304277065780341,0.018854221318118685,39.13581152207561,0.20157964580320076,19.682152903206525
688,1.9409078908757786,0.15007001723635927,0.05,18.704435394039947,4.154277572445271,NACA2412,True,0.0,-38.37219666360627,-0.7525354403011543,0.019917390683376363,0.7525354403011543,0.019917390683376363,38.37219666360627,0.19415873759085137,19.402286436381157
689,2.0,0.15,0.05,27.24035990513665,4.025559176359298,NACA2412,True,0.0,-39.105746659079436,-0.7072670477281622,0.018122374295181317,0.7072670477281622,0.018122374295181317,39.105746659079436,0.2,20.0
690,1.8557907002690124,0.15,0.05,10.40819133292369,3.350775297917525,NACA4412,True,0.0,-36.78571257962157,-0.9278597021651454,0.02655219561606376,0.9278597021651454,0.02655219561606376,36.78571257962157,0.18557907002690124,18.557907002690126
691,1.9918988239960576,0.15,0.058285881756030146,3.72521071126841,-0.2806669107111346,NACA0012,True,0.0,-25.60601546637667,-0.3761852035204934,0.011954678942831455,0.3761852035204934,0.011954678942831455,25.60601546637667,0.20744220146240916,19.126585126198933
692,1.981485752774891,0.15,0.05021355815764714,0.0,4.302677270985926,NACA2412,True,0.0,-38.606484289181026,-0.7989237600182949,0.021214345108220217,0.7989237600182949,0.021214345108220217,38.606484289181026,0.19836015650087244,19.79372197376043
693,2.0,0.15061033128188595,0.05,24.572781660524377,4.505525774945476,NACA4412,True,0.0,-38.74391711870408,-0.923414274136872,0.024839700067790873,0.923414274136872,0.024839700067790873,38.74391711870408,0.20061033128188593,19.93915255729992
694,2.0,0.15,0.0511138892253146,21.311980266686145,5.0,NACA2412,True,0.0,-39.104232820600984,-0.7821800784547492,0.020419978820948665,0.7821800784547492,0.020419978820948665,39.104232820600984,0.2011138892253146,19.8892280160654
695,1.9919321055891532,0.15,0.05435624123749158,26.124337280429916,2.9857036694452965,NACA2412,True,0.0,-38.05281162218248,-0.6656108200239187,0.017327429482051637,0.6656108200239187,0.017327429482051637,38.05281162218248,0.20353187894924077,19.494702912197717
696,1.9204344207225161,0.15,0.052375582226098685,25.154062478886445,2.1099236101830954,NACA4412,True,0.0,-38.24642514370075,-0.8081324515096457,0.021762612464453508,0.8081324515096457,0.021762612464453508,38.24642514370075,0.1943245170103799,18.97891434923174
636,1.9912504406845135,0.15033098219860355,0.05,6.802726558937677,2.026528433776117,NACA4412,True,0.0,-38.67021251500588,-0.8782401539083858,0.023637197882230204,0.8782401539083858,0.023637197882230204,38.67021251500588,0.1994545782928654,19.87960542928336
697,1.9287807894707618,0.15,0.05,6.283128162173863,1.5307323418686964,NACA4412,True,0.0,-38.07153448147454,-0.8521283945483885,0.02325528228996614,0.8521283945483885,0.02325528228996614,38.07153448147454,0.1928780789470762,19.287807894707615
698,1.9260834860409475,0.15,0.05,30.0,4.311386894560687,NACA4412,True,0.0,-38.445577320668626,-0.872213270401876,0.02352085086360052,0.872213270401876,0.02352085086360052,38.445577320668626,0.19260834860409476,19.260834860409474
699,1.9689560158806472,0.15,0.05,29.55561781254026,4.580250617589671,NACA2412,True,0.0,-39.026512276742,-0.716351396150111,0.0184747411795183,0.716351396150111,0.0184747411795183,39.026512276742,0.19689560158806474,19.68956015880647
700,1.9677439228145033,0.15,0.05,13.876162183181176,4.247951268448892,NACA2412,True,0.0,-38.5973429557165,-0.7749350347788401,0.020475680528886927,0.7749350347788401,0.020475680528886927,38.5973429557165,0.19677439228145033,19.677439228145033
701,1.9196534965507306,0.15631217113643783,0.07215583542966818,3.4399696310224903,2.422784435624906,NACA2412,True,0.0,-34.80034004223249,-0.69259217627312,0.0200820870353431,0.69259217627312,0.0200820870353431,34.80034004223249,0.21928970382730031,16.80457168076432
702,1.9909839271290974,0.15004673517197162,0.05,5.718725866145518,4.485323009065912,NACA2412,True,0.0,-38.77092078861029,-0.8047556265706955,0.021296961942105633,0.8047556265706955,0.021296961942105633,38.77092078861029,0.1991449172010233,19.90518790939061
703,1.950761777946358,0.169222865272712,0.05,5.104153370124109,2.926586986179276,NACA2412,True,0.0,-36.1084866678703,-0.7203383484823563,0.02020917512909878,0.7203383484823563,0.02020917512909878,36.1084866678703,0.2138257932129453,17.797064877512856
704,1.9848454947762608,0.1501084269604768,0.05,26.574701362198702,4.545490401522335,NACA0012,True,0.0,-35.930495790333104,-0.5562080483054026,0.014623192163949375,0.5562080483054026,0.014623192163949375,35.930495790333104,0.19859215485963344,19.837700240063207
705,1.9912504406845135,0.15033098219860355,0.05,8.729111447491228,2.026528433776117,NACA4412,True,0.0,-38.70393137400361,-0.8746428885065768,0.02350282036128418,0.8746428885065768,0.02350282036128418,38.70393137400361,0.1994545782928654,19.87960542928336
706,2.0,0.15021356432807162,0.050721188523928096,0.21389655553860543,4.5926207617838495,NACA2412,True,0.0,-38.75789669046518,-0.8136192809397288,0.02158271666518556,0.8136192809397288,0.02158271666518556,38.75789669046518,0.20093475285199972,19.90695956386517
707,1.9567715669252466,0.22178910912384225,0.05,19.177791823738367,3.2376549580261735,NACA4412,True,0.0,-31.84334573306729,-0.863077039860166,0.02880624612312015,0.863077039860166,0.02880624612312015,31.84334573306729,0.2659146004667388,14.399190410780092
672,1.9469538081659883,0.153408038079537,0.05,18.713740720284544,3.3228115653792027,NACA4412,True,0.0,-37.847501542621764,-0.8988422441870725,0.024810540407330047,0.8988422441870725,0.024810540407330047,37.847501542621764,0.19801302717526345,19.143332058536316
708,1.9437210282796251,0.15838859852587048,0.05,12.652215343508402,4.406328883443842,NACA2412,True,0.0,-37.48459873361093,-0.7815499005774416,0.021405473025224036,0.7815499005774416,0.021405473025224036,37.48459873361093,0.2025246505042275,18.654773265230446
709,2.0,0.15,0.050068162848919046,30.0,3.406981016465089,NACA4412,True,0.0,-39.51875921305424,-0.8363070570492126,0.021784351073587366,0.8363070570492126,0.021784351073587366,39.51875921305424,0.20006816284891904,19.99318603740361
710,1.945780571560852,0.15,0.050438926032826265,7.400122990757067,3.567433643009329,NACA2412,True,0.0,-38.07433492712578,-0.7556549197154446,0.02015284042546996,0.7556549197154446,0.02015284042546996,38.07433492712578,0.195005084029598,19.41519653964009
711,1.9326897465225603,0.15821549679537397,0.06331014084799585,5.452388661162109,2.5118016354661594,NACA2412,True,0.0,-35.54877499744441,-0.6983532996457815,0.01978739179464996,0.6983532996457815,0.01978739179464996,35.54877499744441,0.2140701642326065,17.448903585904247
712,2.0,0.15026128457970098,0.05,3.4940430884567983,3.0355652592087625,NACA4412,True,0.0,-38.45398358729451,-0.9321926214738352,0.025410581456553134,0.9321926214738352,0.025410581456553134,38.45398358729451,0.200261284579701,19.973905632309375
713,1.9796282219397043,0.15,0.05039948062824321,0.0,3.8354502006825157,NACA2412,True,0.0,-38.48000800184207,-0.7758730135692492,0.020551694890493907,0.7758730135692492,0.020551694890493907,38.48000800184207,0.19835823375686465,19.75681988529771
714,1.9912469592242525,0.15,0.05,30.0,1.0657538351447995,NACA4412,True,0.0,-39.399400722727286,-0.7351406859825212,0.018852552570472993,0.7351406859825212,0.018852552570472993,39.399400722727286,0.19912469592242527,19.912469592242523
715,2.0,0.15,0.05,24.31433246693103,4.061581902863499,NACA0012,True,0.0,-35.42163853918186,-0.5443300641902117,0.014374933750363778,0.5443300641902117,0.014374933750363778,35.42163853918186,0.2,20.0
716,1.95018717899791,0.1501786226725999,0.07632430160908138,26.294569682802027,2.8663292336746204,NACA0012,True,0.0,-31.122825704636,-0.4758686500624958,0.013904113581725741,0.4758686500624958,0.013904113581725741,31.122825704636,0.2208615494698346,17.219973518510848
717,1.9929712649088085,0.17981784163594555,0.05,10.403154918267397,2.003023632569577,NACA2412,True,0.0,-35.16218336921376,-0.6662765063387032,0.01887065094158088,0.6662765063387032,0.01887065094158088,35.16218336921376,0.22901017727190132,17.34392117445672
718,2.0,0.15,0.05022823916148846,2.293149471955117,4.4837924381109495,NACA2412,True,0.0,-38.82852311888822,-0.8080090985010177,0.021360303076153598,0.8080090985010177,0.021360303076153598,38.82852311888822,0.20022823916148846,19.977202100718234
719,1.9590501195344598,0.15,0.05,6.359282557685361,2.9227819134702626,NACA4412,True,0.0,-38.08412072166207,-0.9212110277455899,0.025354940916928023,0.9212110277455899,0.025354940916928023,38.08412072166207,0.195905011953446,19.590501195344597
720,1.9323467063765283,0.15569737681200346,0.050017940094509425,30.0,3.7011475884786305,NACA4412,True,0.0,-38.04811331691365,-0.843970085366014,0.022959100829055622,0.843970085366014,0.022959100829055622,38.04811331691365,0.19875665753775199,18.78660991738093
721,1.9646325067234884,0.15,0.05,7.776947718488836,3.676220799816923,NACA4412,True,0.0,-37.88720487463012,-0.9555568574645932,0.026522642691401505,0.9555568574645932,0.026522642691401505,37.88720487463012,0.19646325067234885,19.646325067234883
722,1.9912597664423535,0.15003665672845767,0.050181569938937326,5.81228198562214,5.0,NACA2412,True,0.0,-38.77988929223126,-0.829695200074414,0.022073666385615153,0.829695200074414,0.022073666385615153,38.77988929223126,0.19934324963560957,19.890894046826805
723,1.9895010224772263,0.1525360307407475,0.05484953711241267,30.0,2.7523944571913637,NACA4412,True,0.0,-38.68614679729033,-0.8049684862380088,0.021381675096413127,0.8049684862380088,0.021381675096413127,38.68614679729033,0.20629689964544118,19.1864944419459
579,1.991863803293993,0.15240304128208332,0.05,30.0,1.9433008255248054,NACA4412,True,0.0,-39.26814079452897,-0.7721039874341876,0.02004565863366266,0.7721039874341876,0.02004565863366266,39.26814079452897,0.20157964580320076,19.682152903206525
724,1.9271976005180225,0.15000712348149325,0.05,5.502777334818083,4.555395139794922,NACA4412,True,0.0,-36.96160579341889,-1.000310807062955,0.02860769604608955,1.000310807062955,0.02860769604608955,36.96160579341889,0.1927266242300228,19.27128961180572
725,2.0,0.15,0.05,10.860003928481706,3.759914159158698,NACA0012,True,0.0,-35.15717425598637,-0.5676723239233961,0.015095439811577356,0.5676723239233961,0.015095439811577356,35.15717425598637,0.2,20.0
726,1.9243550983872315,0.15,0.05,25.99951792667236,3.0295604964394056,NACA4412,True,0.0,-38.46370038981468,-0.8449579435078207,0.02273063927689527,0.8449579435078207,0.02273063927689527,38.46370038981468,0.19243550983872315,19.243550983872314
727,1.9919643918006742,0.16502768779376473,0.05042955016779261,22.378361241505527,4.893149599268988,NACA2412,True,0.0,-37.58784210942091,-0.7663397181074357,0.02087211758796514,0.7663397181074357,0.02087211758796514,37.58784210942091,0.21459157298757334,18.490577625951815
728,2.0,0.15,0.05014144425435509,30.0,2.362730486079427,NACA4412,True,0.0,-39.60944355284087,-0.7912802525659087,0.02041642451488063,0.7912802525659087,0.02041642451488063,39.60944355284087,0.2001414442543551,19.985865570733534
729,2.0,0.16165266191475167,0.05,30.0,3.357565433697686,NACA2412,True,0.0,-37.69449670653572,-0.6582796802936914,0.01733980945591572,0.6582796802936914,0.01733980945591572,37.69449670653572,0.21165266191475168,18.8988882247609
730,1.9915155721359055,0.15031041163851688,0.05,4.666464462560514,0.8521570106391889,NACA2412,True,0.0,-36.57661055035958,-0.6282651956196078,0.016553921908172665,0.6282651956196078,0.016553921908172665,36.57661055035958,0.19946065201952984,19.88429413973572
731,1.8358653619442395,0.15498185616367685,0.055912338992396685,30.0,2.1503042791740983,NACA4412,True,0.0,-36.662391548085104,-0.7715657346351317,0.02166315251694624,0.7715657346351317,0.02166315251694624,36.662391548085104,0.19358667396107204,17.410297714316847
732,1.892734644336343,0.15,0.05,30.0,4.019952589518498,NACA4412,True,0.0,-38.13202778954581,-0.8582517106956188,0.023325168090501367,0.8582517106956188,0.023325168090501367,38.13202778954581,0.18927346443363433,18.92734644336343
733,2.0,0.15,0.05,29.75775188779496,2.846481782830139,NACA4412,True,0.0,-39.58565206347759,-0.8139712562477929,0.021095854869169386,0.8139712562477929,0.021095854869169386,39.58565206347759,0.2,20.0
734,1.97199404855954,0.15309100941943884,0.05,23.916654904953884,4.490564780432138,NACA2412,True,0.0,-38.58566022520322,-0.7441389017868819,0.01955348311665807,0.7441389017868819,0.01955348311665807,38.58566022520322,0.20024713094554145,19.419806462105168
735,2.0,0.15,0.05,30.0,4.946243596713211,NACA2412,True,0.0,-39.46278486065628,-0.7302892558245757,0.01866964249505214,0.7302892558245757,0.01866964249505214,39.46278486065628,0.2,20.0
736,2.0,0.15,0.05029746133548912,0.0,4.607845368476199,NACA2412,True,0.0,-38.82754757296903,-0.8146440053899667,0.021569702512789075,0.8146440053899667,0.021569702512789075,38.82754757296903,0.20029746133548912,19.970298042371002
737,1.8889058003680235,0.15225903729283885,0.05,26.020653599764906,0.8554243946426645,NACA4412,True,0.0,-37.90879144508698,-0.7460636764998235,0.020035597312594734,0.7460636764998235,0.020035597312594734,37.90879144508698,0.19102413435964782,18.67808554465914
738,1.8896773235110471,0.15061033128188595,0.05,24.572781660524377,4.505525774945476,NACA4412,True,0.0,-37.418029164333525,-0.9182187888309259,0.025660043657023734,0.9182187888309259,0.025660043657023734,37.418029164333525,0.18954439694270936,18.839282218778482
739,2.0,0.15,0.050425789643610074,0.0,3.9161398416236683,NACA2412,True,0.0,-38.710884455786385,-0.7806619149508013,0.02056141952759212,0.7806619149508013,0.02056141952759212,38.710884455786385,0.20042578964361007,19.957511491473507
740,2.0,0.15,0.05,30.0,4.0115620474946745,NACA2412,True,0.0,-39.13272107661328,-0.6900096570382018,0.017598453514043436,0.6900096570382018,0.017598453514043436,39.13272107661328,0.2,20.0
741,2.0,0.15,0.05,0.26818977727682025,3.1591415711805624,NACA4412,True,0.0,-38.4222756216141,-0.9399274874087244,0.02566483841479215,0.9399274874087244,0.02566483841479215,38.4222756216141,0.2,20.0
742,1.991322218018094,0.15,0.05229883718200703,28.919475406647226,2.8312170995550745,NACA4412,True,0.0,-39.18392814674555,-0.8181861119499416,0.021465884925090023,0.8181861119499416,0.021465884925090023,39.18392814674555,0.20142108457987776,19.686936867823057
743,1.9548315085095833,0.15,0.05,24.975266041715447,0.5243600692014023,NACA4412,True,0.0,-38.75617021763027,-0.7405260288609727,0.019346660511248715,0.7405260288609727,0.019346660511248715,38.75617021763027,0.19548315085095835,19.54831508509583
744,2.0,0.1502118536130439,0.05,0.0,1.0564192929096636,NACA4412,True,0.0,-38.846152658360985,-0.8366850371624469,0.02224595752609539,0.8366850371624469,0.02224595752609539,38.846152658360985,0.2002118536130439,19.978837055926434
745,1.9952792471715062,0.15,0.050472263713775445,10.542746033520853,3.3714936523891303,NACA2412,True,0.0,-38.53881261137721,-0.7423418737865043,0.019439203458067714,0.7423418737865043,0.019439203458067714,38.53881261137721,0.19999907371079476,19.905788563551802
746,1.9762177793531688,0.16806418018795302,0.05,8.689899892814964,3.002124260634747,NACA2412,True,0.0,-36.51202041630409,-0.7206608205548529,0.01996452708027207,0.7206608205548529,0.01996452708027207,36.51202041630409,0.2154711549637529,18.125102230451922
747,1.7898009150022836,0.15075651301277243,0.05,23.032721864637786,4.657669859256282,NACA4412,True,0.0,-35.97712772955462,-0.9295071003637467,0.027159860886747825,0.9295071003637467,0.027159860886747825,35.97712772955462,0.17965709534146396,17.83056388201377
748,1.9672394614433513,0.15047288611761328,0.05,9.138877132462877,1.7427061921469624,NACA4412,True,0.0,-38.471988571988,-0.8588445644908425,0.02318192154416529,0.8588445644908425,0.02318192154416529,38.471988571988,0.19718908626000392,19.625990322593676
749,1.9750152958611615,0.153408038079537,0.05,15.468574766164352,3.3228115653792027,NACA4412,True,0.0,-38.020065943027205,-0.9143402131784698,0.02516414526474885,0.9143402131784698,0.02516414526474885,38.020065943027205,0.2008669932540976,19.41924532096305
750,1.9991287762095267,0.18980412251708667,0.05,30.0,4.18593159852119,NACA2412,True,0.0,-35.64422373952626,-0.684887388528186,0.019451314653871208,0.684887388528186,0.019451314653871208,35.64422373952626,0.23969966098879142,16.673014252013818
751,1.8515963413655911,0.15184566537051938,0.05,25.550776832237624,5.0,NACA4412,True,0.0,-36.676031262152655,-0.9311098894433197,0.02660813329811094,0.9311098894433197,0.02660813329811094,36.676031262152655,0.18686834776027855,18.34665448937628
752,1.9818715230917214,0.15,0.05,26.03997502701126,3.3887607315964328,NACA4412,True,0.0,-39.055545749875684,-0.8631194236857392,0.022874257126086872,0.8631194236857392,0.022874257126086872,39.055545749875684,0.19818715230917217,19.818715230917213
753,1.9959519080142805,0.1500132130774595,0.05,2.500612010597423,4.149462361414608,NACA4412,True,0.0,-37.95509578453931,-0.9874614601040411,0.027418447995132128,0.9874614601040411,0.027418447995132128,37.95509578453931,0.19960837713501106,19.95820053389477
754,1.990931186444515,0.15089701056195234,0.0500248591923939,2.4627982442823444,2.885528695600448,NACA2412,True,0.0,-38.19305624877207,-0.728967826033044,0.019174797439202102,0.728967826033044,0.019174797439202102,38.19305624877207,0.2000108082663354,19.817963956623476
755,2.0,0.15,0.05,29.75775188779496,2.846481782830139,NACA2412,True,0.0,-38.43347460815502,-0.6412130161418116,0.016388705612159656,0.6412130161418116,0.016388705612159656,38.43347460815502,0.2,20.0
756,1.859398369430505,0.15,0.05000115139012745,22.935952713617603,3.782898011772875,NACA4412,True,0.0,-37.27715064540957,-0.894694799855572,0.02507930888146005,0.894694799855572,0.02507930888146005,37.27715064540957,0.18594090738951327,18.593876650275018
757,1.7879308968571817,0.15020777690176457,0.05252145249760952,28.021543007852106,4.820794561042979,NACA0012,True,0.0,-34.3166726690913,-0.5551904647264083,0.01544278638287381,0.5551904647264083,0.01544278638287381,34.3166726690913,0.18123292646959413,17.638609904987895
758,1.9944304985277252,0.19161229846961214,0.05,25.324715182465738,0.9764032815074586,NACA4412,True,0.0,-35.40024777113822,-0.7453593891004103,0.021667455835189267,0.7453593891004103,0.021667455835189267,35.40024777113822,0.24093946844358904,16.509345850029792
759,1.9658286910480525,0.15272787419343545,0.054574072714184775,30.0,3.4503804522710846,NACA4412,True,0.0,-38.3183734080977,-0.8339988179578078,0.02248266671592714,0.8339988179578078,0.02248266671592714,38.3183734080977,0.20376005747055995,18.965848805308934
760,1.9985571242667939,0.15,0.05005419103590578,30.0,2.2299493575388176,NACA4412,True,0.0,-39.60346555526445,-0.7855377314271124,0.020250408238398784,0.7855377314271124,0.020250408238398784,39.60346555526445,0.19990986436711983,19.98015751550131
761,1.955857746182241,0.15,0.051263178753436986,0.0,0.20554202020960655,NACA2412,True,0.0,-35.362028302577684,-0.5969729420221636,0.0160331161705273,0.5969729420221636,0.0160331161705273,35.362028302577684,0.19682107359308537,19.435822869302076
762,1.966996231872417,0.1500848420511455,0.05087253644580559,3.9004761318869,4.54294928116294,NACA2412,True,0.0,-38.40597827303237,-0.8080679950962426,0.02163842981917786,0.8080679950962426,0.02163842981917786,38.40597827303237,0.19764120313523093,19.5762529008335
763,1.9472941969315765,0.15436758926792904,0.05,19.54683556829168,2.1435513477286223,NACA4412,True,0.0,-38.07661011747246,-0.8397851432996207,0.022854788501012333,0.8397851432996207,0.022854788501012333,38.07661011747246,0.19898191031116705,19.056781008251207
764,1.9337309439050132,0.15,0.05020548256581435,1.5651950923152564,4.390953434239782,NACA2412,True,0.0,-38.100998563537196,-0.8008848129315106,0.021608998961119463,0.8008848129315106,0.021608998961119463,38.100998563537196,0.1935717683884754,19.31746243032411
765,1.9806676507348,0.15124046053972146,0.050529619108782835,11.208862105300105,4.511717703552886,NACA2412,True,0.0,-38.54551072170458,-0.7946652661127792,0.021130255757030165,0.7946652661127792,0.021130255757030165,38.54551072170458,0.19981973482298823,19.632917369961326
766,1.794191523673408,0.15357567050882562,0.05805786346981009,0.0,4.383697059660532,NACA2412,True,0.0,-35.41143686384391,-0.7888655476417711,0.0231289873231639,0.7888655476417711,0.0231289873231639,35.41143686384391,0.18985554639475818,16.955644882389297
767,2.0,0.15,0.050035208204266886,30.0,1.863914627735384,NACA2412,True,0.0,-37.557980594616794,-0.5974482212747648,0.015368510318231464,0.5974482212747648,0.015368510318231464,37.557980594616794,0.20003520820426687,19.996479799273043
768,1.9048764993764544,0.18692915560593765,0.05,27.059781684267655,4.1383564908414865,NACA2412,True,0.0,-34.863289237562746,-0.697169104558212,0.02037393204076409,0.697169104558212,0.02037393204076409,34.863289237562746,0.22566039026542886,16.07971373978692
769,1.8273616764779215,0.17022515722250314,0.05,20.55908982568899,3.848323481874229,NACA2412,True,0.0,-35.23369924187492,-0.718282623000615,0.020819862599070697,0.718282623000615,0.020819862599070697,35.23369924187492,0.2012155062523636,16.595394454700354
770,1.9770446862318982,0.15,0.05,26.673678782453507,3.4510632996463713,NACA2412,True,0.0,-38.59881929165588,-0.684268290559404,0.017653892236863245,0.684268290559404,0.017653892236863245,38.59881929165588,0.19770446862318983,19.77044686231898
771,1.9789366301436875,0.15174320617066567,0.05,2.1754645187216575,3.109928687023452,NACA4412,True,0.0,-37.99968012572155,-0.9350044004366423,0.02583735652949558,0.9350044004366423,0.02583735652949558,37.99968012572155,0.19961851028688013,19.61837196608838
772,2.0,0.1500937646249432,0.05,30.0,3.2799603843173664,NACA4412,True,0.0,-39.53646591683388,-0.8308235101464726,0.021614930115072335,0.8308235101464726,0.021614930115072335,39.53646591683388,0.20009376462494322,19.99062793134819
773,1.9560919001487016,0.15,0.05,9.955443252417577,4.796901684202342,NACA2412,True,0.0,-38.468140422298966,-0.8110364665340848,0.021697189330802863,0.8110364665340848,0.021697189330802863,38.468140422298966,0.19560919001487018,19.560919001487015
774,1.9707369302387279,0.15,0.05,24.452282549918174,3.1337855646867285,NACA2412,True,0.0,-38.34565489928794,-0.6813247540118019,0.017664112099985283,0.6813247540118019,0.017664112099985283,38.34565489928794,0.1970736930238728,19.707369302387278
775,2.0,0.15,0.05,30.0,4.063844600576707,NACA4412,True,0.0,-39.38596493258354,-0.8646405947555827,0.022681862982338,0.8646405947555827,0.022681862982338,39.38596493258354,0.2,20.0
703,1.950761777946358,0.169222865272712,0.05,5.104153370124109,2.926586986179276,NACA2412,True,0.0,-36.1084866678703,-0.7203383484823563,0.02020917512909878,0.7203383484823563,0.02020917512909878,36.1084866678703,0.2138257932129453,17.797064877512856
776,1.8196990555647412,0.15,0.05,24.04510446615447,3.3406102904140242,NACA4412,True,0.0,-37.013072812109435,-0.8661656419612074,0.024400602288076726,0.8661656419612074,0.024400602288076726,37.013072812109435,0.18196990555647413,18.19699055564741
777,1.9661130730303757,0.15,0.05,23.911338167617608,4.189786130361047,NACA4412,True,0.0,-38.482153797218565,-0.9122170161077312,0.024708619236609455,0.9122170161077312,0.024708619236609455,38.482153797218565,0.19661130730303758,19.661130730303757
778,1.9822345316369145,0.15223200797881017,0.05000201785771455,14.755103272234392,2.7249224643269963,NACA4412,True,0.0,-38.39366031373188,-0.8895964571576181,0.02415737627585655,0.8895964571576181,0.02415737627585655,38.39366031373188,0.20043763474255563,19.603373106355978
739,2.0,0.15,0.050425789643610074,0.0,3.9161398416236683,NACA2412,True,0.0,-38.710884455786385,-0.7806619149508013,0.02056141952759212,0.7806619149508013,0.02056141952759212,38.710884455786385,0.20042578964361007,19.957511491473507
779,1.9780769075354947,0.1633346797210368,0.05,18.457906785458434,2.746548577381686,NACA2412,True,0.0,-36.90976381953772,-0.68458179758258,0.018520756587468244,0.68458179758258,0.018520756587468244,36.90976381953772,0.21099620176633185,18.54435397116016
780,1.7980999051730449,0.15,0.05,16.07032789996419,4.638205344938897,NACA2412,True,0.0,-36.81471852225267,-0.7787224281194299,0.021775919265020566,0.7787224281194299,0.021775919265020566,36.81471852225267,0.1798099905173045,17.980999051730446
781,2.0,0.15,0.050023559560350754,23.297196307430898,2.847596392689548,NACA4412,True,0.0,-39.213546634831225,-0.856603702565011,0.022591206806217012,0.856603702565011,0.022591206806217012,39.213546634831225,0.20002355956035076,19.99764432145868
782,1.9322520273668071,0.1501331021913551,0.05,30.0,3.806643494845102,NACA4412,True,0.0,-38.64257563484122,-0.8507443839056226,0.022762948201339523,0.8507443839056226,0.022762948201339523,38.64257563484122,0.19335379622622714,19.309669477059373
783,1.8488550205892398,0.15,0.05,24.452282549918174,3.1337855646867285,NACA2412,True,0.0,-37.114307643681194,-0.6769499888467038,0.01821115855412059,0.6769499888467038,0.01821115855412059,37.114307643681194,0.18488550205892398,18.4885502058924
784,1.9727741788056772,0.1513510130959192,0.05,0.0,2.931931733711438,NACA4412,True,0.0,-38.030920943783656,-0.9267754872012763,0.025568469398687708,0.9267754872012763,0.025568469398687708,38.030920943783656,0.19861003975599656,19.59537375524295
785,1.9254148613850657,0.15,0.0500008527881316,26.397963368987153,3.693326399787146,NACA2412,True,0.0,-38.19260741020497,-0.6947133433922904,0.01821307077092157,0.6947133433922904,0.01821307077092157,38.19260741020497,0.19254230712397766,19.25406651565361
786,1.977538440957602,0.16780935650269818,0.10691349233606931,30.0,3.101916751055777,NACA2412,True,0.0,-32.647711644940195,-0.6282008462662888,0.01938562013019143,0.6282008462662888,0.01938562013019143,32.647711644940195,0.2716374970940236,14.39660697547733
787,1.8349020316458362,0.15,0.050472263713775445,10.542746033520853,3.3714936523891303,NACA2412,True,0.0,-36.856428627232084,-0.7356477761030257,0.020270009208018403,0.7356477761030257,0.020270009208018403,36.856428627232084,0.1839234819885232,18.305794503978067
788,1.976160391139772,0.15,0.054581672993204045,30.0,3.3499300109459456,NACA4412,True,0.0,-38.75205463268915,-0.8311658764580696,0.02211723885501414,0.8311658764580696,0.02211723885501414,38.75205463268915,0.2021430994611395,19.31903637532007
789,1.9989795445920882,0.15,0.050408199663827744,13.339125250393465,2.084432495825475,NACA2412,True,0.0,-37.831641653059805,-0.6740709388072762,0.017563971011533366,0.6740709388072762,0.017563971011533366,37.831641653059805,0.2003059458482593,19.949079408380015
790,1.9934226841496168,0.17044682304616096,0.05,24.97931792382917,3.567434220443261,NACA2412,True,0.0,-36.89565068887823,-0.6921136148625239,0.018865114635140897,0.6921136148625239,0.018865114635140897,36.89565068887823,0.2197218488544669,18.085292921025214
791,2.0,0.1562415355542133,0.050425789643610074,0.0,3.9161398416236683,NACA4412,True,0.0,-37.333714742203696,-0.9736579283915657,0.02751541881252965,0.9736579283915657,0.02751541881252965,37.333714742203696,0.20666732519782338,19.354777036820757
792,2.0,0.15074812952541264,0.050017686274905056,0.0,2.862063787006874,NACA2412,True,0.0,-38.285678485605196,-0.7288307200583671,0.019112835709817505,0.7288307200583671,0.019112835709817505,38.285678485605196,0.2007658158003177,19.9237105383439
793,1.9721115988798255,0.19704920856050798,0.05,30.0,3.1849368577419734,NACA4412,True,0.0,-34.679495057995645,-0.8078865707623177,0.024283939370612146,0.8078865707623177,0.024283939370612146,34.679495057995645,0.24360430484812945,15.965334277902048
794,2.0,0.16339795997872114,0.05007760968652773,27.074093431438744,1.809578762067594,NACA4412,True,0.0,-38.07676241709445,-0.7820657814214739,0.02106811617469272,0.7820657814214739,0.02106811617469272,38.07676241709445,0.2134755696652489,18.73750708932362
795,2.0,0.15,0.05,30.0,2.2673445659786835,NACA0012,True,0.0,-31.942865912988747,-0.44246569333143343,0.012349384239084544,0.44246569333143343,0.012349384239084544,31.942865912988747,0.2,20.0
796,1.9973875760509414,0.15184965917573648,0.0505765019591915,9.251861039240161,4.1066323463271885,NACA4412,True,0.0,-37.83903712355306,-0.9735601266573531,0.027084049956912035,0.9735601266573531,0.027084049956912035,37.83903712355306,0.20216174965929554,19.734480611125896
797,1.9779496995736148,0.15,0.05,5.871631760268354,2.9155856174406822,NACA2412,True,0.0,-38.1781664697668,-0.7274637313384497,0.01914085742336996,0.7274637313384497,0.01914085742336996,38.1781664697668,0.19779496995736148,19.779496995736146
798,1.9993128760433738,0.21607293857343968,0.05,6.344282934930043,3.236178272021361,NACA2412,True,0.0,-33.03705824589478,-0.7184965986850606,0.022428163764796435,0.7184965986850606,0.022428163764796435,33.03705824589478,0.2659815260282878,15.028306800103513
799,1.9543809043132014,0.15244452978562073,0.05131830390422168,28.232889600111037,3.4274462507107533,NACA4412,True,0.0,-38.45303956509705,-0.8469720631795834,0.022787212746136352,0.8469720631795834,0.022787212746136352,38.45303956509705,0.19911509558608734,19.182898754618442
733,2.0,0.15,0.05,29.75775188779496,2.846481782830139,NACA4412,True,0.0,-39.58565206347759,-0.8139712562477929,0.021095854869169386,0.8139712562477929,0.021095854869169386,39.58565206347759,0.2,20.0
800,1.9680672835973683,0.15,0.05009668841989626,3.9602778809550108,5.0,NACA2412,True,0.0,-38.5216398961071,-0.830769395315529,0.02227877729252953,0.830769395315529,0.02227877729252953,38.5216398961071,0.1969018730176871,19.671162967649362
801,1.966996231872417,0.1500848420511455,0.05087253644580559,3.9004761318869,4.54294928116294,NACA0012,True,0.0,-35.92660680114121,-0.6126813125011699,0.016328191076392745,0.6126813125011699,0.016328191076392745,35.92660680114121,0.19764120313523093,19.5762529008335
802,1.9952792471715062,0.15,0.0507908478438769,10.542746033520853,2.5472189120382778,NACA2412,True,0.0,-38.08224858413044,-0.7024186203379551,0.018371199323184876,0.7024186203379551,0.018371199323184876,38.08224858413044,0.2003169058624296,19.87420511041337
803,1.966996231872417,0.1500848420511455,0.05087253644580559,3.9004761318869,4.54294928116294,NACA4412,True,0.0,-37.31237591450405,-1.0034546776913154,0.02840923577982801,1.0034546776913154,0.02840923577982801,37.31237591450405,0.19764120313523093,19.5762529008335
804,2.0,0.15002013478614892,0.05,15.77781384203023,1.2210615459080292,NACA2412,True,0.0,-37.05926598394239,-0.6266590081305744,0.01634872325758627,0.6266590081305744,0.01634872325758627,37.05926598394239,0.20002013478614894,19.99798672406951
805,2.0,0.15047288611761328,0.05,8.191557606975698,1.7427061921469624,NACA4412,True,0.0,-38.82375371615875,-0.8622798572513274,0.023046142812366544,0.8622798572513274,0.023046142812366544,38.82375371615875,0.20047288611761327,19.9528229351339
806,1.998239759885757,0.15,0.05030941275202565,1.8698971026774878,2.350830277356979,NACA0012,True,0.0,-32.60652678160348,-0.5074342509767591,0.013957629594890589,0.5074342509767591,0.013957629594890589,32.60652678160348,0.20013311642023235,19.951531307812193
807,2.0,0.15,0.05,30.0,4.261302561064817,NACA2412,True,0.0,-39.240039197462075,-0.7007720901853189,0.017878719668773062,0.7007720901853189,0.017878719668773062,39.240039197462075,0.2,20.0
808,2.0,0.1501871591561591,0.05,0.0,1.929262040107179,NACA4412,True,0.0,-38.752345869999964,-0.8795128667174871,0.02362168109212685,0.8795128667174871,0.02362168109212685,38.752345869999964,0.2001871591561591,19.981301582284498
809,1.9558730520772047,0.15,0.05,17.06814657649074,-0.30921221817652156,NACA4412,True,0.0,-38.37240880217693,-0.7376223759994668,0.019422720235852824,0.7376223759994668,0.019422720235852824,38.37240880217693,0.1955873052077205,19.558730520772045
810,2.0,0.15,0.05,29.951077221320386,4.51423189260337,NACA4412,True,0.0,-39.25491703796704,-0.8844450021614874,0.023331785580935904,0.8844450021614874,0.023331785580935904,39.25491703796704,0.2,20.0
811,2.0,0.15,0.05,30.0,3.0556835138323217,NACA4412,True,0.0,-39.5779034742414,-0.8211944348093955,0.021310451831566265,0.8211944348093955,0.021310451831566265,39.5779034742414,0.2,20.0
812,1.9568515530098625,0.15,0.06936901838487838,24.833018335444258,2.520957874015534,NACA2412,True,0.0,-36.091003889665096,-0.6453390134821252,0.01771052768064283,0.6453390134821252,0.01771052768064283,36.091003889665096,0.21463630215434917,17.840728535117087
813,1.8444199590507298,0.15,0.050357230889725435,0.0,3.8681588138896776,NACA4412,True,0.0,-36.205861336584896,-0.9659469842791931,0.028229398738477515,0.9659469842791931,0.028229398738477515,36.205861336584896,0.18477143779657249,18.41131413985133
814,1.96314825495278,0.1703114606080756,0.050647075269553074,30.0,2.7809336057618594,NACA4412,True,0.0,-37.017311151687515,-0.8000676720120632,0.022321811124379958,0.8000676720120632,0.022321811124379958,37.017311151687515,0.21688718206254395,17.769381455713585
815,1.9818874550747811,0.16797168054873962,0.05,2.3258058340625367,1.9488228372006808,NACA4412,True,0.0,-36.66655624141456,-0.8707674494285643,0.02488241514223169,0.8707674494285643,0.02488241514223169,36.66655624141456,0.21599766962055736,18.18481602826034
816,2.0,0.18775061203218307,0.05,19.458530495082982,5.0,NACA2412,True,0.0,-35.56094886393864,-0.7764958857376643,0.022601930348057544,0.7764958857376643,0.022601930348057544,35.56094886393864,0.23775061203218306,16.824352062902538
817,1.9558730520772047,0.15,0.05,15.379903082539794,-0.30921221817652156,NACA4412,True,0.0,-38.34900495644662,-0.7433141535166001,0.019612078414469356,0.7433141535166001,0.019612078414469356,38.34900495644662,0.1955873052077205,19.558730520772045
818,1.9574269929450883,0.20685772642369976,0.05,30.0,2.4579452784353526,NACA2412,True,0.0,-33.30755015372646,-0.6055747975660378,0.01804955504372091,0.6055747975660378,0.01804955504372091,33.30755015372646,0.2513901235241274,15.241332392051262
819,2.0,0.15,0.050492290580753975,30.0,3.628365020412026,NACA2412,True,0.0,-38.89118300418562,-0.6733427363088836,0.017196858927417142,0.6733427363088836,0.017196858927417142,38.89118300418562,0.20049229058075396,19.950891819398343
820,2.0,0.15,0.05,16.92603895922643,2.5433274733999576,NACA4412,True,0.0,-38.97840391258588,-0.8743038582184136,0.02328883124104475,0.8743038582184136,0.02328883124104475,38.97840391258588,0.2,20.0
821,1.9990305648856148,0.15,0.052886075969208204,0.0,1.5742503389562863,NACA2412,True,0.0,-37.16216776597478,-0.6649006733149402,0.01754670116208079,0.6649006733149402,0.01754670116208079,37.16216776597478,0.20278773352607601,19.70594142881452
822,2.0,0.1522803181479879,0.052573857415304744,29.210011732615648,2.6456160282474688,NACA4412,True,0.0,-39.0375041274531,-0.8074291364043423,0.021237782167147293,0.8074291364043423,0.021237782167147293,39.0375041274531,0.20485417556329263,19.526084782021652
823,2.0,0.15032182913195466,0.053971259612016216,25.61702745940712,3.9311658573058854,NACA4412,True,0.0,-38.59687958723524,-0.8890847340696261,0.023942393926056293,0.8890847340696261,0.023942393926056293,38.59687958723524,0.20429308874397087,19.579712777327366
824,2.0,0.15,0.05,24.731376623234237,2.7999335671306236,NACA4412,True,0.0,-39.30281677753652,-0.84588564566897,0.022214860455008797,0.84588564566897,0.022214860455008797,39.30281677753652,0.2,20.0
825,1.9657337237689678,0.15010090431815656,0.05,30.0,3.9826201066134894,NACA4412,True,0.0,-38.99536328867603,-0.8597137568176576,0.022792759872816263,0.8597137568176576,0.022792759872816263,38.99536328867603,0.19667254788743394,19.647424687731437
826,1.9964295853263674,0.15,0.050529374196341,7.497099811859751,3.7593332449086123,NACA4412,True,0.0,-38.15956833695888,-0.9615146483410645,0.0264876155389514,0.9615146483410645,0.0264876155389514,38.15956833695888,0.20017138768627848,19.911592437042533
827,1.9950094986257603,0.15,0.052698296877109065,19.635588517818903,3.1542112734460326,NACA4412,True,0.0,-38.58505974344493,-0.8890800738889172,0.023986763811588322,0.8890800738889172,0.023986763811588322,38.58505974344493,0.2021925138125484,19.684521570847586
828,2.0,0.15013339548366159,0.054731677109913016,30.0,3.847565279297372,NACA2412,True,0.0,-38.579217716186086,-0.6814096547663143,0.017618378142094434,0.6814096547663143,0.017618378142094434,38.579217716186086,0.20486507259357462,19.52504616507019
829,1.9417953317887924,0.15,0.05,23.434809760211053,2.717189436691689,NACA4412,True,0.0,-38.58017467672786,-0.847415576183984,0.022735732808391806,0.847415576183984,0.022735732808391806,38.58017467672786,0.19417953317887926,19.41795331788792
830,1.9254148613850657,0.15,0.0500008527881316,25.4030065691948,3.693326399787146,NACA4412,True,0.0,-38.268909307995706,-0.8784341871104493,0.023859267691899624,0.8784341871104493,0.023859267691899624,38.268909307995706,0.19254230712397766,19.25406651565361
831,2.0,0.15,0.05003779938329807,16.180672573354656,2.3046949632126315,NACA0012,True,0.0,-32.431990672478,-0.4875404408503427,0.01344012173806148,0.4875404408503427,0.01344012173806148,32.431990672478,0.20003779938329808,19.99622077593189
832,2.0,0.15,0.05,30.0,4.381668616647257,NACA2412,True,0.0,-39.286659001234455,-0.705959200629954,0.01801534708295393,0.705959200629954,0.01801534708295393,39.286659001234455,0.2,20.0
833,1.9919436371868762,0.17363844706945275,0.05,21.99937110007288,3.7470853296061217,NACA2412,True,0.0,-36.610494024270764,-0.7132170432005345,0.019733291371938577,0.7132170432005345,0.019733291371938577,36.610494024270764,0.2227375908351752,17.813964130847875
834,1.9963507168357126,0.15,0.07101863417309925,8.621085677669258,1.8670021797332907,NACA2412,True,0.0,-35.80315618465344,-0.6659885756762302,0.018434567305590812,0.6659885756762302,0.018434567305590812,35.80315618465344,0.22061535438275842,18.064999128283397
835,1.990015066887999,0.15,0.05682433110310643,30.0,3.2560561092289597,NACA2412,True,0.0,-37.97918984378469,-0.6550704737466067,0.017081522023353155,0.6550704737466067,0.017081522023353155,37.97918984378469,0.205791767547107,19.24352958159389
836,1.9844290137404765,0.15201559928923772,0.05,17.365732217049075,4.199424306331787,NACA4412,True,0.0,-38.04084291449617,-0.9486386094964381,0.026147229845470295,0.9486386094964381,0.026147229845470295,38.04084291449617,0.20044280822886668,19.646294847748383
837,2.0,0.15,0.05,13.895343809581721,1.9711409724430429,NACA4412,True,0.0,-38.97685191249179,-0.8584978708893635,0.02282314552515025,0.8584978708893635,0.02282314552515025,38.97685191249179,0.2,20.0
838,2.0,0.15,0.05,29.694033927482568,4.2293614465705565,NACA4412,True,0.0,-39.31698046841241,-0.874200728384423,0.023001397643908753,0.874200728384423,0.023001397643908753,39.31698046841241,0.2,20.0
839,2.0,0.15,0.05005070512746625,9.706720086077866,1.6396078801381015,NACA4412,True,0.0,-38.91188665414971,-0.8542649495002189,0.022741895438408804,0.8542649495002189,0.022741895438408804,38.91188665414971,0.20005070512746626,19.994930772432525
840,2.0,0.15456347110632876,0.05012334658743347,26.24342784146673,2.0458148077431275,NACA4412,True,0.0,-38.94030936007151,-0.8009806711506449,0.021105135463583415,0.8009806711506449,0.021105135463583415,38.94030936007151,0.20468681769376224,19.542049874381817
841,1.9811551046696039,0.15154511433293208,0.05,17.6286197579588,2.6267959366516846,NACA4412,True,0.0,-38.59827602954875,-0.8737082803709457,0.02352892180030122,0.8737082803709457,0.02352892180030122,38.59827602954875,0.1996460660409537,19.659668865968506
842,1.984530520430821,0.17209069358769397,0.05,0.0,2.7940059131620467,NACA2412,True,0.0,-36.12289359810253,-0.7167984967638744,0.02006520450155293,0.7167984967638744,0.02006520450155293,36.12289359810253,0.22037287986421414,17.871352359455948
843,1.9354370760860373,0.15008529422420144,0.05,5.725461083587673,4.094663035543825,NACA2412,True,0.0,-38.11443011976627,-0.7832945136748841,0.021032669366550284,0.7832945136748841,0.021032669366550284,38.11443011976627,0.19362624841055148,19.34612019929184
844,1.995760921755499,0.15,0.050321440250379566,11.143379662313535,3.559948614437067,NACA2412,True,0.0,-38.63571378994844,-0.7501697744359453,0.019640286594471163,0.7501697744359453,0.019640286594471163,38.63571378994844,0.19989685112074332,19.925584792731318
811,2.0,0.15,0.05,30.0,3.0556835138323217,NACA4412,True,0.0,-39.5779034742414,-0.8211944348093955,0.021310451831566265,0.8211944348093955,0.021310451831566265,39.5779034742414,0.2,20.0
845,1.9529480005008957,0.15154019622372825,0.051376170625077114,26.23645764524979,3.1878519373803975,NACA2412,True,0.0,-37.93072356761838,-0.6731641173105354,0.01764662606587675,0.6731641173105354,0.01764662606587675,37.93072356761838,0.19814255645314036,19.248797234340913
846,1.9857288003056834,0.15,0.05,1.8373549826169864,4.763617964357692,NACA2412,True,0.0,-38.71507134614772,-0.8214141948757399,0.021856270830894253,0.8214141948757399,0.021856270830894253,38.71507134614772,0.19857288003056836,19.857288003056834
781,2.0,0.15,0.050023559560350754,23.297196307430898,2.847596392689548,NACA4412,True,0.0,-39.213546634831225,-0.856603702565011,0.022591206806217012,0.856603702565011,0.022591206806217012,39.213546634831225,0.20002355956035076,19.99764432145868
847,2.0,0.15,0.055811518414515704,30.0,3.4607176146493215,NACA4412,True,0.0,-38.86606492926671,-0.8364019190779417,0.02219800630924229,0.8364019190779417,0.02219800630924229,38.86606492926671,0.2058115184145157,19.435258195529077
848,1.9888501835356058,0.15,0.05,30.0,2.5769265800528727,NACA4412,True,0.0,-39.49436013041687,-0.8001478884734814,0.020745494620858552,0.8001478884734814,0.020745494620858552,39.49436013041687,0.1988850183535606,19.888501835356056
849,2.0,0.15108851827863654,0.053613958802331566,29.88523566537231,2.257605505381765,NACA4412,True,0.0,-39.1106932537523,-0.7859155095528355,0.020552239620850076,0.7859155095528355,0.020552239620850076,39.1106932537523,0.20470247708096811,19.54055494119809
850,1.9936388710618484,0.15,0.05,30.0,1.9256125421709174,NACA4412,True,0.0,-39.54519858229076,-0.7722667937160109,0.019890126358535216,0.7722667937160109,0.019890126358535216,39.54519858229076,0.19936388710618486,19.936388710618484
851,2.0,0.15,0.05233336003272786,30.0,3.4220858960300173,NACA4412,True,0.0,-39.25968107739539,-0.8360824115734434,0.021939221782443726,0.8360824115734434,0.021939221782443726,39.25968107739539,0.20233336003272784,19.769354887167356
852,1.9803558652311677,0.15002737360833995,0.05,30.0,3.5684174569023583,NACA4412,True,0.0,-39.26816893303889,-0.8425069113501937,0.022120176832356526,0.8425069113501937,0.022120176832356526,39.26816893303889,0.19806269126603104,19.80084854894679
853,2.0,0.15026981318243215,0.0535630616927366,23.82129536263376,4.448483299990407,NACA0012,True,0.0,-35.68126897907326,-0.562695987784451,0.014905771897535785,0.562695987784451,0.014905771897535785,35.68126897907326,0.20383287487516877,19.6239198532115
854,1.9956515987489662,0.16022971135927888,0.05,12.341953635973184,2.2094685652167336,NACA4412,True,0.0,-37.722612726761675,-0.870036001945734,0.02405209616470307,0.870036001945734,0.02405209616470307,37.722612726761675,0.2097726297893393,18.98543822227328
855,1.9957892173192653,0.15,0.05058069669689277,8.927302077894684,3.4034769183251,NACA0012,True,0.0,-34.50738469235211,-0.5530876030330867,0.014845330222644686,0.5530876030330867,0.014845330222644686,34.50738469235211,0.2001583958350223,19.900112525136944
856,1.9596575822647593,0.15004588464802138,0.05047698121238961,30.0,3.536384719530348,NACA4412,True,0.0,-38.97903568077281,-0.8401035810466362,0.022233949482627247,0.8401035810466362,0.022233949482627247,38.97903568077281,0.1964780772504068,19.545477508075574
857,2.0,0.15,0.05,30.0,4.086047975927456,NACA4412,True,0.0,-39.38026669399248,-0.8655974372775939,0.022712861971120074,0.8655974372775939,0.022712861971120074,39.38026669399248,0.2,20.0
858,1.998592617163806,0.19452675170557004,0.05,8.050088775442617,3.178501537912237,NACA2412,True,0.0,-34.59355089878646,-0.7212581793950436,0.021324558394458095,0.7212581793950436,0.021324558394458095,34.59355089878646,0.24435468032889968,16.34661731874861
859,2.0,0.15,0.05,24.868462377945495,3.6609029728621203,NACA4412,True,0.0,-39.1182185796816,-0.8837409971842344,0.02343760556254351,0.8837409971842344,0.02343760556254351,39.1182185796816,0.2,20.0
860,2.0,0.15221102601049263,0.05,14.476264561786676,2.903647394142326,NACA2412,True,0.0,-38.22119395065564,-0.70952276104377,0.018561026223582213,0.70952276104377,0.018561026223582213,38.22119395065564,0.20221102601049262,19.781314990174877
861,2.0,0.15,0.05001973886974137,22.759807344259606,2.779997978618286,NACA4412,True,0.0,-39.198197851803855,-0.8566089269287449,0.02260300304453297,0.8566089269287449,0.02260300304453297,39.198197851803855,0.20001973886974136,19.99802630781813
862,2.0,0.15,0.055685575936383284,24.33916222486929,4.007461579740232,NACA4412,True,0.0,-38.32260753952063,-0.9002840889577465,0.02447109242509199,0.9002840889577465,0.02447109242509199,38.32260753952063,0.20568557593638329,19.447158517509095
863,2.0,0.15,0.05313831841922971,19.30994402742749,3.0758486626520467,NACA4412,True,0.0,-38.598108373708214,-0.8870730134170829,0.02391987453341986,0.8870730134170829,0.02391987453341986,38.598108373708214,0.2031383184192297,19.6910165995612
864,2.0,0.15,0.10263187742151662,28.653481760028534,3.0468100314096773,NACA4412,True,0.0,-34.44656939254903,-0.8107353603320183,0.024574321980082567,0.8107353603320183,0.024574321980082567,34.44656939254903,0.2526318774215166,15.833314626902744
865,2.0,0.15,0.05581514855407778,30.0,5.0,NACA2412,True,0.0,-38.87892611545882,-0.730641547061563,0.019004871359311087,0.730641547061563,0.019004871359311087,38.87892611545882,0.2058151485540778,19.43491539909174
866,2.0,0.15484830139593012,0.05133659954926014,20.810756372776304,2.8868477377255797,NACA2412,True,0.0,-37.87379515611469,-0.6853133039232414,0.01801118391473314,0.6853133039232414,0.01801118391473314,37.87379515611469,0.20618490094519026,19.4000626702695
867,1.984903320023977,0.15,0.054359467658463737,28.864272384529265,4.410623254720611,NACA4412,True,0.0,-38.514238219778434,-0.8861062059957234,0.023886853475702786,0.8861062059957234,0.023886853475702786,38.514238219778434,0.20281689291680863,19.425606679904366
868,1.9263600509081584,0.15000474026010818,0.08461157212049594,1.625787928911647,2.696911665887455,NACA2412,True,0.0,-34.491359942982406,-0.7046050178126744,0.020758148520605625,0.7046050178126744,0.020758148520605625,34.491359942982406,0.2259777457306925,16.421365005372166
869,2.0,0.15042141455701383,0.08964329384149819,24.506167612986314,3.6143797389566426,NACA4412,True,0.0,-35.032739063732194,-0.86717026205694,0.025975177379456964,0.86717026205694,0.025975177379456964,35.032739063732194,0.24006470839851202,16.66217423912191
870,1.956107989680468,0.15,0.05,16.230182021411867,-0.3810677233969195,NACA0012,True,0.0,-25.515277202084636,-0.35957710689809846,0.01149464719107455,0.35957710689809846,0.01149464719107455,25.515277202084636,0.1956107989680468,19.56107989680468
871,1.9633458579702356,0.151545192979856,0.05,16.631768840365968,2.8954467708007128,NACA2412,True,0.0,-37.932725287193314,-0.7014014269264847,0.01847446791223756,0.7014014269264847,0.01847446791223756,37.932725287193314,0.19785145991540606,19.482934114597985
872,2.0,0.15,0.05,30.0,4.064864601114337,NACA4412,True,0.0,-39.38570445805141,-0.8646845511302989,0.02268328629308775,0.8646845511302989,0.02268328629308775,39.38570445805141,0.2,20.0
873,1.985916480793968,0.15,0.050000149915863816,23.245025209592274,3.494475856879733,NACA4412,True,0.0,-38.896750663679825,-0.8857142507263264,0.02365387614473796,0.8857142507263264,0.02365387614473796,38.896750663679825,0.19859179693958914,19.859149921931603
874,1.9555426746030697,0.15002557260854482,0.05,7.0075366194473325,3.4050607416335406,NACA2412,True,0.0,-38.16154269737023,-0.7489179708664092,0.01987336926940449,0.7489179708664092,0.01987336926940449,38.16154269737023,0.19557927162396213,19.552926649335152
875,1.9922852996104599,0.15,0.05193411680070117,16.662043437733807,3.050696176547002,NACA4412,True,0.0,-38.528373553488024,-0.8981138228142148,0.024307784351470907,0.8981138228142148,0.024307784351470907,38.528373553488024,0.20115518619592926,19.73203271616302
876,1.9968386397226383,0.15,0.050281783070063805,0.02342290645049161,3.2830395406077226,NACA4412,True,0.0,-38.304990045964786,-0.9457169115150812,0.02592396991051259,0.9457169115150812,0.02592396991051259,38.304990045964786,0.19996520163342538,19.940292213437022
877,1.993268666853183,0.16372043195577624,0.05095892264861334,30.0,3.1171818041756674,NACA4412,True,0.0,-37.91527507313746,-0.8180189241639293,0.022269770761983967,0.8180189241639293,0.022269770761983967,37.91527507313746,0.21395681547659667,18.569728519320098
878,1.9915654516220949,0.15,0.050318853708871535,29.14212977074255,3.556905214446606,NACA4412,True,0.0,-39.30502376161972,-0.8488534316135642,0.022284286186855812,0.8488534316135642,0.022284286186855812,39.30502376161972,0.19947405417756456,19.88395415357645
817,1.9558730520772047,0.15,0.05,15.379903082539794,-0.30921221817652156,NACA4412,True,0.0,-38.34900495644662,-0.7433141535166001,0.019612078414469356,0.7433141535166001,0.019612078414469356,38.34900495644662,0.1955873052077205,19.558730520772045
879,1.964273489115022,0.15,0.05085426093621506,17.837912998843393,0.7739284315143262,NACA4412,True,0.0,-38.62860545240246,-0.7855603703293155,0.020806827531355526,0.7855603703293155,0.020806827531355526,38.62860545240246,0.1972663499663991,19.55919162440684
880,2.0,0.15,0.05,16.095267554395576,-0.9514145063565134,NACA4412,True,0.0,-38.529415262092186,-0.7122751841638847,0.01848917188179315,0.7122751841638847,0.01848917188179315,38.529415262092186,0.2,20.0
881,1.9942762413504556,0.15012745037381325,0.05081233071846703,27.886202915785926,3.9109930368902486,NACA0012,True,0.0,-34.95950562938241,-0.5225094758880122,0.013899787339946327,0.5225094758880122,0.013899787339946327,34.95950562938241,0.20036471568724804,19.849491529351248
882,2.0,0.15,0.05,0.0,4.785104617812376,NACA2412,True,0.0,-38.86869401864982,-0.8234677839029262,0.021819608603368193,0.8234677839029262,0.021819608603368193,38.86869401864982,0.2,20.0
883,2.0,0.15,0.05316894550163393,29.686310764746306,3.714358051596098,NACA4412,True,0.0,-39.08346388028814,-0.8507545694022993,0.022478264770081868,0.8507545694022993,0.022478264770081868,39.08346388028814,0.20316894550163392,19.68804824046218
884,2.0,0.15,0.05019706083637845,27.20410700395268,1.9495215162991242,NACA4412,True,0.0,-39.47136569299601,-0.7923381155364924,0.020524808323045526,0.7923381155364924,0.020524808323045526,39.47136569299601,0.20019706083637845,19.98031331373646
848,1.9888501835356058,0.15,0.05,30.0,2.5769265800528727,NACA4412,True,0.0,-39.49436013041687,-0.8001478884734814,0.020745494620858552,0.8001478884734814,0.020745494620858552,39.49436013041687,0.1988850183535606,19.888501835356056
885,1.9894781064733038,0.15,0.050210450582336336,30.0,3.516798755495427,NACA4412,True,0.0,-39.3622779043653,-0.8405726711428407,0.02200503693762337,0.8405726711428407,0.02200503693762337,39.3622779043653,0.19915715406035672,19.873868728497097
886,2.0,0.15006867888656558,0.05050489503030139,29.0932134754715,3.5373849760381573,NACA4412,True,0.0,-39.3733742346417,-0.848606408936365,0.022234035273814522,0.848606408936365,0.022234035273814522,39.3733742346417,0.20057357391686698,19.942806631435435
887,1.99988777723147,0.15188886028785703,0.05005505925508343,30.0,3.015052615841639,NACA2412,True,0.0,-38.36973031972709,-0.6464812274471488,0.01659747580403888,0.6464812274471488,0.01659747580403888,38.36973031972709,0.201932588190071,19.806367844675044
888,1.9942565482366865,0.15,0.052223223600011276,30.0,3.6499832760773816,NACA4412,True,0.0,-39.161761534528914,-0.8457084910183585,0.02228034783291903,0.8457084910183585,0.02228034783291903,39.161761534528914,0.20164249393492706,19.723318743857423
889,1.999198910004992,0.1640301945410203,0.0505870870087463,30.0,2.458572681149848,NACA4412,True,0.0,-38.072402374265245,-0.7900914901081769,0.02131900820654271,0.7900914901081769,0.02131900820654271,38.072402374265245,0.21453131767126396,18.630362807399617
890,2.0,0.15,0.05285954751324595,28.822151754114586,4.1473017439495425,NACA4412,True,0.0,-38.939261280995204,-0.8762415104269262,0.023314649153327136,0.8762415104269262,0.023314649153327136,38.939261280995204,0.20285954751324595,19.71807612229252
891,1.9802552754358098,0.150007210398437,0.05,30.0,4.258834075852207,NACA4412,True,0.0,-39.10189038436612,-0.8722364703274436,0.023083525080887537,0.8722364703274436,0.023083525080887537,39.10189038436612,0.1980326667583524,19.801838858618318
892,1.9946851170714635,0.15882142502300048,0.05034022706010148,30.0,3.212976434218108,NACA0012,True,0.0,-33.09845631177162,-0.48105566262236304,0.013285460165800655,0.48105566262236304,0.013285460165800655,33.09845631177162,0.20860581723612145,19.073143639914985
893,2.0,0.15,0.05002145445271259,29.84705156743028,2.3229508194941517,NACA4412,True,0.0,-39.61540136796713,-0.7907115885106605,0.020395962522608085,0.7907115885106605,0.020395962522608085,39.61540136796713,0.20002145445271258,19.997854784850826
894,1.9717556104151288,0.15,0.05,0.0,4.412256330087234,NACA2412,True,0.0,-38.53707863888457,-0.8039638073258969,0.021420315934647872,0.8039638073258969,0.021420315934647872,38.53707863888457,0.1971755610415129,19.717556104151285
861,2.0,0.15,0.05001973886974137,22.759807344259606,2.779997978618286,NACA4412,True,0.0,-39.198197851803855,-0.8566089269287449,0.02260300304453297,0.8566089269287449,0.02260300304453297,39.198197851803855,0.20001973886974136,19.99802630781813
895,1.9923681243741693,0.1648223211849412,0.05434969760182456,10.93599939507239,3.282605656342342,NACA4412,True,0.0,-36.368983857215824,-0.9210502415168512,0.02667876073895009,0.9210502415168512,0.02667876073895009,36.368983857215824,0.21833567199274434,18.18086209547178
896,1.968607765604329,0.15,0.05,14.088374440199692,2.5267107471175443,NACA4412,True,0.0,-38.516583564045106,-0.8829293035263479,0.023872794434227837,0.8829293035263479,0.023872794434227837,38.516583564045106,0.1968607765604329,19.686077656043288
897,1.9966698850765732,0.15,0.05013164349262713,15.376405241397142,-1.741357567290442,NACA4412,True,0.0,-37.973593982012986,-0.6768719258448329,0.017603016520735953,0.6768719258448329,0.017603016520735953,37.973593982012986,0.19979841280630475,19.95356506578762
898,2.0,0.15,0.05724901244605593,29.56605769394756,1.7140456808300915,NACA4412,True,0.0,-38.81616481395759,-0.7638156047983289,0.020059047612401168,0.7638156047983289,0.020059047612401168,38.81616481395759,0.20724901244605592,19.300453849164395
899,1.9948465379942049,0.15,0.05306071332371254,29.95151453246989,2.326050047055508,NACA4412,True,0.0,-39.232473201381175,-0.7887931180118036,0.0205654738494221,0.7887931180118036,0.0205654738494221,39.232473201381175,0.20253748048822082,19.64778420544685
900,1.9942657065327816,0.16177040947641705,0.050002522851811775,27.695980309513004,1.9847445064623268,NACA4412,True,0.0,-38.21171894651794,-0.7861758164435018,0.021110417915038177,0.7861758164435018,0.021110417915038177,38.21171894651794,0.2111657482570371,18.83400002642312
901,2.0,0.15,0.05383297104147605,30.0,1.422012753625134,NACA0012,True,0.0,-29.818753018815055,-0.40531832102540416,0.01184174805630483,0.40531832102540416,0.01184174805630483,29.818753018815055,0.20383297104147605,19.623910594847178
902,1.99763752987231,0.15,0.06377680138727604,30.0,5.0,NACA2412,True,0.0,-38.07273503434971,-0.7278846439808241,0.019383559535975956,0.7278846439808241,0.019383559535975956,38.07273503434971,0.21352428073364074,18.6890019582004
903,1.951681521820303,0.15,0.05280344628129936,25.985986800781692,4.3768689444023705,NACA4412,True,0.0,-38.07492895047961,-0.9048917035948351,0.02476874929791378,0.9048917035948351,0.02476874929791378,38.07492895047961,0.1979038693343442,19.247025211920857
904,2.0,0.150019770112047,0.07302462532089019,14.003560845785412,4.091631446667701,NACA2412,True,0.0,-36.66329046557811,-0.7594232929990549,0.02122723273725507,0.7594232929990549,0.02122723273725507,36.66329046557811,0.2230443954329372,17.933649452324754
905,2.0,0.15,0.057131154971937693,28.33702683393684,5.0,NACA4412,True,0.0,-38.11551754061625,-0.9153160503332503,0.025018303874868825,0.9153160503332503,0.025018303874868825,38.11551754061625,0.20713115497193768,19.311435793142387
906,1.7133700258771238,0.15006561860114329,0.05051712460854807,26.8731216138064,2.7978741213999623,NACA4412,True,0.0,-35.97363584014223,-0.8188075585684174,0.023670786139245753,0.8188075585684174,0.023670786139245753,35.97363584014223,0.1718362299618467,17.08392255943921
907,1.9918478952088134,0.15,0.05,24.8877269075435,0.5521730454733965,NACA4412,True,0.0,-39.15108983351906,-0.7436079265495258,0.019214903859055717,0.7436079265495258,0.019214903859055717,39.15108983351906,0.19918478952088137,19.918478952088133
908,1.9976777060341204,0.15,0.052397292597577055,22.268805483396882,4.390369109811423,NACA4412,True,0.0,-38.382464307011396,-0.9318519022123817,0.02536355056917126,0.9318519022123817,0.02536355056917126,38.382464307011396,0.20216227959192218,19.740162335136247
909,2.0,0.15,0.05216656179010249,29.54966413373711,3.6103809353789784,NACA4412,True,0.0,-39.20947592167259,-0.8477014452401438,0.022309838837455426,0.8477014452401438,0.022309838837455426,39.20947592167259,0.20216656179010248,19.78566566390421
910,2.0,0.15,0.05,8.288541156934322,5.0,NACA4412,True,0.0,-37.72204453678908,-1.0174715436697657,0.028425783960907832,1.0174715436697657,0.028425783960907832,37.72204453678908,0.2,20.0
911,2.0,0.15,0.05354211276947977,29.46744544180777,2.0007729391583404,NACA4412,True,0.0,-39.21284951621871,-0.7781987483624672,0.020259562396196654,0.7781987483624672,0.020259562396196654,39.21284951621871,0.20354211276947975,19.651952834596806
912,2.0,0.15,0.05,3.1693842121607245,5.0,NACA2412,True,0.0,-38.87925383178356,-0.8328688657439889,0.02210590827510596,0.8328688657439889,0.02210590827510596,38.87925383178356,0.2,20.0
913,1.9893219643995217,0.1502886905301413,0.05293662854480793,25.845277320161827,4.798264820396855,NACA4412,True,0.0,-38.29845958067022,-0.9261480353504453,0.025225549086339272,0.9261480353504453,0.025225549086339272,38.29845958067022,0.2021402954789488,19.577501203635578
914,1.999288011055071,0.15,0.05191027631105276,28.928544253399558,3.5785449155762175,NACA4412,True,0.0,-39.19257157890136,-0.851064251578566,0.022421012996239983,0.851064251578566,0.022421012996239983,39.19257157890136,0.20183839736875223,19.803727156264888
915,1.9999964702458264,0.15,0.05013820971600052,29.637300419032716,2.7752718307095723,NACA4412,True,0.0,-39.56946212001168,-0.8117261525343519,0.021040150273534692,0.8117261525343519,0.021040150273534692,39.56946212001168,0.20013785649666,19.98615329960086
916,2.0,0.1509223018344273,0.0542033439295293,28.081203788426436,1.7502922256031694,NACA4412,True,0.0,-38.97562913167577,-0.7760771974899084,0.020332788455726444,0.7760771974899084,0.020332788455726444,38.97562913167577,0.20512564576395662,19.500243302599536
917,1.9688623130857568,0.16189735980203443,0.05096669314759355,13.017627438334692,2.6593458729908424,NACA4412,True,0.0,-37.04661985238548,-0.8869091717219266,0.025075173681325374,0.8869091717219266,0.025075173681325374,37.04661985238548,0.20955000583160677,18.49877690294347
856,1.9596575822647593,0.15004588464802138,0.05047698121238961,30.0,3.536384719530348,NACA4412,True,0.0,-38.97903568077281,-0.8401035810466362,0.022233949482627247,0.8401035810466362,0.022233949482627247,38.97903568077281,0.1964780772504068,19.545477508075574
864,2.0,0.15,0.10263187742151662,28.653481760028534,3.0468100314096773,NACA4412,True,0.0,-34.44656939254903,-0.8107353603320183,0.024574321980082567,0.8107353603320183,0.024574321980082567,34.44656939254903,0.2526318774215166,15.833314626902744
918,1.9998146873428486,0.15,0.050015841684756424,26.623903824692764,2.2649427719450346,NACA4412,True,0.0,-39.45580842922944,-0.8100838814765529,0.02106131175959158,0.8100838814765529,0.02106131175959158,39.45580842922944,0.19999730895120893,19.996562977194003
919,2.0,0.17890072215209302,0.050521746224629405,30.0,2.7679384136630425,NACA2412,True,0.0,-35.84929847763265,-0.627875576109981,0.01732402834783876,0.627875576109981,0.01732402834783876,35.84929847763265,0.22942246837672242,17.435083966718608
920,1.9997800766276546,0.15,0.05,30.0,2.5216405434986866,NACA2412,True,0.0,-38.1711179443648,-0.6257959274359728,0.016017340648081645,0.6257959274359728,0.016017340648081645,38.1711179443648,0.19997800766276547,19.997800766276544
890,2.0,0.15,0.05285954751324595,28.822151754114586,4.1473017439495425,NACA4412,True,0.0,-38.939261280995204,-0.8762415104269262,0.023314649153327136,0.8762415104269262,0.023314649153327136,38.939261280995204,0.20285954751324595,19.71807612229252
921,2.0,0.1500100668878766,0.05030015025842984,29.194824926637228,3.59612853834924,NACA4412,True,0.0,-39.398535507483295,-0.8504994959976256,0.022272281277831277,0.8504994959976256,0.022272281277831277,39.398535507483295,0.20031021714630645,19.969026328189752
922,1.9840279411241482,0.15,0.053351061797806396,29.758031963188092,4.222647603111148,NACA4412,True,0.0,-38.75198516699959,-0.8713910815785275,0.023292565549774723,0.8713910815785275,0.023292565549774723,38.75198516699959,0.2017270942320556,19.513327578263482
923,1.99763752987231,0.15,0.06377680138727604,30.0,3.7382609094523094,NACA2412,True,0.0,-37.67427966217185,-0.6738610846443538,0.01786616845259748,0.6738610846443538,0.01786616845259748,37.67427966217185,0.21352428073364074,18.6890019582004
924,1.9988644108013593,0.15276468262930154,0.05009550493743968,30.0,4.236402342372064,NACA2412,True,0.0,-38.932093415006875,-0.698737836605179,0.017979355025649717,0.698737836605179,0.017979355025649717,38.932093415006875,0.20274500464782372,19.706818127078098
925,1.9963366971567715,0.15,0.06680258872093031,30.0,4.919586286277347,NACA2412,True,0.0,-37.758316332248164,-0.7233879849449103,0.019426733279390675,0.7233879849449103,0.019426733279390675,37.758316332248164,0.21640548195108997,18.416170295147804
926,2.0,0.15,0.05,30.0,2.9045641319841495,NACA2412,True,0.0,-38.47454824126757,-0.6423041771007876,0.0164083739084345,0.6423041771007876,0.0164083739084345,38.47454824126757,0.2,20.0
927,1.9233091790120387,0.15682765570939614,0.05,29.028717275864658,2.2342881662445486,NACA4412,True,0.0,-37.99742151283686,-0.7871337791303529,0.021276413018856074,0.7871337791303529,0.021276413018856074,37.99742151283686,0.19889676434971165,18.59818187674467
928,1.9948465379942049,0.15,0.05306071332371254,29.95151453246989,3.193989905080772,NACA4412,True,0.0,-39.154963228308326,-0.8261511403407052,0.02171537110146911,0.8261511403407052,0.02171537110146911,39.154963228308326,0.20253748048822082,19.64778420544685
929,2.0,0.15,0.05006959121123255,29.93993095056083,2.4074212368439847,NACA4412,True,0.0,-39.61352297226268,-0.79366770946512,0.020484284164119373,0.79366770946512,0.020484284164119373,39.61352297226268,0.20006959121123255,19.993043299502816
930,1.9768904748035458,0.15,0.050060495046621335,0.5015071578484118,1.2441621476997953,NACA4412,True,0.0,-38.59797138987466,-0.8448930644892235,0.022667269389563014,0.8448930644892235,0.022667269389563014,38.59797138987466,0.19774884352107383,19.762926952098756
931,1.960054484299331,0.15007015138227062,0.05051119332500154,29.9842342034798,3.5365371102526177,NACA4412,True,0.0,-38.97584357914203,-0.8402239010250466,0.02223957210441445,0.8402239010250466,0.02223957210441445,38.97584357914203,0.19657518208013933,19.543736603818555
932,1.9999964702458264,0.15,0.05013820971600052,29.637300419032716,2.9539338134063606,NACA2412,True,0.0,-38.49994339764199,-0.6465152285974091,0.016526060772956163,0.6465152285974091,0.016526060772956163,38.49994339764199,0.20013785649666,19.98615329960086
933,1.992267051101417,0.15,0.05,24.152303092362523,1.5821040909293305,NACA4412,True,0.0,-39.27532367179668,-0.7940809367005146,0.020688501052696887,0.7940809367005146,0.020688501052696887,39.27532367179668,0.19922670511014173,19.922670511014168
934,1.9319331122750156,0.15,0.052871035884606836,29.85678246817222,3.9040859725789345,NACA4412,True,0.0,-38.29394383286277,-0.8549117000631896,0.02311815498941355,0.8549117000631896,0.02311815498941355,38.29394383286277,0.19596663587350244,19.04592347400346
935,1.9885801667206084,0.1883583295794154,0.05,30.0,2.3440516463672423,NACA2412,True,0.0,-34.788230196353126,-0.6070005547500937,0.017184052100112826,0.6070005547500937,0.017184052100112826,34.788230196353126,0.2369973233871398,16.68563603570699
936,1.8917406048270768,0.15,0.05355464259817537,22.93304095267664,4.334633656969087,NACA4412,True,0.0,-37.05500110990979,-0.9196298928833689,0.025997283326867047,0.9196298928833689,0.025997283326867047,37.05500110990979,0.19253629135201586,18.587054372043433
937,1.9928998900163624,0.15541578251330618,0.050000926616675684,27.24342232787251,2.3043554888058693,NACA4412,True,0.0,-38.81923396728942,-0.8054738029353761,0.02131597692779454,0.8054738029353761,0.02131597692779454,38.81923396728942,0.204687468516332,19.403483761930115
938,1.9306976570342487,0.15,0.05,19.330388258453667,0.40282348876778373,NACA4412,True,0.0,-38.33707614997277,-0.7611509670458428,0.02021922065312425,0.7611509670458428,0.02021922065312425,38.33707614997277,0.19306976570342488,19.306976570342485
939,2.0,0.1502496362998399,0.05,26.726290486621814,1.2458911300331126,NACA4412,True,0.0,-39.396544691469366,-0.7641877355266402,0.019718790447471084,0.7641877355266402,0.019718790447471084,39.396544691469366,0.20024963629983988,19.975067490313332
940,1.97366206207191,0.15,0.07952847137340141,30.0,3.5749297822886557,NACA4412,True,0.0,-36.13878624562642,-0.8310490137407044,0.023913558055201026,0.8310490137407044,0.023913558055201026,36.13878624562642,0.2265058180575204,17.197535889664145
941,1.903284148332371,0.15,0.053375936832414934,30.0,2.718031604617253,NACA4412,True,0.0,-38.14723975246455,-0.8015626479166462,0.02162045459226937,0.8015626479166462,0.02162045459226937,38.14723975246455,0.19354109836269046,18.71690602119471
942,2.0,0.15,0.05351773467952013,29.493275313180284,3.171585479479822,NACA4412,True,0.0,-39.135733355411546,-0.8286327208085756,0.02180140138788214,0.8286327208085756,0.02180140138788214,39.135733355411546,0.2035177346795201,19.65430681654751
943,2.0,0.18690525326618646,0.061035763078374244,29.514015432036473,2.325321838192837,NACA4412,True,0.0,-35.04694099218965,-0.7759285594768089,0.022950975836400683,0.7759285594768089,0.022950975836400683,35.04694099218965,0.2479410163445607,16.132869256457543
944,2.0,0.15,0.05093868083549107,30.0,2.972283222769613,NACA4412,True,0.0,-39.48210481549251,-0.8172456811048486,0.021253675197531487,0.8172456811048486,0.021253675197531487,39.48210481549251,0.20093868083549107,19.90657041923555
945,2.0,0.15,0.05021262351032042,30.0,3.805730503091122,NACA4412,True,0.0,-39.42326750542665,-0.8534334134143925,0.022337118389858968,0.8534334134143925,0.022337118389858968,39.42326750542665,0.20021262351032043,19.978760229340935
946,2.0,0.15,0.05216700015590396,28.985105130807998,3.8079958032348276,NACA4412,True,0.0,-39.1224159506819,-0.8605382452514622,0.022740083305126873,0.8605382452514622,0.022740083305126873,39.1224159506819,0.20216700015590394,19.78562276195098
947,2.0,0.15009071087763157,0.07051732892828681,29.711805095674674,2.922862052827122,NACA0012,True,0.0,-31.85796552818678,-0.4674840373794389,0.013327774426675787,0.4674840373794389,0.013327774426675787,31.85796552818678,0.22060803980591837,18.131705460594414
948,1.9739560552703719,0.15040623450525292,0.05106868310698395,9.903871749599649,4.3374244169271865,NACA2412,True,0.0,-38.463711349061846,-0.7891074365767577,0.021002572512285073,0.7891074365767577,0.021002572512285073,38.463711349061846,0.19885131680288715,19.59505509335402
949,1.998120482477887,0.15,0.05120729330847319,30.0,2.186157584054051,NACA2412,True,0.0,-37.750224459328585,-0.6109503667718333,0.015729858116809322,0.6109503667718333,0.015729858116809322,37.750224459328585,0.20101820699179812,19.86131267532679
950,2.0,0.15,0.050050510620454736,28.534518174550964,2.42581418574622,NACA4412,True,0.0,-39.5422235545666,-0.8044224325286423,0.020842398410509878,0.8044224325286423,0.020842398410509878,39.5422235545666,0.20005051062045473,19.994950213293826
951,2.0,0.15,0.05191027631105276,28.868078488316062,3.5785449155762175,NACA4412,True,0.0,-39.19641903657564,-0.8515420000921065,0.02243268187087476,0.8515420000921065,0.02243268187087476,39.19641903657564,0.20191027631105274,19.81077968432772
952,1.9996233871463809,0.15,0.05219274993656881,22.35274100102142,2.71377589290835,NACA4412,True,0.0,-38.939823632694186,-0.8549359799563413,0.022724373353151032,0.8549359799563413,0.022724373353151032,38.939823632694186,0.20215467574230145,19.77937772520227
953,2.0,0.15,0.05401345859309275,13.082645226739203,2.340909647274689,NACA2412,True,0.0,-37.69134453786881,-0.685758468036135,0.01804539318741034,0.685758468036135,0.01804539318741034,37.69134453786881,0.20401345859309275,19.606549624640436
954,1.9990827724176867,0.15,0.05274748432732969,29.309365547527907,2.4950781146421166,NACA4412,True,0.0,-39.27263809481793,-0.8009551158364863,0.020902226647157893,0.8009551158364863,0.020902226647157893,39.27263809481793,0.20265450153489487,19.7199267754191
955,2.0,0.15,0.054420042093533,28.897239269345523,4.011701544863988,NACA4412,True,0.0,-38.80666754605309,-0.8691426697834957,0.023197227240213888,0.8691426697834957,0.023197227240213888,38.80666754605309,0.20442004209353298,19.56755296121986
956,1.980087687192067,0.16804678779662316,0.05051782869150369,30.0,3.5368894394027963,NACA0012,True,0.0,-32.88701041129798,-0.4924490257924497,0.013818777905941444,0.4924490257924497,0.013818777905941444,32.88701041129798,0.2163885529819981,18.1190141296236
954,1.9990827724176867,0.15,0.05274748432732969,29.309365547527907,2.4950781146421166,NACA4412,True,0.0,-39.27263809481793,-0.8009551158364863,0.020902226647157893,0.8009551158364863,0.020902226647157893,39.27263809481793,0.20265450153489487,19.7199267754191
957,2.0,0.1782127961948216,0.05011294039013387,23.083818377078885,2.190381496747023,NACA4412,True,0.0,-36.414439912236176,-0.8166395338345994,0.023293841905757603,0.8166395338345994,0.023293841905757603,36.414439912236176,0.22832573658495547,17.518831034239014
958,2.0,0.15,0.05,24.681401787955217,2.1610826943639156,NACA4412,True,0.0,-39.37326512024948,-0.8174374476408542,0.021330035924417155,0.8174374476408542,0.021330035924417155,39.37326512024948,0.2,20.0
959,1.99672333336296,0.2056453160138718,0.050017980980179094,29.917373013949913,5.0,NACA2412,True,0.0,-34.51471748011112,-0.714615882304951,0.02125079862840709,0.714615882304951,0.02125079862840709,34.51471748011112,0.25524443529626284,15.619945114056964
960,2.0,0.15,0.05344780233900395,28.868380137499784,2.6967720059954323,NACA4412,True,0.0,-39.16604270835518,-0.8126053811782138,0.02131229781531596,0.8126053811782138,0.02131229781531596,39.16604270835518,0.20344780233900395,19.661062710005694
961,1.9990206579136978,0.15,0.07458806064388003,23.948239380736013,2.0436635552039615,NACA4412,True,0.0,-36.81966646947552,-0.8067328581636732,0.022685033366682154,0.8067328581636732,0.022685033366682154,36.81966646947552,0.22447808637394526,17.80166454247505
962,2.0,0.15,0.07483120788083585,24.494154607691662,2.130193949365248,NACA0012,True,0.0,-30.23810048430909,-0.4511634174681696,0.013265802670031948,0.4511634174681696,0.013265802670031948,30.23810048430909,0.22483120788083583,17.791124451548846
963,1.9942068183906414,0.15,0.05,29.937944562774643,2.729098966918313,NACA2412,True,0.0,-38.287788649592386,-0.6349318073912945,0.016259188292226067,0.6349318073912945,0.016259188292226067,38.287788649592386,0.19942068183906414,19.942068183906414
964,2.0,0.15,0.053351061797806396,30.0,3.76434298327679,NACA4412,True,0.0,-39.07511516028183,-0.8504162073703356,0.022472162896957106,0.8504162073703356,0.022472162896957106,39.07511516028183,0.20335106179780638,19.670416100296702
965,1.999802721617585,0.17296099407617468,0.0507841755524674,30.0,3.0000881168484392,NACA4412,True,0.0,-37.1074559045112,-0.8098992961452427,0.022565440770599316,0.8098992961452427,0.022565440770599316,37.1074559045112,0.22372309958607334,17.875717495369663
966,1.9629638470011945,0.15002133678485294,0.05,27.199501780645672,2.2226969053698795,NACA4412,True,0.0,-39.07435793811169,-0.8030584181813066,0.021085340994362003,0.8030584181813066,0.021085340994362003,39.07435793811169,0.19631732636875826,19.62754452653817
967,1.937472440247142,0.15,0.09617883424529708,29.93141083149134,2.365285886769354,NACA4412,True,0.0,-34.56971897361318,-0.7725935716698485,0.023197424698127994,0.7725935716698485,0.023197424698127994,34.56971897361318,0.2384823533612162,15.740365707610826
968,1.9986724330247236,0.15,0.05623071765529088,29.6157755970979,4.523402522741341,NACA2412,True,0.0,-38.69007189168817,-0.7124489802282937,0.018539179842755393,0.7124489802282937,0.018539179842755393,38.69007189168817,0.20609382511026753,19.38287812551233
969,1.9971901698046042,0.15,0.053640093211199315,29.55485321659788,2.175331315085453,NACA4412,True,0.0,-39.17785044266213,-0.7849910517855054,0.020484019788891975,0.7849910517855054,0.020484019788891975,39.17785044266213,0.20335399616975028,19.61490135180087
950,2.0,0.15,0.050050510620454736,28.534518174550964,2.42581418574622,NACA4412,True,0.0,-39.5422235545666,-0.8044224325286423,0.020842398410509878,0.8044224325286423,0.020842398410509878,39.5422235545666,0.20005051062045473,19.994950213293826
970,2.0,0.15,0.05,29.4486021602871,2.427679480767052,NACA4412,True,0.0,-39.59524013010323,-0.798099881443672,0.020625095730132402,0.798099881443672,0.020625095730132402,39.59524013010323,0.2,20.0
971,2.0,0.1921556519998927,0.05,26.726290486621814,1.2458911300331126,NACA4412,True,0.0,-35.470422124520205,-0.7492615754782328,0.021752983584045718,0.7492615754782328,0.021752983584045718,35.470422124520205,0.2421556519998927,16.518301212320132
972,2.0,0.15,0.05024615965142736,30.0,3.5046428626636263,NACA2412,True,0.0,-38.84537079430986,-0.6680882154131499,0.01705278357718953,0.6680882154131499,0.01705278357718953,38.84537079430986,0.20024615965142736,19.97541429490025
973,1.9917860410267956,0.15,0.05070300676970767,26.87521422530686,3.819183495276592,NACA4412,True,0.0,-39.036666099351805,-0.8766376523257772,0.02327444823919793,0.8766376523257772,0.02327444823919793,39.036666099351805,0.19987872363800507,19.848093689121733
974,1.9319331122750156,0.15,0.052871035884606836,30.0,3.9040859725789345,NACA4412,True,0.0,-38.3053318489194,-0.8538011854479853,0.023076827066333554,0.8538011854479853,0.023076827066333554,38.3053318489194,0.19596663587350244,19.04592347400346
975,1.998259605982739,0.16273292497755937,0.05,30.0,2.4161714040027777,NACA2412,True,0.0,-36.94346087453879,-0.6175687989589815,0.01636325639453273,0.6175687989589815,0.01636325639453273,36.94346087453879,0.21254780542260668,18.78655695815333
976,2.0,0.15,0.05,0.0,1.0799401594959337,NACA4412,True,0.0,-38.868777292944415,-0.8379322496095224,0.022269572653257103,0.8379322496095224,0.022269572653257103,38.868777292944415,0.2,20.0
977,1.9996466564980298,0.15,0.06573996565576773,30.0,4.444615124605081,NACA4412,True,0.0,-37.52783187574644,-0.8746693593219842,0.024232507421827188,0.8746693593219842,0.024232507421827188,37.52783187574644,0.21570185049827784,18.537563500762243
978,2.0,0.15,0.06966612952031484,29.15050334912166,4.857295218454043,NACA4412,True,0.0,-36.89185756918224,-0.8974986229272487,0.025390103998355163,0.8974986229272487,0.025390103998355163,36.89185756918224,0.21966612952031483,18.209452721431404
979,2.0,0.15,0.05726832592161495,30.0,1.698937447431224,NACA4412,True,0.0,-38.83139985913583,-0.7601717776920753,0.019940441635717315,0.7601717776920753,0.019940441635717315,38.83139985913583,0.20726832592161495,19.298655413045243
980,1.8875143892969957,0.15,0.053285967060523076,28.407736463974597,4.332801313253274,NACA4412,True,0.0,-37.46764319718164,-0.8822922332023587,0.024518045034922203,0.8822922332023587,0.024518045034922203,37.46764319718164,0.19185259398444618,18.57004117490351
981,2.0,0.15,0.05,28.938156018519273,1.5990210737156416,NACA4412,True,0.0,-39.54423705978697,-0.765659316349392,0.019688826274662855,0.765659316349392,0.019688826274662855,39.54423705978697,0.2,20.0
982,2.0,0.15,0.0755539151039168,29.28330559347138,3.832814401879358,NACA4412,True,0.0,-36.67435545465805,-0.8501132521642581,0.02411609487202268,0.8501132521642581,0.02411609487202268,36.67435545465805,0.2255539151039168,17.734119126937465
983,2.0,0.15,0.05076912416870547,29.341041184921423,3.5357756996890077,NACA2412,True,0.0,-38.81055727543477,-0.6732569048213713,0.017225903000455095,0.6732569048213713,0.017225903000455095,38.81055727543477,0.20076912416870546,19.923382226037987
984,2.0,0.15,0.05003279081407592,28.877908932642978,2.7008867042143576,NACA4412,True,0.0,-39.54424953827468,-0.8140128092739313,0.021122852657194335,0.8140128092739313,0.021122852657194335,39.54424953827468,0.2000327908140759,19.996721456123023
985,2.0,0.15,0.051169638048383065,29.85535079571578,3.285431890379828,NACA4412,True,0.0,-39.40412729668545,-0.8317417854773894,0.021723642018520395,0.8317417854773894,0.021723642018520395,39.40412729668545,0.20116963804838306,19.883716244684823
986,1.9991016468299097,0.15,0.05039523803549482,26.191790077867584,2.9449031070432423,NACA4412,True,0.0,-39.30689579028868,-0.8429115115936114,0.022121094845675843,0.8429115115936114,0.022121094845675843,39.30689579028868,0.2003052251868147,19.951588335405663
987,1.972943640229949,0.15,0.05,30.0,2.6965245413790386,NACA4412,True,0.0,-39.30838643155235,-0.8046962918965727,0.020991004649437168,0.8046962918965727,0.020991004649437168,39.30838643155235,0.1972943640229949,19.729436402299488
988,2.0,0.15,0.05015311004538023,30.0,2.9626155709914683,NACA4412,True,0.0,-39.57129946876558,-0.8171258805671097,0.02119614102000311,0.8171258805671097,0.02119614102000311,39.57129946876558,0.20015311004538022,19.984700707838563
989,2.0,0.15,0.05,22.166547053938853,1.9139831730513408,NACA4412,True,0.0,-39.27825105112499,-0.8202767047216749,0.02147363507474045,0.8202767047216749,0.02147363507474045,39.27825105112499,0.2,20.0
990,1.9944009469787927,0.15,0.07301548405596438,29.957147966723408,2.3351287528610785,NACA0012,True,0.0,-30.551505455509623,-0.4407420201628003,0.012891784988961359,0.4407420201628003,0.012891784988961359,30.551505455509623,0.2223911462960746,17.885762106798914
991,2.0,0.15,0.07963398606771716,30.0,2.322948057470346,NACA4412,True,0.0,-36.656995651662925,-0.7789456746497508,0.021902080773742578,0.7789456746497508,0.021902080773742578,36.656995651662925,0.22963398606771715,17.419024372204355
992,2.0,0.15,0.06581713845277605,29.929419862894264,3.3711007965346558,NACA4412,True,0.0,-37.81799562513323,-0.8292574193639738,0.02267412488212271,0.8292574193639738,0.02267412488212271,37.81799562513323,0.21581713845277606,18.534209232299958
993,1.9677290116399875,0.15,0.07868490361378978,29.921723723699795,2.4791199127940557,NACA4412,True,0.0,-36.3797038526559,-0.785135075884801,0.02229017477397993,0.785135075884801,0.02229017477397993,36.3797038526559,0.22499495968247418,17.209085344462874
994,2.0,0.15,0.10245267581533907,30.0,4.898633981270914,NACA0012,True,0.0,-32.65479019386574,-0.5426992034953876,0.015946100759693254,0.5426992034953876,0.015946100759693254,32.65479019386574,0.25245267581533903,15.84455378451156
995,2.0,0.15,0.05431267139191309,16.10414691713648,0.0022884182607041392,NACA0012,True,0.0,-26.587586925860606,-0.3779191519818102,0.011752120097991868,0.3779191519818102,0.011752120097991868,26.587586925860606,0.2043126713919131,19.57783613101113
996,1.9239503975568872,0.15,0.06531948632664711,30.0,4.668056168359353,NACA2412,True,0.0,-37.104634410429206,-0.7104733282123128,0.019402022855203274,0.7104733282123128,0.019402022855203274,37.104634410429206,0.20713200565994871,17.87065750879777
997,1.964608278740358,0.1500222574889156,0.05004354444855913,27.821718556932023,1.173506471811345,NACA4412,True,0.0,-39.06230320081493,-0.7530066721433135,0.019575850910271888,0.7530066721433135,0.019575850910271888,39.06230320081493,0.1965254653895958,19.639621161785005
998,1.9999121237132373,0.15,0.05,19.235896986802025,1.9425977352473884,NACA2412,True,0.0,-37.75553049803724,-0.6496424806765363,0.016837068563479694,0.6496424806765363,0.016837068563479694,37.75553049803724,0.19999121237132375,19.99912123713237
999,1.8361015213287493,0.15,0.05001404794439329,18.8211028505659,1.7902976730291233,NACA4412,True,0.0,-37.28754696620826,-0.8234196442841082,0.02289389119635871,0.8234196442841082,0.02289389119635871,37.28754696620826,0.18362304885891095,18.35972563126377
